Id_survey,Id_survey_no_dc,Id_group,Institution_name,Uniq_db,Date,Year_grp,Year,Month,Day,Julian_day,Sampling_day,Pc_start,Pc_length,N_samp_periods,N_reps,Rep_year_grp,Season,Rep_season,Spp_obs,Registered_by,Noise,Weather,Cows_50m,Canopy_cover,Canopy_height_m
C-MB-A-ED_01,MB-A-ED_01,C-MB-A-ED,Cipav,Cipav mbd,2017-11-04,16-17,2017,11,4,308,89,06:16:00,00:30:00,1,1,1,Early,1,1,"Alexander Velasquez, Amadeo Perdomo",NA,NA,NA,21.8635595266845,5.6
C-MB-A-ED_02,MB-A-ED_02,C-MB-A-ED,Cipav,Cipav mbd,2017-11-04,16-17,2017,11,4,308,89,07:27:00,00:08:00,1,1,1,Early,1,1,"Alexander Velasquez, Amadeo Perdomo",NA,NA,NA,20.93789270178833,6.3
C-MB-A-ED_03,MB-A-ED_03,C-MB-A-ED,Cipav,Cipav mbd,2017-11-04,16-17,2017,11,4,308,89,07:44:00,00:18:00,1,1,1,Early,1,1,"Alexander Velasquez, Amadeo Perdomo",NA,NA,NA,21.405940594059448,6.7
C-MB-A-ED_04,MB-A-ED_04,C-MB-A-ED,Cipav,Cipav mbd,2017-11-04,16-17,2017,11,4,308,89,08:03:00,00:22:00,1,1,1,Early,1,1,"Alexander Velasquez, Amadeo Perdomo",NA,NA,NA,22.39782345828297,7.7
C-MB-A-LF_01,MB-A-LF_01,C-MB-A-LF,Cipav,Cipav mbd,2016-11-28,16-17,2016,11,28,333,63,06:24:00,01:30:00,1,1,1,Early,1,1,"Alexander Velasquez, Amadeo Perdomo",NA,NA,NA,59.357367529639625,14.3
C-MB-A-LF_02,MB-A-LF_02,C-MB-A-LF,Cipav,Cipav mbd,2016-11-28,16-17,2016,11,28,333,63,07:59:00,00:15:00,1,1,1,Early,1,1,"Alexander Velasquez, Amadeo Perdomo",NA,NA,NA,52.1720637989367,10.7
C-MB-A-LF_03,MB-A-LF_03,C-MB-A-LF,Cipav,Cipav mbd,2016-11-28,16-17,2016,11,28,333,63,08:26:00,00:11:00,1,1,1,Early,1,1,"Alexander Velasquez, Amadeo Perdomo",NA,NA,NA,41.0809374244987,9.4
C-MB-A-LF_04,MB-A-LF_04,C-MB-A-LF,Cipav,Cipav mbd,2016-11-28,16-17,2016,11,28,333,63,08:59:00,00:12:00,1,1,1,Early,1,1,"Alexander Velasquez, Amadeo Perdomo",NA,NA,NA,29.876328502415458,7
C-MB-A-VE_01,MB-A-VE_01,C-MB-A-VE,Cipav,Cipav mbd,2016-11-29,16-17,2016,11,29,334,64,06:27:00,00:26:00,1,1,1,Early,1,1,"Alexander Velasquez, Amadeo Perdomo",NA,NA,NA,40.83723738227472,10.3
C-MB-A-VE_02,MB-A-VE_02,C-MB-A-VE,Cipav,Cipav mbd,2016-11-29,16-17,2016,11,29,334,64,08:55:00,00:25:00,1,1,1,Early,1,1,"Alexander Velasquez, Amadeo Perdomo",NA,NA,NA,36.9903404974641,7.2
C-MB-A-VE_03,MB-A-VE_03,C-MB-A-VE,Cipav,Cipav mbd,2016-11-29,16-17,2016,11,29,334,64,07:47:00,00:21:00,1,1,1,Early,1,1,"Alexander Velasquez, Amadeo Perdomo",NA,NA,NA,33.91342200725482,9.5
C-MB-A-VE_04,MB-A-VE_04,C-MB-A-VE,Cipav,Cipav mbd,2016-11-29,16-17,2016,11,29,334,64,08:29:00,00:04:00,1,1,1,Early,1,1,"Alexander Velasquez, Amadeo Perdomo",NA,NA,NA,31.05940594059403,3.6
C-MB-B-LEST_01,MB-B-LEST_01,C-MB-B-LEST,Cipav,Cipav mbd,2017-04-07,16-17,2017,4,7,97,1,06:32:00,00:26:00,1,1,1,Early,1,1,"Alexander Velasquez, Amadeo Perdomo",NA,NA,NA,38.08514803034084,14.2
C-MB-B-LEST_02,MB-B-LEST_02,C-MB-B-LEST,Cipav,Cipav mbd,2017-04-07,16-17,2017,4,7,97,1,07:00:00,00:21:00,1,1,1,Early,1,1,"Alexander Velasquez, Amadeo Perdomo",NA,NA,NA,36.90926876986905,9
C-MB-B-LEST_03,MB-B-LEST_03,C-MB-B-LEST,Cipav,Cipav mbd,2017-04-07,16-17,2017,4,7,97,1,09:41:00,00:08:00,1,1,1,Early,1,1,"Alexander Velasquez, Amadeo Perdomo",NA,NA,NA,35.3717008797648,13.1
C-MB-B-LEST_04,MB-B-LEST_04,C-MB-B-LEST,Cipav,Cipav mbd,2017-04-07,16-17,2017,4,7,97,1,09:51:00,00:05:00,1,1,1,Early,1,1,"Alexander Velasquez, Amadeo Perdomo",NA,NA,NA,39.372616136919106,17.9
C-MB-B-LES_01,MB-B-LES_01,C-MB-B-LES,Cipav,Cipav mbd,2017-04-07,16-17,2017,4,7,97,1,10:00:00,00:26:00,1,1,1,Early,1,1,"Alexander Velasquez, Amadeo Perdomo",NA,NA,NA,3.4617647058824854,0
C-MB-B-LES_02,MB-B-LES_02,C-MB-B-LES,Cipav,Cipav mbd,2017-04-07,16-17,2017,4,7,97,1,10:29:00,00:17:00,1,1,1,Early,1,1,"Alexander Velasquez, Amadeo Perdomo",NA,NA,NA,2.614950980392187,0
C-MB-B-LES_03,MB-B-LES_03,C-MB-B-LES,Cipav,Cipav mbd,2017-04-07,16-17,2017,4,7,97,1,05:50:00,00:18:00,1,1,1,Early,1,1,"Alexander Velasquez, Amadeo Perdomo",NA,NA,NA,2.2019583843328703,13.7
C-MB-B-LES_04,MB-B-LES_04,C-MB-B-LES,Cipav,Cipav mbd,2017-04-07,16-17,2017,4,7,97,1,06:10:00,00:19:00,1,1,1,Early,1,1,"Alexander Velasquez, Amadeo Perdomo",NA,NA,NA,1.98749999999992,0
C-MB-B-LM_01,MB-B-LM_01,C-MB-B-LM,Cipav,Cipav mbd,2017-08-08,16-17,2017,8,8,220,1,07:15:00,00:17:00,1,1,1,Early,1,1,"Alexander Velasquez, Amadeo Perdomo",NA,NA,NA,13.576565557729664,11.6
C-MB-B-LM_02,MB-B-LM_02,C-MB-B-LM,Cipav,Cipav mbd,2017-08-08,16-17,2017,8,8,220,1,06:19:00,00:08:00,1,1,1,Early,1,1,"Alexander Velasquez, Amadeo Perdomo",NA,NA,NA,8.853264856933308,0
C-MB-B-LM_03,MB-B-LM_03,C-MB-B-LM,Cipav,Cipav mbd,2017-08-08,16-17,2017,8,8,220,1,09:07:00,00:27:00,1,1,1,Early,1,1,"Alexander Velasquez, Amadeo Perdomo",NA,NA,NA,7.111491442542506,0
C-MB-B-LM_04,MB-B-LM_04,C-MB-B-LM,Cipav,Cipav mbd,2017-08-08,16-17,2017,8,8,220,1,09:52:00,00:06:00,1,1,1,Early,1,1,"Alexander Velasquez, Amadeo Perdomo",NA,NA,NA,6.148347613218798,0
C-MB-B-LP_01,MB-B-LP_01,C-MB-B-LP,Cipav,Cipav mbd,2017-08-09,16-17,2017,8,9,221,2,06:47:00,00:10:00,1,1,1,Early,1,1,"Alexander Velasquez, Amadeo Perdomo",NA,NA,NA,48.16801173881148,0
C-MB-B-LP_02,MB-B-LP_02,C-MB-B-LP,Cipav,Cipav mbd,2017-08-09,16-17,2017,8,9,221,2,07:21:00,00:00:00,1,1,1,Early,1,1,"Alexander Velasquez, Amadeo Perdomo",NA,NA,NA,47.372678396871855,16.6
C-MB-B-LP_03,MB-B-LP_03,C-MB-B-LP,Cipav,Cipav mbd,2017-08-09,16-17,2017,8,9,221,2,08:15:00,00:27:00,1,1,1,Early,1,1,"Alexander Velasquez, Amadeo Perdomo",NA,NA,NA,43.54712362301072,0
C-MB-B-LP_04,MB-B-LP_04,C-MB-B-LP,Cipav,Cipav mbd,2017-08-09,16-17,2017,8,9,221,2,09:37:00,00:31:00,1,1,1,Early,1,1,"Alexander Velasquez, Amadeo Perdomo",NA,NA,NA,44.12744618395307,0
C-MB-BL-EP_01,MB-BL-EP_01,C-MB-BL-EP,Cipav,Cipav mbd,2016-11-30,16-17,2016,11,30,335,65,08:49:00,00:20:00,1,1,1,Early,1,1,"Alexander Velasquez, Amadeo Perdomo",NA,NA,NA,5.3475417776700915,0
C-MB-BL-EP_02,MB-BL-EP_02,C-MB-BL-EP,Cipav,Cipav mbd,2016-11-30,16-17,2016,11,30,335,65,08:21:00,00:21:00,1,1,1,Early,1,1,"Alexander Velasquez, Amadeo Perdomo",NA,NA,NA,5.114631197097993,2
C-MB-BL-EP_03,MB-BL-EP_03,C-MB-BL-EP,Cipav,Cipav mbd,2016-11-30,16-17,2016,11,30,335,65,07:44:00,00:21:00,1,1,1,Early,1,1,"Alexander Velasquez, Amadeo Perdomo",NA,NA,NA,5.1866504854368305,0
C-MB-BL-EP_04,MB-BL-EP_04,C-MB-BL-EP,Cipav,Cipav mbd,2016-11-30,16-17,2016,11,30,335,65,06:57:00,00:21:00,1,1,1,Early,1,1,"Alexander Velasquez, Amadeo Perdomo",NA,NA,NA,5.37194679564691,0
C-MB-CD-LMO_01,MB-CD-LMO_01,C-MB-CD-LMO,Cipav,Cipav mbd,2016-09-27,16-17,2016,9,27,271,1,06:04:00,00:23:00,1,1,1,Early,1,1,"Alexander Velasquez, Amadeo Perdomo",NA,NA,NA,58.386552567237096,10.3
C-MB-CD-LMO_02,MB-CD-LMO_02,C-MB-CD-LMO,Cipav,Cipav mbd,2016-09-27,16-17,2016,9,27,271,1,06:50:00,00:25:00,1,1,1,Early,1,1,"Alexander Velasquez, Amadeo Perdomo",NA,NA,NA,58.458619000979354,6.4
C-MB-CD-LMO_03,MB-CD-LMO_03,C-MB-CD-LMO,Cipav,Cipav mbd,2016-09-27,16-17,2016,9,27,271,1,08:02:00,00:12:00,1,1,1,Early,1,1,"Alexander Velasquez, Amadeo Perdomo",NA,NA,NA,57.89300613496939,5.2
C-MB-CD-LMO_04,MB-CD-LMO_04,C-MB-CD-LMO,Cipav,Cipav mbd,2016-09-27,16-17,2016,9,27,271,1,08:17:00,00:21:00,1,1,1,Early,1,1,"Alexander Velasquez, Amadeo Perdomo",NA,NA,NA,57.45300613496941,9.2
C-MB-CS-CA_01,MB-CS-CA_01,C-MB-CS-CA,Cipav,Cipav mbd,2016-10-17,16-17,2016,10,17,291,21,06:33:00,00:36:00,1,1,1,Early,1,1,"Alexander Velasquez, Amadeo Perdomo",NA,NA,NA,19.15431201550393,0
C-MB-CS-CA_02,MB-CS-CA_02,C-MB-CS-CA,Cipav,Cipav mbd,2016-10-17,16-17,2016,10,17,291,21,07:30:00,00:20:00,1,1,1,Early,1,1,"Alexander Velasquez, Amadeo Perdomo",NA,NA,NA,20.766328011611268,0
C-MB-CS-CA_03,MB-CS-CA_03,C-MB-CS-CA,Cipav,Cipav mbd,2016-10-17,16-17,2016,10,17,291,21,08:20:00,00:16:00,1,1,1,Early,1,1,"Alexander Velasquez, Amadeo Perdomo",NA,NA,NA,20.925030229745804,4
C-MB-CS-CA_04,MB-CS-CA_04,C-MB-CS-CA,Cipav,Cipav mbd,2016-10-17,16-17,2016,10,17,291,21,08:48:00,00:11:00,1,1,1,Early,1,1,"Alexander Velasquez, Amadeo Perdomo",NA,NA,NA,24.402851619139913,0
C-MB-CS-LD2_01,MB-CS-LD2_01,C-MB-CS-LD2,Cipav,Cipav mbd,2016-10-19,16-17,2016,10,19,293,23,07:45:00,00:18:00,1,1,1,Early,1,1,"Alexander Velasquez, Amadeo Perdomo",NA,NA,NA,64.07513330101817,11.6
C-MB-CS-LD2_02,MB-CS-LD2_02,C-MB-CS-LD2,Cipav,Cipav mbd,2016-10-19,16-17,2016,10,19,293,23,08:06:00,00:28:00,1,1,1,Early,1,1,"Alexander Velasquez, Amadeo Perdomo",NA,NA,NA,58.828219376661195,0
C-MB-CS-LD2_03,MB-CS-LD2_03,C-MB-CS-LD2,Cipav,Cipav mbd,2016-10-19,16-17,2016,10,19,293,23,08:36:00,00:35:00,1,1,1,Early,1,1,"Alexander Velasquez, Amadeo Perdomo",NA,NA,NA,57.22783280985748,7.8
C-MB-CS-LD2_04,MB-CS-LD2_04,C-MB-CS-LD2,Cipav,Cipav mbd,2016-10-19,16-17,2016,10,19,293,23,09:13:00,00:16:00,1,1,1,Early,1,1,"Alexander Velasquez, Amadeo Perdomo",NA,NA,NA,53.307859733978134,8.2
C-MB-CS-LL_01,MB-CS-LL_01,C-MB-CS-LL,Cipav,Cipav mbd,2017-11-06,16-17,2017,11,6,310,91,06:42:00,00:28:00,1,1,1,Early,1,1,"Alexander Velasquez, Amadeo Perdomo",NA,NA,NA,65.64283983523153,14.5
C-MB-CS-LL_02,MB-CS-LL_02,C-MB-CS-LL,Cipav,Cipav mbd,2017-11-06,16-17,2017,11,6,310,91,07:31:00,00:27:00,1,1,1,Early,1,1,"Alexander Velasquez, Amadeo Perdomo",NA,NA,NA,45.215306369581455,9.4
C-MB-CS-LL_03,MB-CS-LL_03,C-MB-CS-LL,Cipav,Cipav mbd,2017-11-06,16-17,2017,11,6,310,91,08:47:00,00:10:00,1,1,1,Early,1,1,"Alexander Velasquez, Amadeo Perdomo",NA,NA,NA,32.711716091393555,4.2
C-MB-CS-LL_04,MB-CS-LL_04,C-MB-CS-LL,Cipav,Cipav mbd,2017-11-06,16-17,2017,11,6,310,91,09:02:00,00:27:00,1,1,1,Early,1,1,"Alexander Velasquez, Amadeo Perdomo",NA,NA,NA,22.614192298376125,9.5
C-MB-CS-PV_01,MB-CS-PV_01,C-MB-CS-PV,Cipav,Cipav mbd,2017-11-07,16-17,2017,11,7,311,92,06:44:00,00:20:00,1,1,1,Early,1,1,"Alexander Velasquez, Amadeo Perdomo",NA,NA,NA,20.16166505324285,2
C-MB-CS-PV_02,MB-CS-PV_02,C-MB-CS-PV,Cipav,Cipav mbd,2017-11-07,16-17,2017,11,7,311,92,07:40:00,00:29:00,1,1,1,Early,1,1,"Alexander Velasquez, Amadeo Perdomo",NA,NA,NA,26.970716360116253,0
C-MB-CS-PV_03,MB-CS-PV_03,C-MB-CS-PV,Cipav,Cipav mbd,2017-11-07,16-17,2017,11,7,311,92,08:10:00,00:17:00,1,1,1,Early,1,1,"Alexander Velasquez, Amadeo Perdomo",NA,NA,NA,32.852812803104456,0
C-MB-CS-PV_04,MB-CS-PV_04,C-MB-CS-PV,Cipav,Cipav mbd,2017-11-07,16-17,2017,11,7,311,92,08:38:00,00:25:00,1,1,1,Early,1,1,"Alexander Velasquez, Amadeo Perdomo",NA,NA,NA,37.86398838334808,5.2
C-MB-CS-SI_01,MB-CS-SI_01,C-MB-CS-SI,Cipav,Cipav mbd,2016-10-16,16-17,2016,10,16,290,20,10:50:00,00:22:00,1,1,1,Early,1,1,"Alexander Velasquez, Amadeo Perdomo",NA,NA,NA,46.17070805043699,11.4
C-MB-CS-SI_02,MB-CS-SI_02,C-MB-CS-SI,Cipav,Cipav mbd,2016-10-16,16-17,2016,10,16,290,20,07:50:00,00:22:00,1,1,1,Early,1,1,"Alexander Velasquez, Amadeo Perdomo",NA,NA,NA,46.80261564543456,8.8
C-MB-CS-SI_03,MB-CS-SI_03,C-MB-CS-SI,Cipav,Cipav mbd,2016-10-16,16-17,2016,10,16,290,20,09:21:00,00:24:00,1,1,1,Early,1,1,"Alexander Velasquez, Amadeo Perdomo",NA,NA,NA,46.27972874788051,9.6
C-MB-CS-SI_04,MB-CS-SI_04,C-MB-CS-SI,Cipav,Cipav mbd,2016-10-16,16-17,2016,10,16,290,20,09:01:00,00:20:00,1,1,1,Early,1,1,"Alexander Velasquez, Amadeo Perdomo",NA,NA,NA,46.99732620320826,12.4
C-MB-G-LO_01,MB-G-LO_01,C-MB-G-LO,Cipav,Cipav mbd,2016-10-15,16-17,2016,10,15,289,19,06:28:00,00:25:00,1,1,1,Early,1,1,"Alexander Velasquez, Amadeo Perdomo",NA,NA,NA,26.817193914513,0
C-MB-G-LO_02,MB-G-LO_02,C-MB-G-LO,Cipav,Cipav mbd,2016-10-15,16-17,2016,10,15,289,19,07:29:00,00:20:00,1,1,1,Early,1,1,"Alexander Velasquez, Amadeo Perdomo",NA,NA,NA,32.83200579290456,2
C-MB-G-LO_03,MB-G-LO_03,C-MB-G-LO,Cipav,Cipav mbd,2016-10-15,16-17,2016,10,15,289,19,08:48:00,00:21:00,1,1,1,Early,1,1,"Alexander Velasquez, Amadeo Perdomo",NA,NA,NA,33.535912938332494,0
C-MB-G-LO_04,MB-G-LO_04,C-MB-G-LO,Cipav,Cipav mbd,2016-10-15,16-17,2016,10,15,289,19,09:19:00,00:17:00,1,1,1,Early,1,1,"Alexander Velasquez, Amadeo Perdomo",NA,NA,NA,32.783187984496074,0
C-MB-G-LO_05,MB-G-LO_05,C-MB-G-LO,Cipav,Cipav mbd,2016-10-15,16-17,2016,10,15,289,19,09:42:00,00:15:00,1,1,1,Early,1,1,"Alexander Velasquez, Amadeo Perdomo",NA,NA,NA,49.0623941958875,7.3
C-MB-G-LP_01,MB-G-LP_01,C-MB-G-LP,Cipav,Cipav mbd,2016-10-18,16-17,2016,10,18,292,22,06:10:00,01:02:00,1,1,1,Early,1,1,"Alexander Velasquez, Amadeo Perdomo",NA,NA,NA,27.86566440349197,9.5
C-MB-G-LP_02,MB-G-LP_02,C-MB-G-LP,Cipav,Cipav mbd,2016-10-18,16-17,2016,10,18,292,22,07:52:00,01:06:00,1,1,1,Early,1,1,"Alexander Velasquez, Amadeo Perdomo",NA,NA,NA,34.259097525472804,7.9
C-MB-G-LP_03,MB-G-LP_03,C-MB-G-LP,Cipav,Cipav mbd,2016-10-18,16-17,2016,10,18,292,22,08:58:00,00:28:00,1,1,1,Early,1,1,"Alexander Velasquez, Amadeo Perdomo",NA,NA,NA,30.690355329949423,0
C-MB-G-LP_04,MB-G-LP_04,C-MB-G-LP,Cipav,Cipav mbd,2016-10-18,16-17,2016,10,18,292,22,09:26:00,00:35:00,1,1,1,Early,1,1,"Alexander Velasquez, Amadeo Perdomo",NA,NA,NA,24.863460608990017,11
C-MB-M-C_01,MB-M-C_01,C-MB-M-C,Cipav,Cipav mbd,2017-11-03,16-17,2017,11,3,307,88,05:50:00,00:26:00,1,1,1,Early,1,1,"Alexander Velasquez, Amadeo Perdomo",NA,NA,NA,16.10139945985736,4.8
C-MB-M-C_02,MB-M-C_02,C-MB-M-C,Cipav,Cipav mbd,2017-11-03,16-17,2017,11,3,307,88,06:31:00,00:12:00,1,1,1,Early,1,1,"Alexander Velasquez, Amadeo Perdomo",NA,NA,NA,16.277682298060835,0
C-MB-M-C_03,MB-M-C_03,C-MB-M-C,Cipav,Cipav mbd,2017-11-03,16-17,2017,11,3,307,88,07:09:00,00:20:00,1,1,1,Early,1,1,"Alexander Velasquez, Amadeo Perdomo",NA,NA,NA,15.596474045053752,11.2
C-MB-M-C_04,MB-M-C_04,C-MB-M-C,Cipav,Cipav mbd,2017-11-03,16-17,2017,11,3,307,88,07:34:00,00:41:00,1,1,1,Early,1,1,"Alexander Velasquez, Amadeo Perdomo",NA,NA,NA,16.34249263984281,18.5
C-MB-M-EPO2_01,MB-M-EPO2_01,C-MB-M-EPO2,Cipav,Cipav mbd,2016-11-01,16-17,2016,11,1,306,36,06:40:00,00:20:00,1,1,1,Early,1,1,"Alexander Velasquez, Amadeo Perdomo",NA,NA,NA,38.02476704266721,21.9
C-MB-M-EPO2_02,MB-M-EPO2_02,C-MB-M-EPO2,Cipav,Cipav mbd,2016-10-31,16-17,2016,10,31,305,35,07:05:00,00:13:00,1,1,1,Early,1,1,"Alexander Velasquez, Amadeo Perdomo",NA,NA,NA,34.46231279155363,16.8
C-MB-M-EPO2_03,MB-M-EPO2_03,C-MB-M-EPO2,Cipav,Cipav mbd,2016-10-31,16-17,2016,10,31,305,35,07:50:00,00:19:00,1,1,1,Early,1,1,"Alexander Velasquez, Amadeo Perdomo",NA,NA,NA,28.439538876625477,0
C-MB-M-EPO2_04,MB-M-EPO2_04,C-MB-M-EPO2,Cipav,Cipav mbd,2016-10-31,16-17,2016,10,31,305,35,06:10:00,00:20:00,1,1,1,Early,1,1,"Alexander Velasquez, Amadeo Perdomo",NA,NA,NA,23.37723816531737,0
C-MB-M-NC_01,MB-M-NC_01,C-MB-M-NC,Cipav,Cipav mbd,2016-10-30,16-17,2016,10,30,304,34,07:00:00,00:25:00,1,1,1,Early,1,1,"Alexander Velasquez, Amadeo Perdomo",NA,NA,NA,25.882960413080877,11.1
C-MB-M-NC_02,MB-M-NC_02,C-MB-M-NC,Cipav,Cipav mbd,2016-10-30,16-17,2016,10,30,304,34,06:20:00,00:26:00,1,1,1,Early,1,1,"Alexander Velasquez, Amadeo Perdomo",NA,NA,NA,24.468158347676457,17.9
C-MB-M-NC_03,MB-M-NC_03,C-MB-M-NC,Cipav,Cipav mbd,2016-10-30,16-17,2016,10,30,304,34,07:40:00,00:26:00,1,1,1,Early,1,1,"Alexander Velasquez, Amadeo Perdomo",NA,NA,NA,26.93413320274235,9.6
C-MB-M-NC_04,MB-M-NC_04,C-MB-M-NC,Cipav,Cipav mbd,2016-10-30,16-17,2016,10,30,304,34,09:20:00,00:15:00,1,1,1,Early,1,1,"Alexander Velasquez, Amadeo Perdomo",NA,NA,NA,23.563314482419457,15.2
C-MB-M-S_01,MB-M-S_01,C-MB-M-S,Cipav,Cipav mbd,2017-11-02,16-17,2017,11,2,306,87,06:19:00,00:20:00,1,1,1,Early,1,1,"Alexander Velasquez, Amadeo Perdomo",NA,NA,NA,27.247546614327973,14.5
C-MB-M-S_02,MB-M-S_02,C-MB-M-S,Cipav,Cipav mbd,2017-11-02,16-17,2017,11,2,306,87,07:02:00,00:17:00,1,1,1,Early,1,1,"Alexander Velasquez, Amadeo Perdomo",NA,NA,NA,31.07660201325809,0
C-MB-M-S_03,MB-M-S_03,C-MB-M-S,Cipav,Cipav mbd,2017-11-02,16-17,2017,11,2,306,87,07:32:00,00:23:00,1,1,1,Early,1,1,"Alexander Velasquez, Amadeo Perdomo",NA,NA,NA,30.522080471049968,0
C-MB-M-S_04,MB-M-S_04,C-MB-M-S,Cipav,Cipav mbd,2017-11-02,16-17,2017,11,2,306,87,07:27:00,00:36:00,1,1,1,Early,1,1,"Alexander Velasquez, Amadeo Perdomo",NA,NA,NA,30.951387183894155,0
C-MB-R-LES_01,MB-R-LES_01,C-MB-R-LES,Cipav,Cipav mbd,2016-09-28,16-17,2016,9,28,272,2,06:14:00,00:23:00,1,1,1,Early,1,1,"Alexander Velasquez, Amadeo Perdomo",NA,NA,NA,64.3340675477241,19
C-MB-R-LES_02,MB-R-LES_02,C-MB-R-LES,Cipav,Cipav mbd,2016-09-28,16-17,2016,9,28,272,2,07:01:00,00:26:00,1,1,1,Early,1,1,"Alexander Velasquez, Amadeo Perdomo",NA,NA,NA,64.52056807051935,20.4
C-MB-R-LES_03,MB-R-LES_03,C-MB-R-LES,Cipav,Cipav mbd,2016-09-28,16-17,2016,9,28,272,2,07:55:00,00:15:00,1,1,1,Early,1,1,"Alexander Velasquez, Amadeo Perdomo",NA,NA,NA,64.554765988728,17
C-MB-R-LES_04,MB-R-LES_04,C-MB-R-LES,Cipav,Cipav mbd,2016-09-28,16-17,2016,9,28,272,2,07:37:00,00:13:00,1,1,1,Early,1,1,"Alexander Velasquez, Amadeo Perdomo",NA,NA,NA,63.776331942057,12.1
C-MB-S-BA_01,MB-S-BA_01,C-MB-S-BA,Cipav,Cipav mbd,2017-04-10,16-17,2017,4,10,100,4,07:41:00,00:19:00,1,1,1,Early,1,1,"Alexander Velasquez, Amadeo Perdomo",NA,NA,NA,47.442326490714,19.8
C-MB-S-BA_02,MB-S-BA_02,C-MB-S-BA,Cipav,Cipav mbd,2017-04-10,16-17,2017,4,10,100,4,06:05:00,00:14:00,1,1,1,Early,1,1,"Alexander Velasquez, Amadeo Perdomo",NA,NA,NA,49.20356793743905,17.8
C-MB-S-BA_03,MB-S-BA_03,C-MB-S-BA,Cipav,Cipav mbd,2017-04-10,16-17,2017,4,10,100,4,06:27:00,00:09:00,1,1,1,Early,1,1,"Alexander Velasquez, Amadeo Perdomo",NA,NA,NA,49.65672371638129,14.3
C-MB-S-BA_04,MB-S-BA_04,C-MB-S-BA,Cipav,Cipav mbd,2017-04-10,16-17,2017,4,10,100,4,06:40:00,00:29:00,1,1,1,Early,1,1,"Alexander Velasquez, Amadeo Perdomo",NA,NA,NA,50.2890625,19.4
C-MB-S-LR_01,MB-S-LR_01,C-MB-S-LR,Cipav,Cipav mbd,2017-04-11,16-17,2017,4,11,101,5,07:39:00,00:15:00,1,1,1,Early,1,1,"Alexander Velasquez, Amadeo Perdomo",NA,NA,NA,67.0364392271949,20.6
C-MB-S-LR_02,MB-S-LR_02,C-MB-S-LR,Cipav,Cipav mbd,2017-04-11,16-17,2017,4,11,101,5,07:17:00,00:14:00,1,1,1,Early,1,1,"Alexander Velasquez, Amadeo Perdomo",NA,NA,NA,66.59530791788828,22.1
C-MB-S-LR_03,MB-S-LR_03,C-MB-S-LR,Cipav,Cipav mbd,2017-04-11,16-17,2017,4,11,101,5,06:13:00,00:26:00,1,1,1,Early,1,1,"Alexander Velasquez, Amadeo Perdomo",NA,NA,NA,65.82416238689108,18.9
C-MB-S-LR_04,MB-S-LR_04,C-MB-S-LR,Cipav,Cipav mbd,2017-04-11,16-17,2017,4,11,101,5,08:25:00,00:24:00,1,1,1,Early,1,1,"Alexander Velasquez, Amadeo Perdomo",NA,NA,NA,66.00537634408583,19
C-MB-S-V_01,MB-S-V_01,C-MB-S-V,Cipav,Cipav mbd,2017-04-09,16-17,2017,4,9,99,3,06:35:00,00:21:00,1,1,1,Early,1,1,"Alexander Velasquez, Amadeo Perdomo",NA,NA,NA,52.117503059975725,13.6
C-MB-S-V_02,MB-S-V_02,C-MB-S-V,Cipav,Cipav mbd,2017-04-09,16-17,2017,4,9,99,3,07:10:00,00:23:00,1,1,1,Early,1,1,"Alexander Velasquez, Amadeo Perdomo",NA,NA,NA,48.12829912023442,5.6
C-MB-S-V_03,MB-S-V_03,C-MB-S-V,Cipav,Cipav mbd,2017-04-09,16-17,2017,4,9,99,3,08:28:00,00:20:00,1,1,1,Early,1,1,"Alexander Velasquez, Amadeo Perdomo",NA,NA,NA,44.10746634026931,9.1
C-MB-S-V_04,MB-S-V_04,C-MB-S-V,Cipav,Cipav mbd,2017-04-09,16-17,2017,4,9,99,3,08:28:00,00:21:00,1,1,1,Early,1,1,"Alexander Velasquez, Amadeo Perdomo",NA,NA,NA,44.4357405140757,0
C-MB-T-ECH_01,MB-T-ECH_01,C-MB-T-ECH,Cipav,Cipav mbd,2017-11-13,16-17,2017,11,13,317,98,06:24:00,00:23:00,1,1,1,Early,1,1,"Alexander Velasquez, Amadeo Perdomo",NA,NA,NA,28.06733594515176,16.7
C-MB-T-ECH_02,MB-T-ECH_02,C-MB-T-ECH,Cipav,Cipav mbd,2017-11-13,16-17,2017,11,13,317,98,07:12:00,00:25:00,1,1,1,Early,1,1,"Alexander Velasquez, Amadeo Perdomo",NA,NA,NA,27.078151880068905,9.5
C-MB-T-ECH_03,MB-T-ECH_03,C-MB-T-ECH,Cipav,Cipav mbd,2017-11-13,16-17,2017,11,13,317,98,07:45:00,00:23:00,1,1,1,Early,1,1,"Alexander Velasquez, Amadeo Perdomo",NA,NA,NA,27.63075416258578,0
C-MB-T-ECH_04,MB-T-ECH_04,C-MB-T-ECH,Cipav,Cipav mbd,2017-11-13,16-17,2017,11,13,317,98,08:28:00,00:18:00,1,1,1,Early,1,1,"Alexander Velasquez, Amadeo Perdomo",NA,NA,NA,23.529411764705607,0
C-MB-T-SA_01,MB-T-SA_01,C-MB-T-SA,Cipav,Cipav mbd,2017-11-12,16-17,2017,11,12,316,97,06:31:00,00:40:00,1,1,1,Early,1,1,"Alexander Velasquez, Amadeo Perdomo",NA,NA,NA,16.352436933627434,18.6
C-MB-T-SA_02,MB-T-SA_02,C-MB-T-SA,Cipav,Cipav mbd,2017-11-12,16-17,2017,11,12,316,97,07:15:00,00:21:00,1,1,1,Early,1,1,"Alexander Velasquez, Amadeo Perdomo",NA,NA,NA,15.707639569050032,12.2
C-MB-T-SA_03,MB-T-SA_03,C-MB-T-SA,Cipav,Cipav mbd,2017-11-12,16-17,2017,11,12,316,97,07:44:00,00:18:00,1,1,1,Early,1,1,"Alexander Velasquez, Amadeo Perdomo",NA,NA,NA,14.832272282076191,11.1
C-MB-T-SA_04,MB-T-SA_04,C-MB-T-SA,Cipav,Cipav mbd,2017-11-12,16-17,2017,11,12,316,97,08:10:00,00:27:00,1,1,1,Early,1,1,"Alexander Velasquez, Amadeo Perdomo",NA,NA,NA,14.832556999264575,2
C-MB-VC-EB_01,MB-VC-EB_01,C-MB-VC-EB,Cipav,Cipav mbd,2016-09-29,16-17,2016,9,29,273,3,06:06:00,00:23:00,1,1,1,Early,1,1,"Alexander Velasquez, Amadeo Perdomo",NA,NA,NA,25.8941811932237,21.7
C-MB-VC-EB_02,MB-VC-EB_02,C-MB-VC-EB,Cipav,Cipav mbd,2016-09-29,16-17,2016,9,29,273,3,06:50:00,00:26:00,1,1,1,Early,1,1,"Alexander Velasquez, Amadeo Perdomo",NA,NA,NA,24.773529411764724,18.3
C-MB-VC-EB_03,MB-VC-EB_03,C-MB-VC-EB,Cipav,Cipav mbd,2016-09-29,16-17,2016,9,29,273,3,07:40:00,00:24:00,1,1,1,Early,1,1,"Alexander Velasquez, Amadeo Perdomo",NA,NA,NA,27.06506260741465,13.8
C-MB-VC-EH_01,MB-VC-EH_01,C-MB-VC-EH,Cipav,Cipav mbd,2017-12-03,16-17,2017,12,3,337,118,05:50:00,00:29:00,2,1,1,Early,1,1,"Alexander Velasquez, Amadeo Perdomo",NA,NA,NA,41.66601226993786,26.4
C-MB-VC-EH_02,MB-VC-EH_02,C-MB-VC-EH,Cipav,Cipav mbd,2017-12-03,16-17,2017,12,3,337,118,06:15:00,00:04:00,2,1,1,Early,1,1,"Alexander Velasquez, Amadeo Perdomo",NA,NA,NA,39.67564919157251,19.5
C-MB-VC-EH_03,MB-VC-EH_03,C-MB-VC-EH,Cipav,Cipav mbd,2017-12-03,16-17,2017,12,3,337,118,06:50:00,00:19:00,2,1,1,Early,1,1,"Alexander Velasquez, Amadeo Perdomo",NA,NA,NA,35.35835172921229,12
C-MB-VC-EH_04,MB-VC-EH_04,C-MB-VC-EH,Cipav,Cipav mbd,2017-12-03,16-17,2017,12,3,337,118,08:00:00,00:10:00,2,1,1,Early,1,1,"Alexander Velasquez, Amadeo Perdomo",NA,NA,NA,27.165072357125155,15.6
C-MB-VC-LCH_01,MB-VC-LCH_01,C-MB-VC-LCH,Cipav,Cipav mbd,2016-09-30,16-17,2016,9,30,274,4,06:13:00,00:29:00,1,1,1,Early,1,1,"Alexander Velasquez, Amadeo Perdomo",NA,NA,NA,45.19277108433728,15.1
C-MB-VC-LCH_02,MB-VC-LCH_02,C-MB-VC-LCH,Cipav,Cipav mbd,2016-09-30,16-17,2016,9,30,274,4,06:42:00,00:27:00,1,1,1,Early,1,1,"Alexander Velasquez, Amadeo Perdomo",NA,NA,NA,51.094677458915854,12.2
C-MB-VC-LCH_03,MB-VC-LCH_03,C-MB-VC-LCH,Cipav,Cipav mbd,2016-09-30,16-17,2016,9,30,274,4,08:01:00,00:24:00,1,1,1,Early,1,1,"Alexander Velasquez, Amadeo Perdomo",NA,NA,NA,47.2816866879139,0
C-MB-VC-LCH_04,MB-VC-LCH_04,C-MB-VC-LCH,Cipav,Cipav mbd,2016-09-30,16-17,2016,9,30,274,4,08:29:00,00:23:00,1,1,1,Early,1,1,"Alexander Velasquez, Amadeo Perdomo",NA,NA,NA,46.98209028459242,12.4
C-MB-VC-L_01,MB-VC-L_01,C-MB-VC-L,Cipav,Cipav mbd,2017-12-02,16-17,2017,12,2,336,117,06:50:00,00:21:00,1,1,1,Early,1,1,"Alexander Velasquez, Amadeo Perdomo",NA,NA,NA,7.054246440844331,19.9
C-MB-VC-L_02,MB-VC-L_02,C-MB-VC-L,Cipav,Cipav mbd,2017-12-02,16-17,2017,12,2,336,117,07:25:00,00:21:00,1,1,1,Early,1,1,"Alexander Velasquez, Amadeo Perdomo",NA,NA,NA,8.545810877021065,10.5
C-MB-VC-L_03,MB-VC-L_03,C-MB-VC-L,Cipav,Cipav mbd,2017-12-02,16-17,2017,12,2,336,117,08:00:00,00:23:00,1,1,1,Early,1,1,"Alexander Velasquez, Amadeo Perdomo",NA,NA,NA,9.26238352133387,15.2
C-MB-VC-L_04,MB-VC-L_04,C-MB-VC-L,Cipav,Cipav mbd,2017-12-02,16-17,2017,12,2,336,117,08:34:00,00:19:00,1,1,1,Early,1,1,"Alexander Velasquez, Amadeo Perdomo",NA,NA,NA,7.604708190289383,11.8
C-MB-VC-P_01,MB-VC-P_01,C-MB-VC-P,Cipav,Cipav mbd,2017-12-01,16-17,2017,12,1,335,116,06:47:00,00:29:00,1,1,1,Early,1,1,"Alexander Velasquez, Amadeo Perdomo",NA,NA,NA,42.05304518664061,18.5
C-MB-VC-P_02,MB-VC-P_02,C-MB-VC-P,Cipav,Cipav mbd,2017-12-01,16-17,2017,12,1,335,116,07:18:00,00:20:00,1,1,1,Early,1,1,"Alexander Velasquez, Amadeo Perdomo",NA,NA,NA,42.475140827822784,22.3
C-MB-VC-P_03,MB-VC-P_03,C-MB-VC-P,Cipav,Cipav mbd,2017-12-01,16-17,2017,12,1,335,116,08:25:00,00:20:00,1,1,1,Early,1,1,"Alexander Velasquez, Amadeo Perdomo",NA,NA,NA,41.874602008327216,20.2
C-MB-VC-P_04,MB-VC-P_04,C-MB-VC-P,Cipav,Cipav mbd,2017-12-01,16-17,2017,12,1,335,116,08:50:00,00:27:00,1,1,1,Early,1,1,"Alexander Velasquez, Amadeo Perdomo",NA,NA,NA,41.3155958803338,21.2
C-MB-VC-SJ_01,MB-VC-SJ_01,C-MB-VC-SJ,Cipav,Cipav mbd,2017-11-30,16-17,2017,11,30,334,115,06:41:00,00:19:00,1,1,1,Early,1,1,"Alexander Velasquez, Amadeo Perdomo",NA,NA,NA,56.44768439108105,17.3
C-MB-VC-SJ_02,MB-VC-SJ_02,C-MB-VC-SJ,Cipav,Cipav mbd,2017-11-30,16-17,2017,11,30,334,115,08:10:00,00:23:00,1,1,1,Early,1,1,"Alexander Velasquez, Amadeo Perdomo",NA,NA,NA,57.30578715056384,17.2
C-MB-VC-SJ_03,MB-VC-SJ_03,C-MB-VC-SJ,Cipav,Cipav mbd,2017-11-30,16-17,2017,11,30,334,115,08:40:00,00:26:00,1,1,1,Early,1,1,"Alexander Velasquez, Amadeo Perdomo",NA,NA,NA,56.78349253000218,21.7
C-MB-VC-SJ_04,MB-VC-SJ_04,C-MB-VC-SJ,Cipav,Cipav mbd,2017-11-30,16-17,2017,11,30,334,115,09:26:00,00:23:00,1,1,1,Early,1,1,"Alexander Velasquez, Amadeo Perdomo",NA,NA,NA,56.043958742633045,17.8
G-AD-M-CO_01,AD-M-CO_01,G-AD-M-CO,Gaica,Gaica distancia,2019-09-24,19,2019,9,24,267,1,05:53:00,00:07:00,1,5,1,Early,1,1,"Yuri Rosero-Mora, Diego Cardenas",NA,Despejado,NA,29.875613346418096,5.5
G-AD-M-CO_01,AD-M-CO_01,G-AD-M-CO,Gaica,Gaica distancia,2019-09-24,19,2019,9,24,267,1,15:05:00,00:09:00,1,5,2,Early,2,1,"Yuri Rosero-Mora, Diego Cardenas",NA,Despejado,NA,29.875613346418096,5.5
G-AD-M-CO_01,AD-M-CO_01,G-AD-M-CO,Gaica,Gaica distancia,2019-09-25,19,2019,9,25,268,2,09:56:00,00:10:00,1,5,3,Early,3,1,"Yuri Rosero-Mora, Diego Cardenas",NA,Despejado,NA,29.875613346418096,5.5
G-AD-M-CO_01,AD-M-CO_01,G-AD-M-CO,Gaica,Gaica distancia,2019-09-25,19,2019,9,25,268,2,18:23:00,00:00:00,1,5,4,Early,4,1,"Yuri Rosero-Mora, Diego Cardenas",NA,Nublado,NA,29.875613346418096,5.5
G-AD-M-CO_01,AD-M-CO_01,G-AD-M-CO,Gaica,Gaica distancia,2019-09-26,19,2019,9,26,269,3,05:46:00,00:02:00,1,5,5,Early,5,1,"Yuri Rosero-Mora, Diego Cardenas",NA,Despejado,NA,29.875613346418096,5.5
G-AD-M-CO_02,AD-M-CO_02,G-AD-M-CO,Gaica,Gaica distancia,2019-09-24,19,2019,9,24,267,1,06:18:00,00:09:00,1,5,1,Early,1,1,"Yuri Rosero-Mora, Diego Cardenas",NA,Despejado,NA,29.118514875829685,0
G-AD-M-CO_02,AD-M-CO_02,G-AD-M-CO,Gaica,Gaica distancia,2019-09-24,19,2019,9,24,267,1,15:20:00,00:09:00,1,5,2,Early,2,1,"Yuri Rosero-Mora, Diego Cardenas",NA,Despejado,NA,29.118514875829685,0
G-AD-M-CO_02,AD-M-CO_02,G-AD-M-CO,Gaica,Gaica distancia,2019-09-25,19,2019,9,25,268,2,09:38:00,00:02:00,1,5,3,Early,3,1,"Yuri Rosero-Mora, Diego Cardenas",NA,Despejado,NA,29.118514875829685,0
G-AD-M-CO_02,AD-M-CO_02,G-AD-M-CO,Gaica,Gaica distancia,2019-09-25,19,2019,9,25,268,2,17:56:00,00:00:00,1,5,4,Early,4,1,"Yuri Rosero-Mora, Diego Cardenas",NA,Nublado,NA,29.118514875829685,0
G-AD-M-CO_02,AD-M-CO_02,G-AD-M-CO,Gaica,Gaica distancia,2019-09-26,19,2019,9,26,269,3,06:11:00,00:04:00,1,5,5,Early,5,1,"Yuri Rosero-Mora, Diego Cardenas",NA,Despejado,NA,29.118514875829685,0
G-AD-M-CO_03,AD-M-CO_03,G-AD-M-CO,Gaica,Gaica distancia,2019-09-24,19,2019,9,24,267,1,06:32:00,00:10:00,1,5,1,Early,1,1,"Yuri Rosero-Mora, Diego Cardenas",NA,Despejado,NA,30.367026496565114,0
G-AD-M-CO_03,AD-M-CO_03,G-AD-M-CO,Gaica,Gaica distancia,2019-09-24,19,2019,9,24,267,1,15:36:00,00:09:00,1,5,2,Early,2,1,"Yuri Rosero-Mora, Diego Cardenas",NA,Despejado,NA,30.367026496565114,0
G-AD-M-CO_03,AD-M-CO_03,G-AD-M-CO,Gaica,Gaica distancia,2019-09-25,19,2019,9,25,268,2,09:10:00,00:10:00,1,5,3,Early,3,1,"Yuri Rosero-Mora, Diego Cardenas",NA,Despejado,NA,30.367026496565114,0
G-AD-M-CO_03,AD-M-CO_03,G-AD-M-CO,Gaica,Gaica distancia,2019-09-25,19,2019,9,25,268,2,17:40:00,00:09:00,1,5,4,Early,4,1,"Yuri Rosero-Mora, Diego Cardenas",NA,Nublado,NA,30.367026496565114,0
G-AD-M-CO_03,AD-M-CO_03,G-AD-M-CO,Gaica,Gaica distancia,2019-09-26,19,2019,9,26,269,3,06:29:00,00:10:00,1,5,5,Early,5,1,"Yuri Rosero-Mora, Diego Cardenas",NA,Despejado,NA,30.367026496565114,0
G-AD-M-CO_04,AD-M-CO_04,G-AD-M-CO,Gaica,Gaica distancia,2019-09-24,19,2019,9,24,267,1,06:52:00,00:10:00,1,5,1,Early,1,1,"Yuri Rosero-Mora, Diego Cardenas",NA,Despejado,NA,28.053238469087223,12.5
G-AD-M-CO_04,AD-M-CO_04,G-AD-M-CO,Gaica,Gaica distancia,2019-09-24,19,2019,9,24,267,1,15:51:00,00:09:00,1,5,2,Early,2,1,"Yuri Rosero-Mora, Diego Cardenas",NA,Despejado,NA,28.053238469087223,12.5
G-AD-M-CO_04,AD-M-CO_04,G-AD-M-CO,Gaica,Gaica distancia,2019-09-25,19,2019,9,25,268,2,08:45:00,00:07:00,1,5,3,Early,3,1,"Yuri Rosero-Mora, Diego Cardenas",NA,Despejado,NA,28.053238469087223,12.5
G-AD-M-CO_04,AD-M-CO_04,G-AD-M-CO,Gaica,Gaica distancia,2019-09-25,19,2019,9,25,268,2,17:21:00,00:00:00,1,5,4,Early,4,1,"Yuri Rosero-Mora, Diego Cardenas",NA,Nublado,NA,28.053238469087223,12.5
G-AD-M-CO_04,AD-M-CO_04,G-AD-M-CO,Gaica,Gaica distancia,2019-09-26,19,2019,9,26,269,3,06:54:00,00:06:00,1,5,5,Early,5,1,"Yuri Rosero-Mora, Diego Cardenas",NA,Despejado,NA,28.053238469087223,12.5
G-AD-M-CO_05,AD-M-CO_05,G-AD-M-CO,Gaica,Gaica distancia,2019-09-24,19,2019,9,24,267,1,07:25:00,00:10:00,1,5,1,Early,1,1,"Yuri Rosero-Mora, Diego Cardenas",NA,Despejado,NA,23.96710041738264,13.5
G-AD-M-CO_05,AD-M-CO_05,G-AD-M-CO,Gaica,Gaica distancia,2019-09-24,19,2019,9,24,267,1,16:14:00,00:08:00,1,5,2,Early,2,1,"Yuri Rosero-Mora, Diego Cardenas",NA,Despejado,NA,23.96710041738264,13.5
G-AD-M-CO_05,AD-M-CO_05,G-AD-M-CO,Gaica,Gaica distancia,2019-09-25,19,2019,9,25,268,2,08:20:00,00:09:00,1,5,3,Early,3,1,"Yuri Rosero-Mora, Diego Cardenas",NA,Despejado,NA,23.96710041738264,13.5
G-AD-M-CO_05,AD-M-CO_05,G-AD-M-CO,Gaica,Gaica distancia,2019-09-25,19,2019,9,25,268,2,17:04:00,00:07:00,1,5,4,Early,4,1,"Yuri Rosero-Mora, Diego Cardenas",NA,Nublado,NA,23.96710041738264,13.5
G-AD-M-CO_05,AD-M-CO_05,G-AD-M-CO,Gaica,Gaica distancia,2019-09-26,19,2019,9,26,269,3,07:13:00,00:10:00,1,5,5,Early,5,1,"Yuri Rosero-Mora, Diego Cardenas",NA,Despejado,NA,23.96710041738264,13.5
G-AD-M-CO_06,AD-M-CO_06,G-AD-M-CO,Gaica,Gaica distancia,2019-09-24,19,2019,9,24,267,1,07:54:00,00:10:00,1,5,1,Early,1,1,"Yuri Rosero-Mora, Diego Cardenas",NA,Despejado,NA,21.233088235293923,10.1
G-AD-M-CO_06,AD-M-CO_06,G-AD-M-CO,Gaica,Gaica distancia,2019-09-24,19,2019,9,24,267,1,16:33:00,00:09:00,1,5,2,Early,2,1,"Yuri Rosero-Mora, Diego Cardenas",NA,Despejado,NA,21.233088235293923,10.1
G-AD-M-CO_06,AD-M-CO_06,G-AD-M-CO,Gaica,Gaica distancia,2019-09-25,19,2019,9,25,268,2,08:00:00,00:10:00,1,5,3,Early,3,1,"Yuri Rosero-Mora, Diego Cardenas",NA,Despejado,NA,21.233088235293923,10.1
G-AD-M-CO_06,AD-M-CO_06,G-AD-M-CO,Gaica,Gaica distancia,2019-09-25,19,2019,9,25,268,2,16:43:00,00:10:00,1,5,4,Early,4,1,"Yuri Rosero-Mora, Diego Cardenas",NA,Nublado,NA,21.233088235293923,10.1
G-AD-M-CO_06,AD-M-CO_06,G-AD-M-CO,Gaica,Gaica distancia,2019-09-26,19,2019,9,26,269,3,07:30:00,00:10:00,1,5,5,Early,5,1,"Yuri Rosero-Mora, Diego Cardenas",NA,Despejado,NA,21.233088235293923,10.1
G-AD-M-CO_07,AD-M-CO_07,G-AD-M-CO,Gaica,Gaica distancia,2019-09-24,19,2019,9,24,267,1,08:22:00,00:08:00,1,5,1,Early,1,1,"Yuri Rosero-Mora, Diego Cardenas",NA,Despejado,NA,38.72133562484644,0
G-AD-M-CO_07,AD-M-CO_07,G-AD-M-CO,Gaica,Gaica distancia,2019-09-24,19,2019,9,24,267,1,16:50:00,00:08:00,1,5,2,Early,2,1,"Yuri Rosero-Mora, Diego Cardenas",NA,Despejado,NA,38.72133562484644,0
G-AD-M-CO_07,AD-M-CO_07,G-AD-M-CO,Gaica,Gaica distancia,2019-09-25,19,2019,9,25,268,2,07:39:00,00:07:00,1,5,3,Early,3,1,"Yuri Rosero-Mora, Diego Cardenas",NA,Despejado,NA,38.72133562484644,0
G-AD-M-CO_07,AD-M-CO_07,G-AD-M-CO,Gaica,Gaica distancia,2019-09-25,19,2019,9,25,268,2,16:20:00,00:10:00,1,5,4,Early,4,1,"Yuri Rosero-Mora, Diego Cardenas",NA,Nublado,NA,38.72133562484644,0
G-AD-M-CO_07,AD-M-CO_07,G-AD-M-CO,Gaica,Gaica distancia,2019-09-26,19,2019,9,26,269,3,07:48:00,00:10:00,1,5,5,Early,5,1,"Yuri Rosero-Mora, Diego Cardenas",NA,Despejado,NA,38.72133562484644,0
G-AD-M-CO_08,AD-M-CO_08,G-AD-M-CO,Gaica,Gaica distancia,2019-09-24,19,2019,9,24,267,1,08:40:00,00:08:00,1,5,1,Early,1,1,"Yuri Rosero-Mora, Diego Cardenas",NA,Despejado,NA,16.975735294117474,0
G-AD-M-CO_08,AD-M-CO_08,G-AD-M-CO,Gaica,Gaica distancia,2019-09-24,19,2019,9,24,267,1,17:05:00,00:10:00,1,5,2,Early,2,1,"Yuri Rosero-Mora, Diego Cardenas",NA,Despejado,NA,16.975735294117474,0
G-AD-M-CO_08,AD-M-CO_08,G-AD-M-CO,Gaica,Gaica distancia,2019-09-25,19,2019,9,25,268,2,07:21:00,00:10:00,1,5,3,Early,3,1,"Yuri Rosero-Mora, Diego Cardenas",NA,Despejado,NA,16.975735294117474,0
G-AD-M-CO_08,AD-M-CO_08,G-AD-M-CO,Gaica,Gaica distancia,2019-09-25,19,2019,9,25,268,2,16:03:00,00:10:00,1,5,4,Early,4,1,"Yuri Rosero-Mora, Diego Cardenas",NA,Nublado,NA,16.975735294117474,0
G-AD-M-CO_08,AD-M-CO_08,G-AD-M-CO,Gaica,Gaica distancia,2019-09-26,19,2019,9,26,269,3,08:06:00,00:00:00,1,5,5,Early,5,1,"Yuri Rosero-Mora, Diego Cardenas",NA,Despejado,NA,16.975735294117474,0
G-AD-M-CO_09,AD-M-CO_09,G-AD-M-CO,Gaica,Gaica distancia,2019-09-24,19,2019,9,24,267,1,09:08:00,00:06:00,1,5,1,Early,1,1,"Yuri Rosero-Mora, Diego Cardenas",NA,Despejado,NA,38.61089303238479,0
G-AD-M-CO_09,AD-M-CO_09,G-AD-M-CO,Gaica,Gaica distancia,2019-09-24,19,2019,9,24,267,1,17:18:00,00:10:00,1,5,2,Early,2,1,"Yuri Rosero-Mora, Diego Cardenas",NA,Despejado,NA,38.61089303238479,0
G-AD-M-CO_09,AD-M-CO_09,G-AD-M-CO,Gaica,Gaica distancia,2019-09-25,19,2019,9,25,268,2,06:59:00,00:10:00,1,5,3,Early,3,1,"Yuri Rosero-Mora, Diego Cardenas",NA,Despejado,NA,38.61089303238479,0
G-AD-M-CO_09,AD-M-CO_09,G-AD-M-CO,Gaica,Gaica distancia,2019-09-25,19,2019,9,25,268,2,15:48:00,00:00:00,1,5,4,Early,4,1,"Yuri Rosero-Mora, Diego Cardenas",NA,Nublado,NA,38.61089303238479,0
G-AD-M-CO_09,AD-M-CO_09,G-AD-M-CO,Gaica,Gaica distancia,2019-09-26,19,2019,9,26,269,3,08:20:00,00:10:00,1,5,5,Early,5,1,"Yuri Rosero-Mora, Diego Cardenas",NA,Despejado,NA,38.61089303238479,0
G-AD-M-CO_10,AD-M-CO_10,G-AD-M-CO,Gaica,Gaica distancia,2019-09-24,19,2019,9,24,267,1,09:29:00,00:10:00,1,5,1,Early,1,1,"Yuri Rosero-Mora, Diego Cardenas",NA,Despejado,NA,24.111956788608037,14.5
G-AD-M-CO_10,AD-M-CO_10,G-AD-M-CO,Gaica,Gaica distancia,2019-09-24,19,2019,9,24,267,1,17:38:00,00:07:00,1,5,2,Early,2,1,"Yuri Rosero-Mora, Diego Cardenas",NA,Despejado,NA,24.111956788608037,14.5
G-AD-M-CO_10,AD-M-CO_10,G-AD-M-CO,Gaica,Gaica distancia,2019-09-25,19,2019,9,25,268,2,06:32:00,00:08:00,1,5,3,Early,3,1,"Yuri Rosero-Mora, Diego Cardenas",NA,Despejado,NA,24.111956788608037,14.5
G-AD-M-CO_10,AD-M-CO_10,G-AD-M-CO,Gaica,Gaica distancia,2019-09-25,19,2019,9,25,268,2,15:32:00,00:07:00,1,5,4,Early,4,1,"Yuri Rosero-Mora, Diego Cardenas",NA,Nublado,NA,24.111956788608037,14.5
G-AD-M-CO_10,AD-M-CO_10,G-AD-M-CO,Gaica,Gaica distancia,2019-09-26,19,2019,9,26,269,3,08:38:00,00:09:00,1,5,5,Early,5,1,"Yuri Rosero-Mora, Diego Cardenas",NA,Despejado,NA,24.111956788608037,14.5
G-AD-M-CO_11,AD-M-CO_11,G-AD-M-CO,Gaica,Gaica distancia,2019-09-24,19,2019,9,24,267,1,09:58:00,00:10:00,1,5,1,Early,1,1,"Yuri Rosero-Mora, Diego Cardenas",NA,Despejado,NA,26.03606476938181,0
G-AD-M-CO_11,AD-M-CO_11,G-AD-M-CO,Gaica,Gaica distancia,2019-09-24,19,2019,9,24,267,1,17:50:00,00:02:00,1,5,2,Early,2,1,"Yuri Rosero-Mora, Diego Cardenas",NA,Despejado,NA,26.03606476938181,0
G-AD-M-CO_11,AD-M-CO_11,G-AD-M-CO,Gaica,Gaica distancia,2019-09-25,19,2019,9,25,268,2,06:07:00,00:10:00,1,5,3,Early,3,1,"Yuri Rosero-Mora, Diego Cardenas",NA,Despejado,NA,26.03606476938181,0
G-AD-M-CO_11,AD-M-CO_11,G-AD-M-CO,Gaica,Gaica distancia,2019-09-25,19,2019,9,25,268,2,15:13:00,00:09:00,1,5,4,Early,4,1,"Yuri Rosero-Mora, Diego Cardenas",NA,Nublado,NA,26.03606476938181,0
G-AD-M-CO_11,AD-M-CO_11,G-AD-M-CO,Gaica,Gaica distancia,2019-09-26,19,2019,9,26,269,3,08:56:00,00:10:00,1,5,5,Early,5,1,"Yuri Rosero-Mora, Diego Cardenas",NA,Despejado,NA,26.03606476938181,0
G-AD-M-EPO3_01,AD-M-EPO3_01,G-AD-M-EPO3,Gaica,Gaica distancia,2019-10-08,19,2019,10,8,281,15,06:26:00,00:09:00,1,4,1,Early,1,1,"Robert Rodriguez, Daniela Parra",NA,Nublado,NA,32.31516936671563,12.1
G-AD-M-EPO3_01,AD-M-EPO3_01,G-AD-M-EPO3,Gaica,Gaica distancia,2019-10-08,19,2019,10,8,281,15,15:14:00,00:06:00,1,4,2,Early,2,1,"Robert Rodriguez, Daniela Parra",NA,Nublado,NA,32.31516936671563,12.1
G-AD-M-EPO3_01,AD-M-EPO3_01,G-AD-M-EPO3,Gaica,Gaica distancia,2019-10-09,19,2019,10,9,282,16,09:07:00,00:05:00,1,4,3,Early,3,1,"Robert Rodriguez, Daniela Parra",NA,Despejado,NA,32.31516936671563,12.1
G-AD-M-EPO3_01,AD-M-EPO3_01,G-AD-M-EPO3,Gaica,Gaica distancia,2019-10-09,19,2019,10,9,282,16,16:28:18,00:10:00,1,4,4,Early,4,0,NA,NA,NA,NA,32.31516936671563,12.1
G-AD-M-EPO3_02,AD-M-EPO3_02,G-AD-M-EPO3,Gaica,Gaica distancia,2019-10-08,19,2019,10,8,281,15,06:42:00,00:07:00,1,4,1,Early,1,1,"Robert Rodriguez, Daniela Parra",NA,Nublado,NA,33.36095402016223,15.2
G-AD-M-EPO3_02,AD-M-EPO3_02,G-AD-M-EPO3,Gaica,Gaica distancia,2019-10-08,19,2019,10,8,281,15,15:28:00,00:04:00,1,4,2,Early,2,1,"Robert Rodriguez, Daniela Parra",NA,Nublado,NA,33.36095402016223,15.2
G-AD-M-EPO3_02,AD-M-EPO3_02,G-AD-M-EPO3,Gaica,Gaica distancia,2019-10-09,19,2019,10,9,282,16,08:53:00,00:08:00,1,4,3,Early,3,1,"Robert Rodriguez, Daniela Parra",NA,Despejado,NA,33.36095402016223,15.2
G-AD-M-EPO3_02,AD-M-EPO3_02,G-AD-M-EPO3,Gaica,Gaica distancia,2019-10-09,19,2019,10,9,282,16,17:41:00,00:00:00,1,4,4,Early,4,1,"Robert Rodriguez, Daniela Parra",NA,Nublado,NA,33.36095402016223,15.2
G-AD-M-EPO3_03,AD-M-EPO3_03,G-AD-M-EPO3,Gaica,Gaica distancia,2019-10-08,19,2019,10,8,281,15,07:03:00,00:07:00,1,4,1,Early,1,1,"Robert Rodriguez, Daniela Parra",NA,Nublado,NA,31.83464180569196,11.7
G-AD-M-EPO3_03,AD-M-EPO3_03,G-AD-M-EPO3,Gaica,Gaica distancia,2019-10-08,19,2019,10,8,281,15,15:47:00,00:10:00,1,4,2,Early,2,1,"Robert Rodriguez, Daniela Parra",NA,Nublado,NA,31.83464180569196,11.7
G-AD-M-EPO3_03,AD-M-EPO3_03,G-AD-M-EPO3,Gaica,Gaica distancia,2019-10-09,19,2019,10,9,282,16,08:35:00,00:05:00,1,4,3,Early,3,1,"Robert Rodriguez, Daniela Parra",NA,Despejado,NA,31.83464180569196,11.7
G-AD-M-EPO3_03,AD-M-EPO3_03,G-AD-M-EPO3,Gaica,Gaica distancia,2019-10-09,19,2019,10,9,282,16,17:19:00,00:06:00,1,4,4,Early,4,1,"Robert Rodriguez, Daniela Parra",NA,Nublado,NA,31.83464180569196,11.7
G-AD-M-EPO3_04,AD-M-EPO3_04,G-AD-M-EPO3,Gaica,Gaica distancia,2019-10-08,19,2019,10,8,281,15,07:16:00,00:09:00,1,4,1,Early,1,1,"Robert Rodriguez, Daniela Parra",NA,Nublado,NA,28.268502581755673,12.4
G-AD-M-EPO3_04,AD-M-EPO3_04,G-AD-M-EPO3,Gaica,Gaica distancia,2019-10-08,19,2019,10,8,281,15,16:08:00,00:02:00,1,4,2,Early,2,1,"Robert Rodriguez, Daniela Parra",NA,Nublado,NA,28.268502581755673,12.4
G-AD-M-EPO3_04,AD-M-EPO3_04,G-AD-M-EPO3,Gaica,Gaica distancia,2019-10-09,19,2019,10,9,282,16,08:18:00,00:07:00,1,4,3,Early,3,1,"Robert Rodriguez, Daniela Parra",NA,Despejado,NA,28.268502581755673,12.4
G-AD-M-EPO3_04,AD-M-EPO3_04,G-AD-M-EPO3,Gaica,Gaica distancia,2019-10-09,19,2019,10,9,282,16,17:03:00,00:06:00,1,4,4,Early,4,1,"Robert Rodriguez, Daniela Parra",NA,Nublado,NA,28.268502581755673,12.4
G-AD-M-EPO3_05,AD-M-EPO3_05,G-AD-M-EPO3,Gaica,Gaica distancia,2019-10-08,19,2019,10,8,281,15,07:30:00,00:10:00,1,4,1,Early,1,1,"Robert Rodriguez, Daniela Parra",NA,Nublado,NA,27.421117099461043,13.2
G-AD-M-EPO3_05,AD-M-EPO3_05,G-AD-M-EPO3,Gaica,Gaica distancia,2019-10-08,19,2019,10,8,281,15,16:15:00,00:10:00,1,4,2,Early,2,1,"Robert Rodriguez, Daniela Parra",NA,Nublado,NA,27.421117099461043,13.2
G-AD-M-EPO3_05,AD-M-EPO3_05,G-AD-M-EPO3,Gaica,Gaica distancia,2019-10-09,19,2019,10,9,282,16,08:04:00,00:06:00,1,4,3,Early,3,1,"Robert Rodriguez, Daniela Parra",NA,Despejado,NA,27.421117099461043,13.2
G-AD-M-EPO3_05,AD-M-EPO3_05,G-AD-M-EPO3,Gaica,Gaica distancia,2019-10-09,19,2019,10,9,282,16,16:53:00,00:06:00,1,4,4,Early,4,1,"Robert Rodriguez, Daniela Parra",NA,Nublado,NA,27.421117099461043,13.2
G-AD-M-EPO3_06,AD-M-EPO3_06,G-AD-M-EPO3,Gaica,Gaica distancia,2019-10-08,19,2019,10,8,281,15,07:54:00,00:00:00,1,4,1,Early,1,1,"Robert Rodriguez, Daniela Parra",NA,Nublado,NA,27.483316977428757,17.2
G-AD-M-EPO3_06,AD-M-EPO3_06,G-AD-M-EPO3,Gaica,Gaica distancia,2019-10-08,19,2019,10,8,281,15,16:28:00,00:10:00,1,4,2,Early,2,1,"Robert Rodriguez, Daniela Parra",NA,Nublado,NA,27.483316977428757,17.2
G-AD-M-EPO3_06,AD-M-EPO3_06,G-AD-M-EPO3,Gaica,Gaica distancia,2019-10-09,19,2019,10,9,282,16,07:50:00,00:03:00,1,4,3,Early,3,1,"Robert Rodriguez, Daniela Parra",NA,Nublado,NA,27.483316977428757,17.2
G-AD-M-EPO3_06,AD-M-EPO3_06,G-AD-M-EPO3,Gaica,Gaica distancia,2019-10-09,19,2019,10,9,282,16,16:44:00,00:02:00,1,4,4,Early,4,1,"Robert Rodriguez, Daniela Parra",NA,Nublado,NA,27.483316977428757,17.2
G-AD-M-EPO3_07,AD-M-EPO3_07,G-AD-M-EPO3,Gaica,Gaica distancia,2019-10-08,19,2019,10,8,281,15,08:03:00,00:04:00,1,4,1,Early,1,1,"Robert Rodriguez, Daniela Parra",NA,Nublado,NA,27.188420019626996,18.8
G-AD-M-EPO3_07,AD-M-EPO3_07,G-AD-M-EPO3,Gaica,Gaica distancia,2019-10-08,19,2019,10,8,281,15,16:41:00,00:10:00,1,4,2,Early,2,1,"Robert Rodriguez, Daniela Parra",NA,Nublado,NA,27.188420019626996,18.8
G-AD-M-EPO3_07,AD-M-EPO3_07,G-AD-M-EPO3,Gaica,Gaica distancia,2019-10-09,19,2019,10,9,282,16,07:41:00,00:05:00,1,4,3,Early,3,1,"Robert Rodriguez, Daniela Parra",NA,Nublado,NA,27.188420019626996,18.8
G-AD-M-EPO3_07,AD-M-EPO3_07,G-AD-M-EPO3,Gaica,Gaica distancia,2019-10-09,19,2019,10,9,282,16,16:23:00,00:10:00,1,4,4,Early,4,1,"Robert Rodriguez, Daniela Parra",NA,Nublado,NA,27.188420019626996,18.8
G-AD-M-EPO3_08,AD-M-EPO3_08,G-AD-M-EPO3,Gaica,Gaica distancia,2019-10-08,19,2019,10,8,281,15,08:18:00,00:09:00,1,4,1,Early,1,1,"Robert Rodriguez, Daniela Parra",NA,Nublado,NA,27.869234543670284,19.4
G-AD-M-EPO3_08,AD-M-EPO3_08,G-AD-M-EPO3,Gaica,Gaica distancia,2019-10-08,19,2019,10,8,281,15,17:00:00,00:10:00,1,4,2,Early,2,1,"Robert Rodriguez, Daniela Parra",NA,Nublado,NA,27.869234543670284,19.4
G-AD-M-EPO3_08,AD-M-EPO3_08,G-AD-M-EPO3,Gaica,Gaica distancia,2019-10-09,19,2019,10,9,282,16,07:20:00,00:10:00,1,4,3,Early,3,1,"Robert Rodriguez, Daniela Parra",NA,Nublado,NA,27.869234543670284,19.4
G-AD-M-EPO3_08,AD-M-EPO3_08,G-AD-M-EPO3,Gaica,Gaica distancia,2019-10-09,19,2019,10,9,282,16,15:59:00,00:10:00,1,4,4,Early,4,1,"Robert Rodriguez, Daniela Parra",NA,Nublado,NA,27.869234543670284,19.4
G-AD-M-EPO3_09,AD-M-EPO3_09,G-AD-M-EPO3,Gaica,Gaica distancia,2019-10-08,19,2019,10,8,281,15,08:32:00,00:08:00,1,4,1,Early,1,1,"Robert Rodriguez, Daniela Parra",NA,Despejado,NA,27.75650466372116,14.7
G-AD-M-EPO3_09,AD-M-EPO3_09,G-AD-M-EPO3,Gaica,Gaica distancia,2019-10-08,19,2019,10,8,281,15,17:14:00,00:10:00,1,4,2,Early,2,1,"Robert Rodriguez, Daniela Parra",NA,Nublado,NA,27.75650466372116,14.7
G-AD-M-EPO3_09,AD-M-EPO3_09,G-AD-M-EPO3,Gaica,Gaica distancia,2019-10-09,19,2019,10,9,282,16,07:03:00,00:10:00,1,4,3,Early,3,1,"Robert Rodriguez, Daniela Parra",NA,Despejado,NA,27.75650466372116,14.7
G-AD-M-EPO3_09,AD-M-EPO3_09,G-AD-M-EPO3,Gaica,Gaica distancia,2019-10-09,19,2019,10,9,282,16,15:46:00,00:10:00,1,4,4,Early,4,1,"Robert Rodriguez, Daniela Parra",NA,Nublado,NA,27.75650466372116,14.7
G-AD-M-EPO3_10,AD-M-EPO3_10,G-AD-M-EPO3,Gaica,Gaica distancia,2019-10-08,19,2019,10,8,281,15,08:55:00,00:07:00,1,4,1,Early,1,1,"Robert Rodriguez, Daniela Parra",NA,Despejado,NA,28.21000981354267,9.4
G-AD-M-EPO3_10,AD-M-EPO3_10,G-AD-M-EPO3,Gaica,Gaica distancia,2019-10-08,19,2019,10,8,281,15,17:30:00,00:09:00,1,4,2,Early,2,1,"Robert Rodriguez, Daniela Parra",NA,Nublado,NA,28.21000981354267,9.4
G-AD-M-EPO3_10,AD-M-EPO3_10,G-AD-M-EPO3,Gaica,Gaica distancia,2019-10-09,19,2019,10,9,282,16,06:50:00,00:10:00,1,4,3,Early,3,1,"Robert Rodriguez, Daniela Parra",NA,Despejado,NA,28.21000981354267,9.4
G-AD-M-EPO3_10,AD-M-EPO3_10,G-AD-M-EPO3,Gaica,Gaica distancia,2019-10-09,19,2019,10,9,282,16,15:34:00,00:06:00,1,4,4,Early,4,1,"Robert Rodriguez, Daniela Parra",NA,Nublado,NA,28.21000981354267,9.4
G-AD-M-EPO3_11,AD-M-EPO3_11,G-AD-M-EPO3,Gaica,Gaica distancia,2019-10-08,19,2019,10,8,281,15,09:12:00,00:05:00,1,4,1,Early,1,1,"Robert Rodriguez, Daniela Parra",NA,Despejado,NA,30.159577083845527,14.5
G-AD-M-EPO3_11,AD-M-EPO3_11,G-AD-M-EPO3,Gaica,Gaica distancia,2019-10-08,19,2019,10,8,281,15,17:49:00,00:05:00,1,4,2,Early,2,1,"Robert Rodriguez, Daniela Parra",NA,Nublado,NA,30.159577083845527,14.5
G-AD-M-EPO3_11,AD-M-EPO3_11,G-AD-M-EPO3,Gaica,Gaica distancia,2019-10-09,19,2019,10,9,282,16,06:35:00,00:10:00,1,4,3,Early,3,1,"Robert Rodriguez, Daniela Parra",NA,Despejado,NA,30.159577083845527,14.5
G-AD-M-EPO3_11,AD-M-EPO3_11,G-AD-M-EPO3,Gaica,Gaica distancia,2019-10-09,19,2019,10,9,282,16,15:21:00,00:01:00,1,4,4,Early,4,1,"Robert Rodriguez, Daniela Parra",NA,Nublado,NA,30.159577083845527,14.5
G-AD-M-LCA1_01,AD-M-LCA1_01,G-AD-M-LCA1,Gaica,Gaica distancia,2019-09-24,19,2019,9,24,267,1,06:18:00,00:10:00,1,5,1,Early,1,1,"Robert Rodriguez, Daniela Parra",NA,Despejado,NA,18.159224730127907,3.1
G-AD-M-LCA1_01,AD-M-LCA1_01,G-AD-M-LCA1,Gaica,Gaica distancia,2019-09-24,19,2019,9,24,267,1,15:03:00,00:10:00,1,5,2,Early,2,1,"Robert Rodriguez, Daniela Parra",NA,Despejado,NA,18.159224730127907,3.1
G-AD-M-LCA1_01,AD-M-LCA1_01,G-AD-M-LCA1,Gaica,Gaica distancia,2019-09-25,19,2019,9,25,268,2,09:15:00,00:10:00,1,5,3,Early,3,1,"Robert Rodriguez, Daniela Parra",NA,Despejado,NA,18.159224730127907,3.1
G-AD-M-LCA1_01,AD-M-LCA1_01,G-AD-M-LCA1,Gaica,Gaica distancia,2019-09-25,19,2019,9,25,268,2,17:30:00,00:09:00,1,5,4,Early,4,1,"Robert Rodriguez, Daniela Parra",NA,Nublado,NA,18.159224730127907,3.1
G-AD-M-LCA1_01,AD-M-LCA1_01,G-AD-M-LCA1,Gaica,Gaica distancia,2019-09-26,19,2019,9,26,269,3,06:20:00,00:08:00,1,5,5,Early,5,1,"Robert Rodriguez, Daniela Parra",NA,Despejado,NA,18.159224730127907,3.1
G-AD-M-LCA1_02,AD-M-LCA1_02,G-AD-M-LCA1,Gaica,Gaica distancia,2019-09-24,19,2019,9,24,267,1,06:39:00,00:10:00,1,5,1,Early,1,1,"Robert Rodriguez, Daniela Parra",NA,Despejado,NA,17.703339882121483,7.3
G-AD-M-LCA1_02,AD-M-LCA1_02,G-AD-M-LCA1,Gaica,Gaica distancia,2019-09-24,19,2019,9,24,267,1,15:20:00,00:09:00,1,5,2,Early,2,1,"Robert Rodriguez, Daniela Parra",NA,Despejado,NA,17.703339882121483,7.3
G-AD-M-LCA1_02,AD-M-LCA1_02,G-AD-M-LCA1,Gaica,Gaica distancia,2019-09-25,19,2019,9,25,268,2,09:00:00,00:10:00,1,5,3,Early,3,1,"Robert Rodriguez, Daniela Parra",NA,Despejado,NA,17.703339882121483,7.3
G-AD-M-LCA1_02,AD-M-LCA1_02,G-AD-M-LCA1,Gaica,Gaica distancia,2019-09-25,19,2019,9,25,268,2,17:15:00,00:08:00,1,5,4,Early,4,1,"Robert Rodriguez, Daniela Parra",NA,Nublado,NA,17.703339882121483,7.3
G-AD-M-LCA1_02,AD-M-LCA1_02,G-AD-M-LCA1,Gaica,Gaica distancia,2019-09-26,19,2019,9,26,269,3,06:34:00,00:08:00,1,5,5,Early,5,1,"Robert Rodriguez, Daniela Parra",NA,Despejado,NA,17.703339882121483,7.3
G-AD-M-LCA1_03,AD-M-LCA1_03,G-AD-M-LCA1,Gaica,Gaica distancia,2019-09-24,19,2019,9,24,267,1,06:58:00,00:09:00,1,5,1,Early,1,1,"Robert Rodriguez, Daniela Parra",NA,Despejado,NA,17.11465750061401,0
G-AD-M-LCA1_03,AD-M-LCA1_03,G-AD-M-LCA1,Gaica,Gaica distancia,2019-09-24,19,2019,9,24,267,1,16:05:00,00:10:00,1,5,2,Early,2,1,"Robert Rodriguez, Daniela Parra",NA,Despejado,NA,17.11465750061401,0
G-AD-M-LCA1_03,AD-M-LCA1_03,G-AD-M-LCA1,Gaica,Gaica distancia,2019-09-25,19,2019,9,25,268,2,08:46:00,00:10:00,1,5,3,Early,3,1,"Robert Rodriguez, Daniela Parra",NA,Despejado,NA,17.11465750061401,0
G-AD-M-LCA1_03,AD-M-LCA1_03,G-AD-M-LCA1,Gaica,Gaica distancia,2019-09-25,19,2019,9,25,268,2,17:02:00,00:09:00,1,5,4,Early,4,1,"Robert Rodriguez, Daniela Parra",NA,Nublado,NA,17.11465750061401,0
G-AD-M-LCA1_03,AD-M-LCA1_03,G-AD-M-LCA1,Gaica,Gaica distancia,2019-09-26,19,2019,9,26,269,3,06:48:00,00:10:00,1,5,5,Early,5,1,"Robert Rodriguez, Daniela Parra",NA,Despejado,NA,17.11465750061401,0
G-AD-M-LCA1_04,AD-M-LCA1_04,G-AD-M-LCA1,Gaica,Gaica distancia,2019-09-24,19,2019,9,24,267,1,07:25:00,00:00:00,1,5,1,Early,1,1,"Robert Rodriguez, Daniela Parra",NA,Despejado,NA,16.631230051559047,14
G-AD-M-LCA1_04,AD-M-LCA1_04,G-AD-M-LCA1,Gaica,Gaica distancia,2019-09-24,19,2019,9,24,267,1,16:23:00,00:01:00,1,5,2,Early,2,1,"Robert Rodriguez, Daniela Parra",NA,Despejado,NA,16.631230051559047,14
G-AD-M-LCA1_04,AD-M-LCA1_04,G-AD-M-LCA1,Gaica,Gaica distancia,2019-09-25,19,2019,9,25,268,2,08:22:00,00:09:00,1,5,3,Early,3,1,"Robert Rodriguez, Daniela Parra",NA,Despejado,NA,16.631230051559047,14
G-AD-M-LCA1_04,AD-M-LCA1_04,G-AD-M-LCA1,Gaica,Gaica distancia,2019-09-25,19,2019,9,25,268,2,16:45:00,00:05:00,1,5,4,Early,4,1,"Robert Rodriguez, Daniela Parra",NA,Nublado,NA,16.631230051559047,14
G-AD-M-LCA1_04,AD-M-LCA1_04,G-AD-M-LCA1,Gaica,Gaica distancia,2019-09-26,19,2019,9,26,269,3,07:09:00,00:10:00,1,5,5,Early,5,1,"Robert Rodriguez, Daniela Parra",NA,Despejado,NA,16.631230051559047,14
G-AD-M-LCA1_05,AD-M-LCA1_05,G-AD-M-LCA1,Gaica,Gaica distancia,2019-09-24,19,2019,9,24,267,1,07:43:00,00:06:00,1,5,1,Early,1,1,"Robert Rodriguez, Daniela Parra",NA,Despejado,NA,16.101965601965308,13.3
G-AD-M-LCA1_05,AD-M-LCA1_05,G-AD-M-LCA1,Gaica,Gaica distancia,2019-09-24,19,2019,9,24,267,1,16:46:00,00:08:00,1,5,2,Early,2,1,"Robert Rodriguez, Daniela Parra",NA,Despejado,NA,16.101965601965308,13.3
G-AD-M-LCA1_05,AD-M-LCA1_05,G-AD-M-LCA1,Gaica,Gaica distancia,2019-09-25,19,2019,9,25,268,2,08:06:00,00:01:00,1,5,3,Early,3,1,"Robert Rodriguez, Daniela Parra",NA,Despejado,NA,16.101965601965308,13.3
G-AD-M-LCA1_05,AD-M-LCA1_05,G-AD-M-LCA1,Gaica,Gaica distancia,2019-09-25,19,2019,9,25,268,2,16:30:00,00:02:00,1,5,4,Early,4,1,"Robert Rodriguez, Daniela Parra",NA,Nublado,NA,16.101965601965308,13.3
G-AD-M-LCA1_05,AD-M-LCA1_05,G-AD-M-LCA1,Gaica,Gaica distancia,2019-09-26,19,2019,9,26,269,3,07:24:00,00:06:00,1,5,5,Early,5,1,"Robert Rodriguez, Daniela Parra",NA,Despejado,NA,16.101965601965308,13.3
G-AD-M-LCA1_06,AD-M-LCA1_06,G-AD-M-LCA1,Gaica,Gaica distancia,2019-09-24,19,2019,9,24,267,1,07:57:00,00:08:00,1,5,1,Early,1,1,"Robert Rodriguez, Daniela Parra",NA,Despejado,NA,15.90319410319446,7.6
G-AD-M-LCA1_06,AD-M-LCA1_06,G-AD-M-LCA1,Gaica,Gaica distancia,2019-09-24,19,2019,9,24,267,1,17:00:00,00:08:00,1,5,2,Early,2,1,"Robert Rodriguez, Daniela Parra",NA,Despejado,NA,15.90319410319446,7.6
G-AD-M-LCA1_06,AD-M-LCA1_06,G-AD-M-LCA1,Gaica,Gaica distancia,2019-09-25,19,2019,9,25,268,2,07:53:00,00:05:00,1,5,3,Early,3,1,"Robert Rodriguez, Daniela Parra",NA,Despejado,NA,15.90319410319446,7.6
G-AD-M-LCA1_06,AD-M-LCA1_06,G-AD-M-LCA1,Gaica,Gaica distancia,2019-09-25,19,2019,9,25,268,2,16:15:00,00:00:00,1,5,4,Early,4,1,"Robert Rodriguez, Daniela Parra",NA,Nublado,NA,15.90319410319446,7.6
G-AD-M-LCA1_06,AD-M-LCA1_06,G-AD-M-LCA1,Gaica,Gaica distancia,2019-09-26,19,2019,9,26,269,3,07:38:00,00:00:00,1,5,5,Early,5,1,"Robert Rodriguez, Daniela Parra",NA,Despejado,NA,15.90319410319446,7.6
G-AD-M-LCA1_07,AD-M-LCA1_07,G-AD-M-LCA1,Gaica,Gaica distancia,2019-09-24,19,2019,9,24,267,1,08:11:00,00:08:00,1,5,1,Early,1,1,"Robert Rodriguez, Daniela Parra",NA,Despejado,NA,15.934803921568232,0
G-AD-M-LCA1_07,AD-M-LCA1_07,G-AD-M-LCA1,Gaica,Gaica distancia,2019-09-24,19,2019,9,24,267,1,17:14:00,00:09:00,1,5,2,Early,2,1,"Robert Rodriguez, Daniela Parra",NA,Nublado,NA,15.934803921568232,0
G-AD-M-LCA1_07,AD-M-LCA1_07,G-AD-M-LCA1,Gaica,Gaica distancia,2019-09-25,19,2019,9,25,268,2,07:39:00,00:07:00,1,5,3,Early,3,1,"Robert Rodriguez, Daniela Parra",NA,Despejado,NA,15.934803921568232,0
G-AD-M-LCA1_07,AD-M-LCA1_07,G-AD-M-LCA1,Gaica,Gaica distancia,2019-09-25,19,2019,9,25,268,2,16:00:00,00:10:00,1,5,4,Early,4,1,"Robert Rodriguez, Daniela Parra",NA,Nublado,NA,15.934803921568232,0
G-AD-M-LCA1_07,AD-M-LCA1_07,G-AD-M-LCA1,Gaica,Gaica distancia,2019-09-26,19,2019,9,26,269,3,07:54:00,00:00:00,1,5,5,Early,5,1,"Robert Rodriguez, Daniela Parra",NA,Despejado,NA,15.934803921568232,0
G-AD-M-LCA1_08,AD-M-LCA1_08,G-AD-M-LCA1,Gaica,Gaica distancia,2019-09-24,19,2019,9,24,267,1,08:28:00,00:10:00,1,5,1,Early,1,1,"Robert Rodriguez, Daniela Parra",NA,Despejado,NA,16.32671568627429,0
G-AD-M-LCA1_08,AD-M-LCA1_08,G-AD-M-LCA1,Gaica,Gaica distancia,2019-09-24,19,2019,9,24,267,1,17:31:00,00:00:00,1,5,2,Early,2,1,"Robert Rodriguez, Daniela Parra",NA,Nublado,NA,16.32671568627429,0
G-AD-M-LCA1_08,AD-M-LCA1_08,G-AD-M-LCA1,Gaica,Gaica distancia,2019-09-25,19,2019,9,25,268,2,07:25:00,00:00:00,1,5,3,Early,3,1,"Robert Rodriguez, Daniela Parra",NA,Despejado,NA,16.32671568627429,0
G-AD-M-LCA1_08,AD-M-LCA1_08,G-AD-M-LCA1,Gaica,Gaica distancia,2019-09-25,19,2019,9,25,268,2,15:45:00,00:01:00,1,5,4,Early,4,1,"Robert Rodriguez, Daniela Parra",NA,Nublado,NA,16.32671568627429,0
G-AD-M-LCA1_08,AD-M-LCA1_08,G-AD-M-LCA1,Gaica,Gaica distancia,2019-09-26,19,2019,9,26,269,3,08:07:00,00:02:00,1,5,5,Early,5,1,"Robert Rodriguez, Daniela Parra",NA,Despejado,NA,16.32671568627429,0
G-AD-M-LCA1_09,AD-M-LCA1_09,G-AD-M-LCA1,Gaica,Gaica distancia,2019-09-24,19,2019,9,24,267,1,07:47:06,00:10:00,1,5,2,Early,1,0,NA,NA,NA,NA,16.18605792832547,0
G-AD-M-LCA1_09,AD-M-LCA1_09,G-AD-M-LCA1,Gaica,Gaica distancia,2019-09-24,19,2019,9,24,267,1,17:33:00,00:10:00,1,5,1,Early,2,1,"Robert Rodriguez, Daniela Parra",NA,Nublado,NA,16.18605792832547,0
G-AD-M-LCA1_09,AD-M-LCA1_09,G-AD-M-LCA1,Gaica,Gaica distancia,2019-09-25,19,2019,9,25,268,2,07:12:00,00:10:00,1,5,3,Early,3,1,"Robert Rodriguez, Daniela Parra",NA,Despejado,NA,16.18605792832547,0
G-AD-M-LCA1_09,AD-M-LCA1_09,G-AD-M-LCA1,Gaica,Gaica distancia,2019-09-25,19,2019,9,25,268,2,15:32:00,00:09:00,1,5,4,Early,4,1,"Robert Rodriguez, Daniela Parra",NA,Nublado,NA,16.18605792832547,0
G-AD-M-LCA1_09,AD-M-LCA1_09,G-AD-M-LCA1,Gaica,Gaica distancia,2019-09-26,19,2019,9,26,269,3,08:21:00,00:06:00,1,5,5,Early,5,1,"Robert Rodriguez, Daniela Parra",NA,Despejado,NA,16.18605792832547,0
G-AD-M-LCA1_10,AD-M-LCA1_10,G-AD-M-LCA1,Gaica,Gaica distancia,2019-09-24,19,2019,9,24,267,1,08:55:00,00:00:00,1,5,1,Early,1,1,"Robert Rodriguez, Daniela Parra",NA,Despejado,NA,16.6113429904244,0
G-AD-M-LCA1_10,AD-M-LCA1_10,G-AD-M-LCA1,Gaica,Gaica distancia,2019-09-24,19,2019,9,24,267,1,17:55:00,00:08:00,1,5,2,Early,2,1,"Robert Rodriguez, Daniela Parra",NA,Nublado,NA,16.6113429904244,0
G-AD-M-LCA1_10,AD-M-LCA1_10,G-AD-M-LCA1,Gaica,Gaica distancia,2019-09-25,19,2019,9,25,268,2,06:57:00,00:09:00,1,5,3,Early,3,1,"Robert Rodriguez, Daniela Parra",NA,Despejado,NA,16.6113429904244,0
G-AD-M-LCA1_10,AD-M-LCA1_10,G-AD-M-LCA1,Gaica,Gaica distancia,2019-09-25,19,2019,9,25,268,2,15:18:00,00:09:00,1,5,4,Early,4,1,"Robert Rodriguez, Daniela Parra",NA,Nublado,NA,16.6113429904244,0
G-AD-M-LCA1_10,AD-M-LCA1_10,G-AD-M-LCA1,Gaica,Gaica distancia,2019-09-26,19,2019,9,26,269,3,08:34:00,00:06:00,1,5,5,Early,5,1,"Robert Rodriguez, Daniela Parra",NA,Despejado,NA,16.6113429904244,0
G-AD-M-LCA1_11,AD-M-LCA1_11,G-AD-M-LCA1,Gaica,Gaica distancia,2019-09-24,19,2019,9,24,267,1,09:17:00,00:09:00,1,5,1,Early,1,1,"Robert Rodriguez, Daniela Parra",NA,Despejado,NA,17.513267813267344,10.2
G-AD-M-LCA1_11,AD-M-LCA1_11,G-AD-M-LCA1,Gaica,Gaica distancia,2019-09-24,19,2019,9,24,267,1,18:08:00,00:10:00,1,5,2,Early,2,1,"Robert Rodriguez, Daniela Parra",NA,Nublado,NA,17.513267813267344,10.2
G-AD-M-LCA1_11,AD-M-LCA1_11,G-AD-M-LCA1,Gaica,Gaica distancia,2019-09-25,19,2019,9,25,268,2,06:40:00,00:08:00,1,5,3,Early,3,1,"Robert Rodriguez, Daniela Parra",NA,Despejado,NA,17.513267813267344,10.2
G-AD-M-LCA1_11,AD-M-LCA1_11,G-AD-M-LCA1,Gaica,Gaica distancia,2019-09-25,19,2019,9,25,268,2,15:00:00,00:00:00,1,5,4,Early,4,1,"Robert Rodriguez, Daniela Parra",NA,Nublado,NA,17.513267813267344,10.2
G-AD-M-LCA1_11,AD-M-LCA1_11,G-AD-M-LCA1,Gaica,Gaica distancia,2019-09-26,19,2019,9,26,269,3,08:50:00,00:10:00,1,5,5,Early,5,1,"Robert Rodriguez, Daniela Parra",NA,Despejado,NA,17.513267813267344,10.2
G-AD-M-LCA2_01,AD-M-LCA2_01,G-AD-M-LCA2,Gaica,Gaica distancia,2019-10-08,19,2019,10,8,281,15,06:48:00,00:10:00,1,5,1,Early,1,1,"Yuri Rosero-Mora, Diego Cardenas",NA,Despejado,NA,23.65693251533727,0
G-AD-M-LCA2_01,AD-M-LCA2_01,G-AD-M-LCA2,Gaica,Gaica distancia,2019-10-08,19,2019,10,8,281,15,15:40:00,00:10:00,1,5,2,Early,2,1,"Yuri Rosero-Mora, Diego Cardenas",NA,Nublado,NA,23.65693251533727,0
G-AD-M-LCA2_01,AD-M-LCA2_01,G-AD-M-LCA2,Gaica,Gaica distancia,2019-10-09,19,2019,10,9,282,16,06:47:00,00:10:00,1,5,3,Early,3,1,"Yuri Rosero-Mora, Diego Cardenas",NA,Nublado,NA,23.65693251533727,0
G-AD-M-LCA2_01,AD-M-LCA2_01,G-AD-M-LCA2,Gaica,Gaica distancia,2019-10-09,19,2019,10,9,282,16,17:57:00,00:10:00,1,5,4,Early,4,1,"Yuri Rosero-Mora, Diego Cardenas",NA,Despejado,NA,23.65693251533727,0
G-AD-M-LCA2_01,AD-M-LCA2_01,G-AD-M-LCA2,Gaica,Gaica distancia,2019-10-10,19,2019,10,10,283,17,06:30:00,00:10:00,1,5,5,Early,5,1,"Yuri Rosero-Mora, Diego Cardenas",NA,Nublado,NA,23.65693251533727,0
G-AD-M-LCA2_02,AD-M-LCA2_02,G-AD-M-LCA2,Gaica,Gaica distancia,2019-10-08,19,2019,10,8,281,15,10:10:00,00:08:00,1,5,1,Early,1,1,"Yuri Rosero-Mora, Diego Cardenas",NA,Despejado,NA,19.500981354268916,13.9
G-AD-M-LCA2_02,AD-M-LCA2_02,G-AD-M-LCA2,Gaica,Gaica distancia,2019-10-08,19,2019,10,8,281,15,18:05:00,00:05:00,1,5,2,Early,2,1,"Yuri Rosero-Mora, Diego Cardenas",NA,Nublado,NA,19.500981354268916,13.9
G-AD-M-LCA2_02,AD-M-LCA2_02,G-AD-M-LCA2,Gaica,Gaica distancia,2019-10-09,19,2019,10,9,282,16,09:37:00,00:10:00,1,5,3,Early,3,1,"Yuri Rosero-Mora, Diego Cardenas",NA,Nublado,NA,19.500981354268916,13.9
G-AD-M-LCA2_02,AD-M-LCA2_02,G-AD-M-LCA2,Gaica,Gaica distancia,2019-10-09,19,2019,10,9,282,16,15:35:00,00:10:00,1,5,4,Early,4,1,"Yuri Rosero-Mora, Diego Cardenas",NA,Despejado,NA,19.500981354268916,13.9
G-AD-M-LCA2_02,AD-M-LCA2_02,G-AD-M-LCA2,Gaica,Gaica distancia,2019-10-10,19,2019,10,10,283,17,15:00:00,00:10:00,1,5,5,Early,5,0,NA,NA,NA,NA,19.500981354268916,13.9
G-AD-M-LCA2_03,AD-M-LCA2_03,G-AD-M-LCA2,Gaica,Gaica distancia,2019-10-08,19,2019,10,8,281,15,09:41:00,00:10:00,1,5,1,Early,1,1,"Yuri Rosero-Mora, Diego Cardenas",NA,Despejado,NA,19.847079037800523,14.3
G-AD-M-LCA2_03,AD-M-LCA2_03,G-AD-M-LCA2,Gaica,Gaica distancia,2019-10-08,19,2019,10,8,281,15,17:45:00,00:01:00,1,5,2,Early,2,1,"Yuri Rosero-Mora, Diego Cardenas",NA,Nublado,NA,19.847079037800523,14.3
G-AD-M-LCA2_03,AD-M-LCA2_03,G-AD-M-LCA2,Gaica,Gaica distancia,2019-10-09,19,2019,10,9,282,16,08:00:00,00:10:00,1,5,4,Early,3,0,NA,NA,NA,NA,19.847079037800523,14.3
G-AD-M-LCA2_03,AD-M-LCA2_03,G-AD-M-LCA2,Gaica,Gaica distancia,2019-10-09,19,2019,10,9,282,16,09:22:00,00:10:00,1,5,3,Early,4,1,"Yuri Rosero-Mora, Diego Cardenas",NA,Nublado,NA,19.847079037800523,14.3
G-AD-M-LCA2_03,AD-M-LCA2_03,G-AD-M-LCA2,Gaica,Gaica distancia,2019-10-10,19,2019,10,10,283,17,15:00:00,00:10:00,1,5,5,Early,5,0,NA,NA,NA,NA,19.847079037800523,14.3
G-AD-M-LCA2_04,AD-M-LCA2_04,G-AD-M-LCA2,Gaica,Gaica distancia,2019-10-08,19,2019,10,8,281,15,09:12:00,00:10:00,1,5,1,Early,1,1,"Yuri Rosero-Mora, Diego Cardenas",NA,Despejado,NA,22.83071638861611,14.1
G-AD-M-LCA2_04,AD-M-LCA2_04,G-AD-M-LCA2,Gaica,Gaica distancia,2019-10-08,19,2019,10,8,281,15,17:28:00,00:09:00,1,5,2,Early,2,1,"Yuri Rosero-Mora, Diego Cardenas",NA,Nublado,NA,22.83071638861611,14.1
G-AD-M-LCA2_04,AD-M-LCA2_04,G-AD-M-LCA2,Gaica,Gaica distancia,2019-10-09,19,2019,10,9,282,16,08:46:00,00:10:00,1,5,3,Early,3,1,"Yuri Rosero-Mora, Diego Cardenas",NA,Nublado,NA,22.83071638861611,14.1
G-AD-M-LCA2_04,AD-M-LCA2_04,G-AD-M-LCA2,Gaica,Gaica distancia,2019-10-09,19,2019,10,9,282,16,16:17:48,00:10:00,1,5,4,Early,4,0,NA,NA,NA,NA,22.83071638861611,14.1
G-AD-M-LCA2_04,AD-M-LCA2_04,G-AD-M-LCA2,Gaica,Gaica distancia,2019-10-10,19,2019,10,10,283,17,15:00:00,00:10:00,1,5,5,Early,5,0,NA,NA,NA,NA,22.83071638861611,14.1
G-AD-M-LCA2_05,AD-M-LCA2_05,G-AD-M-LCA2,Gaica,Gaica distancia,2019-10-08,19,2019,10,8,281,15,08:51:00,00:10:00,1,5,1,Early,1,1,"Yuri Rosero-Mora, Diego Cardenas",NA,Despejado,NA,25.904785276073337,9.4
G-AD-M-LCA2_05,AD-M-LCA2_05,G-AD-M-LCA2,Gaica,Gaica distancia,2019-10-08,19,2019,10,8,281,15,17:13:00,00:05:00,1,5,2,Early,2,1,"Yuri Rosero-Mora, Diego Cardenas",NA,Nublado,NA,25.904785276073337,9.4
G-AD-M-LCA2_05,AD-M-LCA2_05,G-AD-M-LCA2,Gaica,Gaica distancia,2019-10-09,19,2019,10,9,282,16,08:25:00,00:01:00,1,5,3,Early,3,1,"Yuri Rosero-Mora, Diego Cardenas",NA,Nublado,NA,25.904785276073337,9.4
G-AD-M-LCA2_05,AD-M-LCA2_05,G-AD-M-LCA2,Gaica,Gaica distancia,2019-10-09,19,2019,10,9,282,16,16:36:00,00:00:00,1,5,4,Early,4,1,"Yuri Rosero-Mora, Diego Cardenas",NA,Despejado,NA,25.904785276073337,9.4
G-AD-M-LCA2_05,AD-M-LCA2_05,G-AD-M-LCA2,Gaica,Gaica distancia,2019-10-10,19,2019,10,10,283,17,15:00:00,00:10:00,1,5,5,Early,5,0,NA,NA,NA,NA,25.904785276073337,9.4
G-AD-M-LCA2_06,AD-M-LCA2_06,G-AD-M-LCA2,Gaica,Gaica distancia,2019-10-08,19,2019,10,8,281,15,08:21:00,00:10:00,1,5,1,Early,1,1,"Yuri Rosero-Mora, Diego Cardenas",NA,Despejado,NA,27.705925743791266,12.4
G-AD-M-LCA2_06,AD-M-LCA2_06,G-AD-M-LCA2,Gaica,Gaica distancia,2019-10-08,19,2019,10,8,281,15,16:55:00,00:10:00,1,5,2,Early,2,1,"Yuri Rosero-Mora, Diego Cardenas",NA,Nublado,NA,27.705925743791266,12.4
G-AD-M-LCA2_06,AD-M-LCA2_06,G-AD-M-LCA2,Gaica,Gaica distancia,2019-10-09,19,2019,10,9,282,16,08:05:00,00:10:00,1,5,3,Early,3,1,"Yuri Rosero-Mora, Diego Cardenas",NA,Nublado,NA,27.705925743791266,12.4
G-AD-M-LCA2_06,AD-M-LCA2_06,G-AD-M-LCA2,Gaica,Gaica distancia,2019-10-09,19,2019,10,9,282,16,16:50:00,00:07:00,1,5,4,Early,4,1,"Yuri Rosero-Mora, Diego Cardenas",NA,Despejado,NA,27.705925743791266,12.4
G-AD-M-LCA2_06,AD-M-LCA2_06,G-AD-M-LCA2,Gaica,Gaica distancia,2019-10-10,19,2019,10,10,283,17,07:45:00,00:10:00,1,5,5,Early,5,1,"Yuri Rosero-Mora, Diego Cardenas",NA,Nublado,NA,27.705925743791266,12.4
G-AD-M-LCA2_07,AD-M-LCA2_07,G-AD-M-LCA2,Gaica,Gaica distancia,2019-10-08,19,2019,10,8,281,15,08:00:00,00:10:00,1,5,1,Early,1,1,"Yuri Rosero-Mora, Diego Cardenas",NA,Despejado,NA,29.26678141135979,17.1
G-AD-M-LCA2_07,AD-M-LCA2_07,G-AD-M-LCA2,Gaica,Gaica distancia,2019-10-08,19,2019,10,8,281,15,16:36:00,00:04:00,1,5,2,Early,2,1,"Yuri Rosero-Mora, Diego Cardenas",NA,Nublado,NA,29.26678141135979,17.1
G-AD-M-LCA2_07,AD-M-LCA2_07,G-AD-M-LCA2,Gaica,Gaica distancia,2019-10-09,19,2019,10,9,282,16,07:46:00,00:08:00,1,5,3,Early,3,1,"Yuri Rosero-Mora, Diego Cardenas",NA,Nublado,NA,29.26678141135979,17.1
G-AD-M-LCA2_07,AD-M-LCA2_07,G-AD-M-LCA2,Gaica,Gaica distancia,2019-10-09,19,2019,10,9,282,16,17:05:00,00:10:00,1,5,4,Early,4,1,"Yuri Rosero-Mora, Diego Cardenas",NA,Despejado,NA,29.26678141135979,17.1
G-AD-M-LCA2_07,AD-M-LCA2_07,G-AD-M-LCA2,Gaica,Gaica distancia,2019-10-10,19,2019,10,10,283,17,07:30:00,00:07:00,1,5,5,Early,5,1,"Yuri Rosero-Mora, Diego Cardenas",NA,Nublado,NA,29.26678141135979,17.1
G-AD-M-LCA2_08,AD-M-LCA2_08,G-AD-M-LCA2,Gaica,Gaica distancia,2019-10-08,19,2019,10,8,281,15,07:30:00,00:10:00,1,5,1,Early,1,1,"Yuri Rosero-Mora, Diego Cardenas",NA,Despejado,NA,29.477919528950068,8.8
G-AD-M-LCA2_08,AD-M-LCA2_08,G-AD-M-LCA2,Gaica,Gaica distancia,2019-10-08,19,2019,10,8,281,15,16:21:00,00:10:00,1,5,2,Early,2,1,"Yuri Rosero-Mora, Diego Cardenas",NA,Nublado,NA,29.477919528950068,8.8
G-AD-M-LCA2_08,AD-M-LCA2_08,G-AD-M-LCA2,Gaica,Gaica distancia,2019-10-09,19,2019,10,9,282,16,07:30:00,00:08:00,1,5,3,Early,3,1,"Yuri Rosero-Mora, Diego Cardenas",NA,Nublado,NA,29.477919528950068,8.8
G-AD-M-LCA2_08,AD-M-LCA2_08,G-AD-M-LCA2,Gaica,Gaica distancia,2019-10-09,19,2019,10,9,282,16,17:18:00,00:10:00,1,5,4,Early,4,1,"Yuri Rosero-Mora, Diego Cardenas",NA,Despejado,NA,29.477919528950068,8.8
G-AD-M-LCA2_08,AD-M-LCA2_08,G-AD-M-LCA2,Gaica,Gaica distancia,2019-10-10,19,2019,10,10,283,17,07:15:00,00:07:00,1,5,5,Early,5,1,"Yuri Rosero-Mora, Diego Cardenas",NA,Nublado,NA,29.477919528950068,8.8
G-AD-M-LCA2_09,AD-M-LCA2_09,G-AD-M-LCA2,Gaica,Gaica distancia,2019-10-08,19,2019,10,8,281,15,07:09:00,00:08:00,1,5,1,Early,1,1,"Yuri Rosero-Mora, Diego Cardenas",NA,Despejado,NA,24.954367026496765,0
G-AD-M-LCA2_09,AD-M-LCA2_09,G-AD-M-LCA2,Gaica,Gaica distancia,2019-10-08,19,2019,10,8,281,15,16:07:00,00:10:00,1,5,2,Early,2,1,"Yuri Rosero-Mora, Diego Cardenas",NA,Nublado,NA,24.954367026496765,0
G-AD-M-LCA2_09,AD-M-LCA2_09,G-AD-M-LCA2,Gaica,Gaica distancia,2019-10-09,19,2019,10,9,282,16,07:08:00,00:08:00,1,5,3,Early,3,1,"Yuri Rosero-Mora, Diego Cardenas",NA,Nublado,NA,24.954367026496765,0
G-AD-M-LCA2_09,AD-M-LCA2_09,G-AD-M-LCA2,Gaica,Gaica distancia,2019-10-09,19,2019,10,9,282,16,17:35:00,00:00:00,1,5,4,Early,4,1,"Yuri Rosero-Mora, Diego Cardenas",NA,Despejado,NA,24.954367026496765,0
G-AD-M-LCA2_09,AD-M-LCA2_09,G-AD-M-LCA2,Gaica,Gaica distancia,2019-10-10,19,2019,10,10,283,17,06:54:00,00:10:00,1,5,5,Early,5,1,"Yuri Rosero-Mora, Diego Cardenas",NA,Nublado,NA,24.954367026496765,0
G-AD-M-LCA2_10,AD-M-LCA2_10,G-AD-M-LCA2,Gaica,Gaica distancia,2019-10-08,19,2019,10,8,281,15,06:30:00,00:10:00,1,5,1,Early,1,1,"Yuri Rosero-Mora, Diego Cardenas",NA,Despejado,NA,24.143312883435495,6.2
G-AD-M-LCA2_10,AD-M-LCA2_10,G-AD-M-LCA2,Gaica,Gaica distancia,2019-10-08,19,2019,10,8,281,15,15:16:00,00:10:00,1,5,2,Early,2,1,"Yuri Rosero-Mora, Diego Cardenas",NA,Nublado,NA,24.143312883435495,6.2
G-AD-M-LCA2_10,AD-M-LCA2_10,G-AD-M-LCA2,Gaica,Gaica distancia,2019-10-09,19,2019,10,9,282,16,05:32:00,00:10:00,1,5,3,Early,3,1,"Yuri Rosero-Mora, Diego Cardenas",NA,Nublado,NA,24.143312883435495,6.2
G-AD-M-LCA2_10,AD-M-LCA2_10,G-AD-M-LCA2,Gaica,Gaica distancia,2019-10-09,19,2019,10,9,282,16,17:47:00,00:08:00,1,5,4,Early,4,1,"Yuri Rosero-Mora, Diego Cardenas",NA,Despejado,NA,24.143312883435495,6.2
G-AD-M-LCA2_10,AD-M-LCA2_10,G-AD-M-LCA2,Gaica,Gaica distancia,2019-10-10,19,2019,10,10,283,17,06:15:00,00:10:00,1,5,5,Early,5,1,"Yuri Rosero-Mora, Diego Cardenas",NA,Nublado,NA,24.143312883435495,6.2
G-AD-M-LCA2_11,AD-M-LCA2_11,G-AD-M-LCA2,Gaica,Gaica distancia,2019-10-08,19,2019,10,8,281,15,06:05:00,00:10:00,1,5,1,Early,1,1,"Yuri Rosero-Mora, Diego Cardenas",NA,Despejado,NA,24.623465881197728,13.8
G-AD-M-LCA2_11,AD-M-LCA2_11,G-AD-M-LCA2,Gaica,Gaica distancia,2019-10-08,19,2019,10,8,281,15,15:05:00,00:05:00,1,5,2,Early,2,1,"Yuri Rosero-Mora, Diego Cardenas",NA,Nublado,NA,24.623465881197728,13.8
G-AD-M-LCA2_11,AD-M-LCA2_11,G-AD-M-LCA2,Gaica,Gaica distancia,2019-10-09,19,2019,10,9,282,16,06:14:00,00:10:00,1,5,3,Early,3,1,"Yuri Rosero-Mora, Diego Cardenas",NA,Nublado,NA,24.623465881197728,13.8
G-AD-M-LCA2_11,AD-M-LCA2_11,G-AD-M-LCA2,Gaica,Gaica distancia,2019-10-09,19,2019,10,9,282,16,18:15:00,00:00:00,1,5,4,Early,4,1,"Yuri Rosero-Mora, Diego Cardenas",NA,Despejado,NA,24.623465881197728,13.8
G-AD-M-LCA2_11,AD-M-LCA2_11,G-AD-M-LCA2,Gaica,Gaica distancia,2019-10-10,19,2019,10,10,283,17,05:58:00,00:10:00,1,5,5,Early,5,1,"Yuri Rosero-Mora, Diego Cardenas",NA,Nublado,NA,24.623465881197728,13.8
G-AD-M-LC_01,AD-M-LC_01,G-AD-M-LC,Gaica,Gaica distancia,2019-10-01,19,2019,10,1,274,8,06:25:00,00:10:00,1,5,1,Early,1,1,"Yuri Rosero-Mora, Diego Cardenas",NA,Despejado,NA,17.665848871442847,13.3
G-AD-M-LC_01,AD-M-LC_01,G-AD-M-LC,Gaica,Gaica distancia,2019-10-01,19,2019,10,1,274,8,15:20:00,00:05:00,1,5,2,Early,2,1,"Yuri Rosero-Mora, Diego Cardenas",NA,Despejado,NA,17.665848871442847,13.3
G-AD-M-LC_01,AD-M-LC_01,G-AD-M-LC,Gaica,Gaica distancia,2019-10-02,19,2019,10,2,275,9,09:30:00,00:10:00,1,5,3,Early,3,1,"Yuri Rosero-Mora, Diego Cardenas",NA,Despejado,NA,17.665848871442847,13.3
G-AD-M-LC_01,AD-M-LC_01,G-AD-M-LC,Gaica,Gaica distancia,2019-10-02,19,2019,10,2,275,9,18:20:00,00:00:00,1,5,4,Early,4,1,"Yuri Rosero-Mora, Diego Cardenas",NA,Despejado,NA,17.665848871442847,13.3
G-AD-M-LC_01,AD-M-LC_01,G-AD-M-LC,Gaica,Gaica distancia,2019-10-03,19,2019,10,3,276,10,12:30:00,00:10:00,1,5,5,Early,5,1,"Yuri Rosero-Mora, Diego Cardenas",NA,Nublado,NA,17.665848871442847,13.3
G-AD-M-LC_02,AD-M-LC_02,G-AD-M-LC,Gaica,Gaica distancia,2019-10-01,19,2019,10,1,274,8,06:47:00,00:08:00,1,5,1,Early,1,1,"Yuri Rosero-Mora, Diego Cardenas",NA,Despejado,NA,17.371526924022866,0
G-AD-M-LC_02,AD-M-LC_02,G-AD-M-LC,Gaica,Gaica distancia,2019-10-01,19,2019,10,1,274,8,15:25:00,00:00:00,1,5,2,Early,2,1,"Yuri Rosero-Mora, Diego Cardenas",NA,Despejado,NA,17.371526924022866,0
G-AD-M-LC_02,AD-M-LC_02,G-AD-M-LC,Gaica,Gaica distancia,2019-10-02,19,2019,10,2,275,9,09:15:00,00:07:00,1,5,3,Early,3,1,"Yuri Rosero-Mora, Diego Cardenas",NA,Despejado,NA,17.371526924022866,0
G-AD-M-LC_02,AD-M-LC_02,G-AD-M-LC,Gaica,Gaica distancia,2019-10-02,19,2019,10,2,275,9,18:05:00,00:00:00,1,5,4,Early,4,1,"Yuri Rosero-Mora, Diego Cardenas",NA,Despejado,NA,17.371526924022866,0
G-AD-M-LC_02,AD-M-LC_02,G-AD-M-LC,Gaica,Gaica distancia,2019-10-03,19,2019,10,3,276,10,12:14:00,00:10:00,1,5,5,Early,5,1,"Yuri Rosero-Mora, Diego Cardenas",NA,Nublado,NA,17.371526924022866,0
G-AD-M-LC_03,AD-M-LC_03,G-AD-M-LC,Gaica,Gaica distancia,2019-10-01,19,2019,10,1,274,8,07:06:00,00:09:00,1,5,1,Early,1,1,"Yuri Rosero-Mora, Diego Cardenas",NA,Despejado,NA,17.05901155642965,11.1
G-AD-M-LC_03,AD-M-LC_03,G-AD-M-LC,Gaica,Gaica distancia,2019-10-01,19,2019,10,1,274,8,15:55:00,00:05:00,1,5,2,Early,2,1,"Yuri Rosero-Mora, Diego Cardenas",NA,Despejado,NA,17.05901155642965,11.1
G-AD-M-LC_03,AD-M-LC_03,G-AD-M-LC,Gaica,Gaica distancia,2019-10-02,19,2019,10,2,275,9,08:52:00,00:10:00,1,5,3,Early,3,1,"Yuri Rosero-Mora, Diego Cardenas",NA,Despejado,NA,17.05901155642965,11.1
G-AD-M-LC_03,AD-M-LC_03,G-AD-M-LC,Gaica,Gaica distancia,2019-10-02,19,2019,10,2,275,9,17:47:00,00:03:00,1,5,4,Early,4,1,"Yuri Rosero-Mora, Diego Cardenas",NA,Despejado,NA,17.05901155642965,11.1
G-AD-M-LC_03,AD-M-LC_03,G-AD-M-LC,Gaica,Gaica distancia,2019-10-03,19,2019,10,3,276,10,11:55:00,00:10:00,1,5,5,Early,5,1,"Yuri Rosero-Mora, Diego Cardenas",NA,Nublado,NA,17.05901155642965,11.1
G-AD-M-LC_04,AD-M-LC_04,G-AD-M-LC,Gaica,Gaica distancia,2019-10-01,19,2019,10,1,274,8,07:25:00,00:10:00,1,5,1,Early,1,1,"Yuri Rosero-Mora, Diego Cardenas",NA,Despejado,NA,16.810539215686052,13.7
G-AD-M-LC_04,AD-M-LC_04,G-AD-M-LC,Gaica,Gaica distancia,2019-10-01,19,2019,10,1,274,8,16:15:00,00:10:00,1,5,2,Early,2,1,"Yuri Rosero-Mora, Diego Cardenas",NA,Despejado,NA,16.810539215686052,13.7
G-AD-M-LC_04,AD-M-LC_04,G-AD-M-LC,Gaica,Gaica distancia,2019-10-02,19,2019,10,2,275,9,08:35:00,00:10:00,1,5,3,Early,3,1,"Yuri Rosero-Mora, Diego Cardenas",NA,Despejado,NA,16.810539215686052,13.7
G-AD-M-LC_04,AD-M-LC_04,G-AD-M-LC,Gaica,Gaica distancia,2019-10-02,19,2019,10,2,275,9,17:30:00,00:10:00,1,5,4,Early,4,1,"Yuri Rosero-Mora, Diego Cardenas",NA,Despejado,NA,16.810539215686052,13.7
G-AD-M-LC_04,AD-M-LC_04,G-AD-M-LC,Gaica,Gaica distancia,2019-10-03,19,2019,10,3,276,10,11:40:00,00:09:00,1,5,5,Early,5,1,"Yuri Rosero-Mora, Diego Cardenas",NA,Nublado,NA,16.810539215686052,13.7
G-AD-M-LC_05,AD-M-LC_05,G-AD-M-LC,Gaica,Gaica distancia,2019-10-01,19,2019,10,1,274,8,07:57:00,00:03:00,1,5,1,Early,1,1,"Yuri Rosero-Mora, Diego Cardenas",NA,Despejado,NA,16.11372549019635,11.2
G-AD-M-LC_05,AD-M-LC_05,G-AD-M-LC,Gaica,Gaica distancia,2019-10-01,19,2019,10,1,274,8,16:38:00,00:09:00,1,5,2,Early,2,1,"Yuri Rosero-Mora, Diego Cardenas",NA,Despejado,NA,16.11372549019635,11.2
G-AD-M-LC_05,AD-M-LC_05,G-AD-M-LC,Gaica,Gaica distancia,2019-10-02,19,2019,10,2,275,9,08:12:00,00:08:00,1,5,3,Early,3,1,"Yuri Rosero-Mora, Diego Cardenas",NA,Despejado,NA,16.11372549019635,11.2
G-AD-M-LC_05,AD-M-LC_05,G-AD-M-LC,Gaica,Gaica distancia,2019-10-02,19,2019,10,2,275,9,17:15:00,00:07:00,1,5,4,Early,4,1,"Yuri Rosero-Mora, Diego Cardenas",NA,Despejado,NA,16.11372549019635,11.2
G-AD-M-LC_05,AD-M-LC_05,G-AD-M-LC,Gaica,Gaica distancia,2019-10-03,19,2019,10,3,276,10,11:20:00,00:10:00,1,5,5,Early,5,1,"Yuri Rosero-Mora, Diego Cardenas",NA,Nublado,NA,16.11372549019635,11.2
G-AD-M-LC_06,AD-M-LC_06,G-AD-M-LC,Gaica,Gaica distancia,2019-10-01,19,2019,10,1,274,8,08:17:00,00:03:00,1,5,1,Early,1,1,"Yuri Rosero-Mora, Diego Cardenas",NA,Despejado,NA,15.76951399116378,15
G-AD-M-LC_06,AD-M-LC_06,G-AD-M-LC,Gaica,Gaica distancia,2019-10-01,19,2019,10,1,274,8,16:55:00,00:10:00,1,5,2,Early,2,1,"Yuri Rosero-Mora, Diego Cardenas",NA,Despejado,NA,15.76951399116378,15
G-AD-M-LC_06,AD-M-LC_06,G-AD-M-LC,Gaica,Gaica distancia,2019-10-02,19,2019,10,2,275,9,07:51:00,00:08:00,1,5,3,Early,3,1,"Yuri Rosero-Mora, Diego Cardenas",NA,Despejado,NA,15.76951399116378,15
G-AD-M-LC_06,AD-M-LC_06,G-AD-M-LC,Gaica,Gaica distancia,2019-10-02,19,2019,10,2,275,9,17:00:00,00:08:00,1,5,4,Early,4,1,"Yuri Rosero-Mora, Diego Cardenas",NA,Despejado,NA,15.76951399116378,15
G-AD-M-LC_06,AD-M-LC_06,G-AD-M-LC,Gaica,Gaica distancia,2019-10-03,19,2019,10,3,276,10,11:07:00,00:01:00,1,5,5,Early,5,1,"Yuri Rosero-Mora, Diego Cardenas",NA,Nublado,NA,15.76951399116378,15
G-AD-M-LC_07,AD-M-LC_07,G-AD-M-LC,Gaica,Gaica distancia,2019-10-01,19,2019,10,1,274,8,08:35:00,00:10:00,1,5,1,Early,1,1,"Yuri Rosero-Mora, Diego Cardenas",NA,Despejado,NA,14.67909715407296,2.9
G-AD-M-LC_07,AD-M-LC_07,G-AD-M-LC,Gaica,Gaica distancia,2019-10-01,19,2019,10,1,274,8,17:10:00,00:08:00,1,5,2,Early,2,1,"Yuri Rosero-Mora, Diego Cardenas",NA,Despejado,NA,14.67909715407296,2.9
G-AD-M-LC_07,AD-M-LC_07,G-AD-M-LC,Gaica,Gaica distancia,2019-10-02,19,2019,10,2,275,9,07:30:00,00:07:00,1,5,3,Early,3,1,"Yuri Rosero-Mora, Diego Cardenas",NA,Despejado,NA,14.67909715407296,2.9
G-AD-M-LC_07,AD-M-LC_07,G-AD-M-LC,Gaica,Gaica distancia,2019-10-02,19,2019,10,2,275,9,16:40:00,00:08:00,1,5,4,Early,4,1,"Yuri Rosero-Mora, Diego Cardenas",NA,Despejado,NA,14.67909715407296,2.9
G-AD-M-LC_07,AD-M-LC_07,G-AD-M-LC,Gaica,Gaica distancia,2019-10-03,19,2019,10,3,276,10,10:52:00,00:05:00,1,5,5,Early,5,1,"Yuri Rosero-Mora, Diego Cardenas",NA,Nublado,NA,14.67909715407296,2.9
G-AD-M-LC_08,AD-M-LC_08,G-AD-M-LC,Gaica,Gaica distancia,2019-10-01,19,2019,10,1,274,8,08:52:00,00:05:00,1,5,1,Early,1,1,"Yuri Rosero-Mora, Diego Cardenas",NA,Despejado,NA,13.99631177772364,4.7
G-AD-M-LC_08,AD-M-LC_08,G-AD-M-LC,Gaica,Gaica distancia,2019-10-01,19,2019,10,1,274,8,17:23:00,00:04:00,1,5,2,Early,2,1,"Yuri Rosero-Mora, Diego Cardenas",NA,Despejado,NA,13.99631177772364,4.7
G-AD-M-LC_08,AD-M-LC_08,G-AD-M-LC,Gaica,Gaica distancia,2019-10-02,19,2019,10,2,275,9,07:12:00,00:10:00,1,5,3,Early,3,1,"Yuri Rosero-Mora, Diego Cardenas",NA,Despejado,NA,13.99631177772364,4.7
G-AD-M-LC_08,AD-M-LC_08,G-AD-M-LC,Gaica,Gaica distancia,2019-10-02,19,2019,10,2,275,9,16:24:00,00:04:00,1,5,4,Early,4,1,"Yuri Rosero-Mora, Diego Cardenas",NA,Despejado,NA,13.99631177772364,4.7
G-AD-M-LC_08,AD-M-LC_08,G-AD-M-LC,Gaica,Gaica distancia,2019-10-03,19,2019,10,3,276,10,10:35:00,00:08:00,1,5,5,Early,5,1,"Yuri Rosero-Mora, Diego Cardenas",NA,Nublado,NA,13.99631177772364,4.7
G-AD-M-LC_09,AD-M-LC_09,G-AD-M-LC,Gaica,Gaica distancia,2019-10-01,19,2019,10,1,274,8,09:17:00,00:06:00,1,5,1,Early,1,1,"Yuri Rosero-Mora, Diego Cardenas",NA,Despejado,NA,14.533136966127207,0
G-AD-M-LC_09,AD-M-LC_09,G-AD-M-LC,Gaica,Gaica distancia,2019-10-01,19,2019,10,1,274,8,17:46:00,00:06:00,1,5,2,Early,2,1,"Yuri Rosero-Mora, Diego Cardenas",NA,Despejado,NA,14.533136966127207,0
G-AD-M-LC_09,AD-M-LC_09,G-AD-M-LC,Gaica,Gaica distancia,2019-10-02,19,2019,10,2,275,9,06:57:00,00:05:00,1,5,3,Early,3,1,"Yuri Rosero-Mora, Diego Cardenas",NA,Despejado,NA,14.533136966127207,0
G-AD-M-LC_09,AD-M-LC_09,G-AD-M-LC,Gaica,Gaica distancia,2019-10-02,19,2019,10,2,275,9,16:15:00,00:07:00,1,5,4,Early,4,1,"Yuri Rosero-Mora, Diego Cardenas",NA,Despejado,NA,14.533136966127207,0
G-AD-M-LC_09,AD-M-LC_09,G-AD-M-LC,Gaica,Gaica distancia,2019-10-03,19,2019,10,3,276,10,10:18:00,00:07:00,1,5,5,Early,5,1,"Yuri Rosero-Mora, Diego Cardenas",NA,Nublado,NA,14.533136966127207,0
G-AD-M-LC_10,AD-M-LC_10,G-AD-M-LC,Gaica,Gaica distancia,2019-10-01,19,2019,10,1,274,8,09:35:00,00:02:00,1,5,1,Early,1,1,"Yuri Rosero-Mora, Diego Cardenas",NA,Despejado,NA,16.553729146222242,0
G-AD-M-LC_10,AD-M-LC_10,G-AD-M-LC,Gaica,Gaica distancia,2019-10-01,19,2019,10,1,274,8,16:42:06,00:10:00,1,5,2,Early,2,0,NA,NA,NA,NA,16.553729146222242,0
G-AD-M-LC_10,AD-M-LC_10,G-AD-M-LC,Gaica,Gaica distancia,2019-10-02,19,2019,10,2,275,9,06:36:00,00:09:00,1,5,3,Early,3,1,"Yuri Rosero-Mora, Diego Cardenas",NA,Despejado,NA,16.553729146222242,0
G-AD-M-LC_10,AD-M-LC_10,G-AD-M-LC,Gaica,Gaica distancia,2019-10-02,19,2019,10,2,275,9,15:50:00,00:08:00,1,5,4,Early,4,1,"Yuri Rosero-Mora, Diego Cardenas",NA,Despejado,NA,16.553729146222242,0
G-AD-M-LC_10,AD-M-LC_10,G-AD-M-LC,Gaica,Gaica distancia,2019-10-03,19,2019,10,3,276,10,10:00:00,00:10:00,1,5,5,Early,5,1,"Yuri Rosero-Mora, Diego Cardenas",NA,Nublado,NA,16.553729146222242,0
G-AD-M-LC_11,AD-M-LC_11,G-AD-M-LC,Gaica,Gaica distancia,2019-10-01,19,2019,10,1,274,8,09:55:00,00:08:00,1,5,1,Early,1,1,"Yuri Rosero-Mora, Diego Cardenas",NA,Despejado,NA,17.337180746561806,9.5
G-AD-M-LC_11,AD-M-LC_11,G-AD-M-LC,Gaica,Gaica distancia,2019-10-01,19,2019,10,1,274,8,18:14:00,00:00:00,1,5,2,Early,2,1,"Yuri Rosero-Mora, Diego Cardenas",NA,Despejado,NA,17.337180746561806,9.5
G-AD-M-LC_11,AD-M-LC_11,G-AD-M-LC,Gaica,Gaica distancia,2019-10-02,19,2019,10,2,275,9,06:05:00,00:10:00,1,5,3,Early,3,1,"Yuri Rosero-Mora, Diego Cardenas",NA,Despejado,NA,17.337180746561806,9.5
G-AD-M-LC_11,AD-M-LC_11,G-AD-M-LC,Gaica,Gaica distancia,2019-10-02,19,2019,10,2,275,9,15:19:00,00:10:00,1,5,4,Early,4,1,"Yuri Rosero-Mora, Diego Cardenas",NA,Despejado,NA,17.337180746561806,9.5
G-AD-M-LC_11,AD-M-LC_11,G-AD-M-LC,Gaica,Gaica distancia,2019-10-03,19,2019,10,3,276,10,09:46:00,00:09:00,1,5,5,Early,5,1,"Yuri Rosero-Mora, Diego Cardenas",NA,Nublado,NA,17.337180746561806,9.5
G-AD-M-LD1_01,AD-M-LD1_01,G-AD-M-LD1,Gaica,Gaica distancia,2019-09-27,19,2019,9,27,270,4,15:12:00,00:06:00,1,4,1,Early,1,1,"Yuri Rosero-Mora, Diego Cardenas",NA,Despejado,NA,28.889106967616005,9.3
G-AD-M-LD1_01,AD-M-LD1_01,G-AD-M-LD1,Gaica,Gaica distancia,2019-09-28,19,2019,9,28,271,5,05:48:00,00:10:00,1,4,2,Early,2,1,"Yuri Rosero-Mora, Diego Cardenas",NA,Despejado,NA,28.889106967616005,9.3
G-AD-M-LD1_01,AD-M-LD1_01,G-AD-M-LD1,Gaica,Gaica distancia,2019-09-28,19,2019,9,28,271,5,15:20:00,00:09:00,1,4,3,Early,3,1,"Yuri Rosero-Mora, Diego Cardenas",NA,Despejado,NA,28.889106967616005,9.3
G-AD-M-LD1_01,AD-M-LD1_01,G-AD-M-LD1,Gaica,Gaica distancia,2019-09-29,19,2019,9,29,272,6,11:30:00,00:10:00,1,4,4,Early,4,1,"Yuri Rosero-Mora, Diego Cardenas",NA,Despejado,NA,28.889106967616005,9.3
G-AD-M-LD1_02,AD-M-LD1_02,G-AD-M-LD1,Gaica,Gaica distancia,2019-09-27,19,2019,9,27,270,4,15:36:00,00:10:00,1,5,1,Early,1,1,"Yuri Rosero-Mora, Diego Cardenas",NA,Despejado,NA,27.121687929342546,9.3
G-AD-M-LD1_02,AD-M-LD1_02,G-AD-M-LD1,Gaica,Gaica distancia,2019-09-28,19,2019,9,28,271,5,06:11:00,00:07:00,1,5,2,Early,2,1,"Yuri Rosero-Mora, Diego Cardenas",NA,Despejado,NA,27.121687929342546,9.3
G-AD-M-LD1_02,AD-M-LD1_02,G-AD-M-LD1,Gaica,Gaica distancia,2019-09-28,19,2019,9,28,271,5,15:36:00,00:10:00,1,5,3,Early,3,1,"Yuri Rosero-Mora, Diego Cardenas",NA,Despejado,NA,27.121687929342546,9.3
G-AD-M-LD1_02,AD-M-LD1_02,G-AD-M-LD1,Gaica,Gaica distancia,2019-09-29,19,2019,9,29,272,6,11:15:00,00:10:00,1,5,4,Early,4,1,"Yuri Rosero-Mora, Diego Cardenas",NA,Despejado,NA,27.121687929342546,9.3
G-AD-M-LD1_02,AD-M-LD1_02,G-AD-M-LD1,Gaica,Gaica distancia,2019-09-29,19,2019,9,29,272,6,16:20:00,00:10:00,1,5,5,Early,5,0,NA,NA,NA,NA,27.121687929342546,9.3
G-AD-M-LD1_03,AD-M-LD1_03,G-AD-M-LD1,Gaica,Gaica distancia,2019-09-27,19,2019,9,27,270,4,15:53:00,00:06:00,1,5,1,Early,1,1,"Yuri Rosero-Mora, Diego Cardenas",NA,Despejado,NA,24.24693176239602,10.6
G-AD-M-LD1_03,AD-M-LD1_03,G-AD-M-LD1,Gaica,Gaica distancia,2019-09-28,19,2019,9,28,271,5,06:30:00,00:07:00,1,5,2,Early,2,1,"Yuri Rosero-Mora, Diego Cardenas",NA,Despejado,NA,24.24693176239602,10.6
G-AD-M-LD1_03,AD-M-LD1_03,G-AD-M-LD1,Gaica,Gaica distancia,2019-09-28,19,2019,9,28,271,5,15:49:00,00:10:00,1,5,3,Early,3,1,"Yuri Rosero-Mora, Diego Cardenas",NA,Despejado,NA,24.24693176239602,10.6
G-AD-M-LD1_03,AD-M-LD1_03,G-AD-M-LD1,Gaica,Gaica distancia,2019-09-29,19,2019,9,29,272,6,10:50:00,00:10:00,1,5,4,Early,4,1,"Yuri Rosero-Mora, Diego Cardenas",NA,Despejado,NA,24.24693176239602,10.6
G-AD-M-LD1_03,AD-M-LD1_03,G-AD-M-LD1,Gaica,Gaica distancia,2019-09-29,19,2019,9,29,272,6,16:20:00,00:10:00,1,5,5,Early,5,0,NA,NA,NA,NA,24.24693176239602,10.6
G-AD-M-LD1_04,AD-M-LD1_04,G-AD-M-LD1,Gaica,Gaica distancia,2019-09-27,19,2019,9,27,270,4,16:44:00,00:05:00,1,5,1,Early,1,1,"Yuri Rosero-Mora, Diego Cardenas",NA,Despejado,NA,22.479381443298504,9.9
G-AD-M-LD1_04,AD-M-LD1_04,G-AD-M-LD1,Gaica,Gaica distancia,2019-09-28,19,2019,9,28,271,5,06:54:00,00:10:00,1,5,2,Early,2,1,"Yuri Rosero-Mora, Diego Cardenas",NA,Despejado,NA,22.479381443298504,9.9
G-AD-M-LD1_04,AD-M-LD1_04,G-AD-M-LD1,Gaica,Gaica distancia,2019-09-28,19,2019,9,28,271,5,16:27:00,00:10:00,1,5,3,Early,3,1,"Yuri Rosero-Mora, Diego Cardenas",NA,Despejado,NA,22.479381443298504,9.9
G-AD-M-LD1_04,AD-M-LD1_04,G-AD-M-LD1,Gaica,Gaica distancia,2019-09-29,19,2019,9,29,272,6,10:26:00,00:10:00,1,5,4,Early,4,1,"Yuri Rosero-Mora, Diego Cardenas",NA,Despejado,NA,22.479381443298504,9.9
G-AD-M-LD1_04,AD-M-LD1_04,G-AD-M-LD1,Gaica,Gaica distancia,2019-09-29,19,2019,9,29,272,6,17:15:00,00:10:00,1,5,5,Early,5,1,"Yuri Rosero-Mora, Diego Cardenas",NA,Nublado,NA,22.479381443298504,9.9
G-AD-M-LD1_05,AD-M-LD1_05,G-AD-M-LD1,Gaica,Gaica distancia,2019-09-27,19,2019,9,27,270,4,16:08:00,00:00:00,1,5,1,Early,1,1,"Yuri Rosero-Mora, Diego Cardenas",NA,Despejado,NA,23.576828669612382,0
G-AD-M-LD1_05,AD-M-LD1_05,G-AD-M-LD1,Gaica,Gaica distancia,2019-09-28,19,2019,9,28,271,5,07:07:00,00:10:00,1,5,2,Early,2,1,"Yuri Rosero-Mora, Diego Cardenas",NA,Despejado,NA,23.576828669612382,0
G-AD-M-LD1_05,AD-M-LD1_05,G-AD-M-LD1,Gaica,Gaica distancia,2019-09-28,19,2019,9,28,271,5,16:43:00,00:10:00,1,5,3,Early,3,1,"Yuri Rosero-Mora, Diego Cardenas",NA,Despejado,NA,23.576828669612382,0
G-AD-M-LD1_05,AD-M-LD1_05,G-AD-M-LD1,Gaica,Gaica distancia,2019-09-29,19,2019,9,29,272,6,10:12:00,00:10:00,1,5,4,Early,4,1,"Yuri Rosero-Mora, Diego Cardenas",NA,Despejado,NA,23.576828669612382,0
G-AD-M-LD1_05,AD-M-LD1_05,G-AD-M-LD1,Gaica,Gaica distancia,2019-09-29,19,2019,9,29,272,6,17:00:00,00:10:00,1,5,5,Early,5,1,"Yuri Rosero-Mora, Diego Cardenas",NA,Nublado,NA,23.576828669612382,0
G-AD-M-LD1_06,AD-M-LD1_06,G-AD-M-LD1,Gaica,Gaica distancia,2019-09-27,19,2019,9,27,270,4,16:32:00,00:08:00,1,5,1,Early,1,1,"Yuri Rosero-Mora, Diego Cardenas",NA,Despejado,NA,26.484045164458216,9.1
G-AD-M-LD1_06,AD-M-LD1_06,G-AD-M-LD1,Gaica,Gaica distancia,2019-09-28,19,2019,9,28,271,5,07:27:00,00:09:00,1,5,2,Early,2,1,"Yuri Rosero-Mora, Diego Cardenas",NA,Despejado,NA,26.484045164458216,9.1
G-AD-M-LD1_06,AD-M-LD1_06,G-AD-M-LD1,Gaica,Gaica distancia,2019-09-28,19,2019,9,28,271,5,16:58:00,00:00:00,1,5,3,Early,3,1,"Yuri Rosero-Mora, Diego Cardenas",NA,Despejado,NA,26.484045164458216,9.1
G-AD-M-LD1_06,AD-M-LD1_06,G-AD-M-LD1,Gaica,Gaica distancia,2019-09-29,19,2019,9,29,272,6,09:58:00,00:10:00,1,5,4,Early,4,1,"Yuri Rosero-Mora, Diego Cardenas",NA,Despejado,NA,26.484045164458216,9.1
G-AD-M-LD1_06,AD-M-LD1_06,G-AD-M-LD1,Gaica,Gaica distancia,2019-09-29,19,2019,9,29,272,6,16:43:00,00:10:00,1,5,5,Early,5,1,"Yuri Rosero-Mora, Diego Cardenas",NA,Nublado,NA,26.484045164458216,9.1
G-AD-M-LD1_07,AD-M-LD1_07,G-AD-M-LD1,Gaica,Gaica distancia,2019-09-27,19,2019,9,27,270,4,17:01:00,00:00:00,1,5,1,Early,1,1,"Yuri Rosero-Mora, Diego Cardenas",NA,Despejado,NA,29.64580265095738,11.2
G-AD-M-LD1_07,AD-M-LD1_07,G-AD-M-LD1,Gaica,Gaica distancia,2019-09-28,19,2019,9,28,271,5,07:47:00,00:10:00,1,5,2,Early,2,1,"Yuri Rosero-Mora, Diego Cardenas",NA,Despejado,NA,29.64580265095738,11.2
G-AD-M-LD1_07,AD-M-LD1_07,G-AD-M-LD1,Gaica,Gaica distancia,2019-09-28,19,2019,9,28,271,5,17:15:00,00:10:00,1,5,3,Early,3,1,"Yuri Rosero-Mora, Diego Cardenas",NA,Despejado,NA,29.64580265095738,11.2
G-AD-M-LD1_07,AD-M-LD1_07,G-AD-M-LD1,Gaica,Gaica distancia,2019-09-29,19,2019,9,29,272,6,09:40:00,00:10:00,1,5,4,Early,4,1,"Yuri Rosero-Mora, Diego Cardenas",NA,Despejado,NA,29.64580265095738,11.2
G-AD-M-LD1_07,AD-M-LD1_07,G-AD-M-LD1,Gaica,Gaica distancia,2019-09-29,19,2019,9,29,272,6,16:29:00,00:00:00,1,5,5,Early,5,1,"Yuri Rosero-Mora, Diego Cardenas",NA,Nublado,NA,29.64580265095738,11.2
G-AD-M-LD1_08,AD-M-LD1_08,G-AD-M-LD1,Gaica,Gaica distancia,2019-09-27,19,2019,9,27,270,4,17:18:00,00:05:00,1,5,1,Early,1,1,"Yuri Rosero-Mora, Diego Cardenas",NA,Despejado,NA,31.545409916544237,13.1
G-AD-M-LD1_08,AD-M-LD1_08,G-AD-M-LD1,Gaica,Gaica distancia,2019-09-28,19,2019,9,28,271,5,08:07:00,00:10:00,1,5,2,Early,2,1,"Yuri Rosero-Mora, Diego Cardenas",NA,Despejado,NA,31.545409916544237,13.1
G-AD-M-LD1_08,AD-M-LD1_08,G-AD-M-LD1,Gaica,Gaica distancia,2019-09-28,19,2019,9,28,271,5,17:32:00,00:05:00,1,5,3,Early,3,1,"Yuri Rosero-Mora, Diego Cardenas",NA,Despejado,NA,31.545409916544237,13.1
G-AD-M-LD1_08,AD-M-LD1_08,G-AD-M-LD1,Gaica,Gaica distancia,2019-09-29,19,2019,9,29,272,6,09:00:00,00:10:00,1,5,4,Early,4,1,"Yuri Rosero-Mora, Diego Cardenas",NA,Despejado,NA,31.545409916544237,13.1
G-AD-M-LD1_08,AD-M-LD1_08,G-AD-M-LD1,Gaica,Gaica distancia,2019-09-29,19,2019,9,29,272,6,16:10:00,00:10:00,1,5,5,Early,5,1,"Yuri Rosero-Mora, Diego Cardenas",NA,Nublado,NA,31.545409916544237,13.1
G-AD-M-LD1_09,AD-M-LD1_09,G-AD-M-LD1,Gaica,Gaica distancia,2019-09-27,19,2019,9,27,270,4,17:29:00,00:10:00,1,5,1,Early,1,1,"Yuri Rosero-Mora, Diego Cardenas",NA,Despejado,NA,33.010800196367214,14.3
G-AD-M-LD1_09,AD-M-LD1_09,G-AD-M-LD1,Gaica,Gaica distancia,2019-09-28,19,2019,9,28,271,5,08:26:00,00:10:00,1,5,2,Early,2,1,"Yuri Rosero-Mora, Diego Cardenas",NA,Despejado,NA,33.010800196367214,14.3
G-AD-M-LD1_09,AD-M-LD1_09,G-AD-M-LD1,Gaica,Gaica distancia,2019-09-28,19,2019,9,28,271,5,17:49:00,00:10:00,1,5,3,Early,3,1,"Yuri Rosero-Mora, Diego Cardenas",NA,Despejado,NA,33.010800196367214,14.3
G-AD-M-LD1_09,AD-M-LD1_09,G-AD-M-LD1,Gaica,Gaica distancia,2019-09-29,19,2019,9,29,272,6,09:21:00,00:10:00,1,5,4,Early,4,1,"Yuri Rosero-Mora, Diego Cardenas",NA,Despejado,NA,33.010800196367214,14.3
G-AD-M-LD1_09,AD-M-LD1_09,G-AD-M-LD1,Gaica,Gaica distancia,2019-09-29,19,2019,9,29,272,6,16:00:00,00:05:00,1,5,5,Early,5,1,"Yuri Rosero-Mora, Diego Cardenas",NA,Nublado,NA,33.010800196367214,14.3
G-AD-M-LD1_10,AD-M-LD1_10,G-AD-M-LD1,Gaica,Gaica distancia,2019-09-27,19,2019,9,27,270,4,17:46:00,00:04:00,1,5,1,Early,1,1,"Yuri Rosero-Mora, Diego Cardenas",NA,Despejado,NA,32.48355424644015,14.3
G-AD-M-LD1_10,AD-M-LD1_10,G-AD-M-LD1,Gaica,Gaica distancia,2019-09-28,19,2019,9,28,271,5,08:48:00,00:04:00,1,5,2,Early,2,1,"Yuri Rosero-Mora, Diego Cardenas",NA,Despejado,NA,32.48355424644015,14.3
G-AD-M-LD1_10,AD-M-LD1_10,G-AD-M-LD1,Gaica,Gaica distancia,2019-09-28,19,2019,9,28,271,5,18:08:00,00:10:00,1,5,3,Early,3,1,"Yuri Rosero-Mora, Diego Cardenas",NA,Despejado,NA,32.48355424644015,14.3
G-AD-M-LD1_10,AD-M-LD1_10,G-AD-M-LD1,Gaica,Gaica distancia,2019-09-29,19,2019,9,29,272,6,08:42:00,00:10:00,1,5,4,Early,4,1,"Yuri Rosero-Mora, Diego Cardenas",NA,Despejado,NA,32.48355424644015,14.3
G-AD-M-LD1_10,AD-M-LD1_10,G-AD-M-LD1,Gaica,Gaica distancia,2019-09-29,19,2019,9,29,272,6,15:40:00,00:10:00,1,5,5,Early,5,1,"Yuri Rosero-Mora, Diego Cardenas",NA,Nublado,NA,32.48355424644015,14.3
G-AD-M-LD1_11,AD-M-LD1_11,G-AD-M-LD1,Gaica,Gaica distancia,2019-09-27,19,2019,9,27,270,4,18:00:00,00:00:00,1,5,1,Early,1,1,"Yuri Rosero-Mora, Diego Cardenas",NA,Despejado,NA,33.59730392156912,13.4
G-AD-M-LD1_11,AD-M-LD1_11,G-AD-M-LD1,Gaica,Gaica distancia,2019-09-28,19,2019,9,28,271,5,09:05:00,00:09:00,1,5,2,Early,2,1,"Yuri Rosero-Mora, Diego Cardenas",NA,Despejado,NA,33.59730392156912,13.4
G-AD-M-LD1_11,AD-M-LD1_11,G-AD-M-LD1,Gaica,Gaica distancia,2019-09-28,19,2019,9,28,271,5,18:24:00,00:00:00,1,5,3,Early,3,1,"Yuri Rosero-Mora, Diego Cardenas",NA,Despejado,NA,33.59730392156912,13.4
G-AD-M-LD1_11,AD-M-LD1_11,G-AD-M-LD1,Gaica,Gaica distancia,2019-09-29,19,2019,9,29,272,6,08:26:00,00:00:00,1,5,4,Early,4,1,"Yuri Rosero-Mora, Diego Cardenas",NA,Despejado,NA,33.59730392156912,13.4
G-AD-M-LD1_11,AD-M-LD1_11,G-AD-M-LD1,Gaica,Gaica distancia,2019-09-29,19,2019,9,29,272,6,15:23:00,00:10:00,1,5,5,Early,5,1,"Yuri Rosero-Mora, Diego Cardenas",NA,Nublado,NA,33.59730392156912,13.4
G-AD-M-LE_01,AD-M-LE_01,G-AD-M-LE,Gaica,Gaica distancia,2019-10-04,19,2019,10,4,277,11,15:27:00,00:10:00,1,5,1,Early,1,1,"Yuri Rosero-Mora, Diego Cardenas",NA,Despejado,NA,14.11089303238487,8.1
G-AD-M-LE_01,AD-M-LE_01,G-AD-M-LE,Gaica,Gaica distancia,2019-10-05,19,2019,10,5,278,12,05:48:00,00:10:00,1,5,2,Early,2,1,"Yuri Rosero-Mora, Diego Cardenas",NA,Despejado,NA,14.11089303238487,8.1
G-AD-M-LE_01,AD-M-LE_01,G-AD-M-LE,Gaica,Gaica distancia,2019-10-05,19,2019,10,5,278,12,18:05:00,00:00:00,1,5,3,Early,3,1,"Yuri Rosero-Mora, Diego Cardenas",NA,Despejado,NA,14.11089303238487,8.1
G-AD-M-LE_01,AD-M-LE_01,G-AD-M-LE,Gaica,Gaica distancia,2019-10-06,19,2019,10,6,279,13,08:40:00,00:08:00,1,5,4,Early,4,1,"Yuri Rosero-Mora, Diego Cardenas",NA,Despejado,NA,14.11089303238487,8.1
G-AD-M-LE_01,AD-M-LE_01,G-AD-M-LE,Gaica,Gaica distancia,2019-10-06,19,2019,10,6,279,13,15:13:00,00:05:00,1,5,5,Early,5,1,"Yuri Rosero-Mora, Diego Cardenas",NA,Despejado,NA,14.11089303238487,8.1
G-AD-M-LE_02,AD-M-LE_02,G-AD-M-LE,Gaica,Gaica distancia,2019-10-04,19,2019,10,4,277,11,15:47:00,00:00:00,1,5,1,Early,1,1,"Yuri Rosero-Mora, Diego Cardenas",NA,Despejado,NA,16.47745098039175,14.9
G-AD-M-LE_02,AD-M-LE_02,G-AD-M-LE,Gaica,Gaica distancia,2019-10-05,19,2019,10,5,278,12,06:10:00,00:00:00,1,5,2,Early,2,1,"Yuri Rosero-Mora, Diego Cardenas",NA,Despejado,NA,16.47745098039175,14.9
G-AD-M-LE_02,AD-M-LE_02,G-AD-M-LE,Gaica,Gaica distancia,2019-10-05,19,2019,10,5,278,12,17:50:00,00:10:00,1,5,3,Early,3,1,"Yuri Rosero-Mora, Diego Cardenas",NA,Despejado,NA,16.47745098039175,14.9
G-AD-M-LE_02,AD-M-LE_02,G-AD-M-LE,Gaica,Gaica distancia,2019-10-06,19,2019,10,6,279,13,07:15:30,00:10:00,1,5,5,Early,4,0,NA,NA,NA,NA,16.47745098039175,14.9
G-AD-M-LE_02,AD-M-LE_02,G-AD-M-LE,Gaica,Gaica distancia,2019-10-06,19,2019,10,6,279,13,15:36:00,00:00:00,1,5,4,Early,5,1,"Yuri Rosero-Mora, Diego Cardenas",NA,Despejado,NA,16.47745098039175,14.9
G-AD-M-LE_03,AD-M-LE_03,G-AD-M-LE,Gaica,Gaica distancia,2019-10-04,19,2019,10,4,277,11,16:05:00,00:00:00,1,5,1,Early,1,1,"Yuri Rosero-Mora, Diego Cardenas",NA,Despejado,NA,18.111956788607664,12.6
G-AD-M-LE_03,AD-M-LE_03,G-AD-M-LE,Gaica,Gaica distancia,2019-10-05,19,2019,10,5,278,12,06:27:00,00:07:00,1,5,2,Early,2,1,"Yuri Rosero-Mora, Diego Cardenas",NA,Despejado,NA,18.111956788607664,12.6
G-AD-M-LE_03,AD-M-LE_03,G-AD-M-LE,Gaica,Gaica distancia,2019-10-05,19,2019,10,5,278,12,17:35:00,00:08:00,1,5,3,Early,3,1,"Yuri Rosero-Mora, Diego Cardenas",NA,Despejado,NA,18.111956788607664,12.6
G-AD-M-LE_03,AD-M-LE_03,G-AD-M-LE,Gaica,Gaica distancia,2019-10-06,19,2019,10,6,279,13,08:11:00,00:09:00,1,5,4,Early,4,1,"Yuri Rosero-Mora, Diego Cardenas",NA,Despejado,NA,18.111956788607664,12.6
G-AD-M-LE_03,AD-M-LE_03,G-AD-M-LE,Gaica,Gaica distancia,2019-10-06,19,2019,10,6,279,13,16:47:00,00:10:00,1,5,5,Early,5,0,NA,NA,NA,NA,18.111956788607664,12.6
G-AD-M-LE_04,AD-M-LE_04,G-AD-M-LE,Gaica,Gaica distancia,2019-10-04,19,2019,10,4,277,11,16:23:00,00:10:00,1,5,1,Early,1,1,"Yuri Rosero-Mora, Diego Cardenas",NA,Despejado,NA,20.021605696046297,16.3
G-AD-M-LE_04,AD-M-LE_04,G-AD-M-LE,Gaica,Gaica distancia,2019-10-05,19,2019,10,5,278,12,06:45:00,00:10:00,1,5,2,Early,2,1,"Yuri Rosero-Mora, Diego Cardenas",NA,Despejado,NA,20.021605696046297,16.3
G-AD-M-LE_04,AD-M-LE_04,G-AD-M-LE,Gaica,Gaica distancia,2019-10-05,19,2019,10,5,278,12,17:20:00,00:10:00,1,5,3,Early,3,1,"Yuri Rosero-Mora, Diego Cardenas",NA,Despejado,NA,20.021605696046297,16.3
G-AD-M-LE_04,AD-M-LE_04,G-AD-M-LE,Gaica,Gaica distancia,2019-10-06,19,2019,10,6,279,13,07:55:00,00:10:00,1,5,4,Early,4,1,"Yuri Rosero-Mora, Diego Cardenas",NA,Despejado,NA,20.021605696046297,16.3
G-AD-M-LE_04,AD-M-LE_04,G-AD-M-LE,Gaica,Gaica distancia,2019-10-06,19,2019,10,6,279,13,16:18:00,00:00:00,1,5,5,Early,5,1,"Yuri Rosero-Mora, Diego Cardenas",NA,Despejado,NA,20.021605696046297,16.3
G-AD-M-LE_05,AD-M-LE_05,G-AD-M-LE,Gaica,Gaica distancia,2019-10-04,19,2019,10,4,277,11,16:47:00,00:10:00,1,5,1,Early,1,1,"Yuri Rosero-Mora, Diego Cardenas",NA,Despejado,NA,20.431795878312744,0
G-AD-M-LE_05,AD-M-LE_05,G-AD-M-LE,Gaica,Gaica distancia,2019-10-05,19,2019,10,5,278,12,07:05:00,00:05:00,1,5,2,Early,2,1,"Yuri Rosero-Mora, Diego Cardenas",NA,Despejado,NA,20.431795878312744,0
G-AD-M-LE_05,AD-M-LE_05,G-AD-M-LE,Gaica,Gaica distancia,2019-10-05,19,2019,10,5,278,12,17:02:00,00:10:00,1,5,3,Early,3,1,"Yuri Rosero-Mora, Diego Cardenas",NA,Despejado,NA,20.431795878312744,0
G-AD-M-LE_05,AD-M-LE_05,G-AD-M-LE,Gaica,Gaica distancia,2019-10-06,19,2019,10,6,279,13,07:40:00,00:05:00,1,5,4,Early,4,1,"Yuri Rosero-Mora, Diego Cardenas",NA,Despejado,NA,20.431795878312744,0
G-AD-M-LE_05,AD-M-LE_05,G-AD-M-LE,Gaica,Gaica distancia,2019-10-06,19,2019,10,6,279,13,16:30:00,00:00:00,1,5,5,Early,5,1,"Yuri Rosero-Mora, Diego Cardenas",NA,Despejado,NA,20.431795878312744,0
G-AD-M-LE_06,AD-M-LE_06,G-AD-M-LE,Gaica,Gaica distancia,2019-10-04,19,2019,10,4,277,11,17:06:00,00:07:00,1,5,1,Early,1,1,"Yuri Rosero-Mora, Diego Cardenas",NA,Despejado,NA,19.820343137254643,0
G-AD-M-LE_06,AD-M-LE_06,G-AD-M-LE,Gaica,Gaica distancia,2019-10-05,19,2019,10,5,278,12,07:19:00,00:10:00,1,5,2,Early,2,1,"Yuri Rosero-Mora, Diego Cardenas",NA,Despejado,NA,19.820343137254643,0
G-AD-M-LE_06,AD-M-LE_06,G-AD-M-LE,Gaica,Gaica distancia,2019-10-05,19,2019,10,5,278,12,16:49:00,00:10:00,1,5,3,Early,3,1,"Yuri Rosero-Mora, Diego Cardenas",NA,Despejado,NA,19.820343137254643,0
G-AD-M-LE_06,AD-M-LE_06,G-AD-M-LE,Gaica,Gaica distancia,2019-10-06,19,2019,10,6,279,13,07:22:00,00:08:00,1,5,4,Early,4,1,"Yuri Rosero-Mora, Diego Cardenas",NA,Despejado,NA,19.820343137254643,0
G-AD-M-LE_06,AD-M-LE_06,G-AD-M-LE,Gaica,Gaica distancia,2019-10-06,19,2019,10,6,279,13,16:44:00,00:09:00,1,5,5,Early,5,1,"Yuri Rosero-Mora, Diego Cardenas",NA,Despejado,NA,19.820343137254643,0
G-AD-M-LE_07,AD-M-LE_07,G-AD-M-LE,Gaica,Gaica distancia,2019-10-04,19,2019,10,4,277,11,17:25:00,00:10:00,1,5,1,Early,1,1,"Yuri Rosero-Mora, Diego Cardenas",NA,Despejado,NA,18.916176470588383,0
G-AD-M-LE_07,AD-M-LE_07,G-AD-M-LE,Gaica,Gaica distancia,2019-10-05,19,2019,10,5,278,12,07:36:00,00:10:00,1,5,2,Early,2,1,"Yuri Rosero-Mora, Diego Cardenas",NA,Despejado,NA,18.916176470588383,0
G-AD-M-LE_07,AD-M-LE_07,G-AD-M-LE,Gaica,Gaica distancia,2019-10-05,19,2019,10,5,278,12,16:40:00,00:05:00,1,5,3,Early,3,1,"Yuri Rosero-Mora, Diego Cardenas",NA,Despejado,NA,18.916176470588383,0
G-AD-M-LE_07,AD-M-LE_07,G-AD-M-LE,Gaica,Gaica distancia,2019-10-06,19,2019,10,6,279,13,07:08:00,00:10:00,1,5,4,Early,4,1,"Yuri Rosero-Mora, Diego Cardenas",NA,Despejado,NA,18.916176470588383,0
G-AD-M-LE_07,AD-M-LE_07,G-AD-M-LE,Gaica,Gaica distancia,2019-10-06,19,2019,10,6,279,13,16:58:00,00:02:00,1,5,5,Early,5,1,"Yuri Rosero-Mora, Diego Cardenas",NA,Despejado,NA,18.916176470588383,0
G-AD-M-LE_08,AD-M-LE_08,G-AD-M-LE,Gaica,Gaica distancia,2019-10-04,19,2019,10,4,277,11,17:40:00,00:05:00,1,5,1,Early,1,1,"Yuri Rosero-Mora, Diego Cardenas",NA,Despejado,NA,16.88052011776247,9.2
G-AD-M-LE_08,AD-M-LE_08,G-AD-M-LE,Gaica,Gaica distancia,2019-10-05,19,2019,10,5,278,12,07:52:00,00:10:00,1,5,2,Early,2,1,"Yuri Rosero-Mora, Diego Cardenas",NA,Despejado,NA,16.88052011776247,9.2
G-AD-M-LE_08,AD-M-LE_08,G-AD-M-LE,Gaica,Gaica distancia,2019-10-05,19,2019,10,5,278,12,16:15:00,00:10:00,1,5,3,Early,3,1,"Yuri Rosero-Mora, Diego Cardenas",NA,Despejado,NA,16.88052011776247,9.2
G-AD-M-LE_08,AD-M-LE_08,G-AD-M-LE,Gaica,Gaica distancia,2019-10-06,19,2019,10,6,279,13,06:50:00,00:10:00,1,5,4,Early,4,1,"Yuri Rosero-Mora, Diego Cardenas",NA,Despejado,NA,16.88052011776247,9.2
G-AD-M-LE_08,AD-M-LE_08,G-AD-M-LE,Gaica,Gaica distancia,2019-10-06,19,2019,10,6,279,13,17:15:00,00:00:00,1,5,5,Early,5,1,"Yuri Rosero-Mora, Diego Cardenas",NA,Despejado,NA,16.88052011776247,9.2
G-AD-M-LE_09,AD-M-LE_09,G-AD-M-LE,Gaica,Gaica distancia,2019-10-04,19,2019,10,4,277,11,17:55:00,00:10:00,1,5,1,Early,1,1,"Yuri Rosero-Mora, Diego Cardenas",NA,Despejado,NA,13.807163886162884,13.2
G-AD-M-LE_09,AD-M-LE_09,G-AD-M-LE,Gaica,Gaica distancia,2019-10-05,19,2019,10,5,278,12,08:15:00,00:08:00,1,5,2,Early,2,1,"Yuri Rosero-Mora, Diego Cardenas",NA,Despejado,NA,13.807163886162884,13.2
G-AD-M-LE_09,AD-M-LE_09,G-AD-M-LE,Gaica,Gaica distancia,2019-10-05,19,2019,10,5,278,12,15:58:00,00:10:00,1,5,3,Early,3,1,"Yuri Rosero-Mora, Diego Cardenas",NA,Despejado,NA,13.807163886162884,13.2
G-AD-M-LE_09,AD-M-LE_09,G-AD-M-LE,Gaica,Gaica distancia,2019-10-06,19,2019,10,6,279,13,06:32:00,00:10:00,1,5,4,Early,4,1,"Yuri Rosero-Mora, Diego Cardenas",NA,Despejado,NA,13.807163886162884,13.2
G-AD-M-LE_09,AD-M-LE_09,G-AD-M-LE,Gaica,Gaica distancia,2019-10-06,19,2019,10,6,279,13,17:29:00,00:08:00,1,5,5,Early,5,1,"Yuri Rosero-Mora, Diego Cardenas",NA,Despejado,NA,13.807163886162884,13.2
G-AD-M-LE_10,AD-M-LE_10,G-AD-M-LE,Gaica,Gaica distancia,2019-10-04,19,2019,10,4,277,11,18:15:00,00:00:00,1,5,1,Early,1,1,"Yuri Rosero-Mora, Diego Cardenas",NA,Despejado,NA,12.16298478154145,2.2
G-AD-M-LE_10,AD-M-LE_10,G-AD-M-LE,Gaica,Gaica distancia,2019-10-05,19,2019,10,5,278,12,08:37:00,00:10:00,1,5,2,Early,2,1,"Yuri Rosero-Mora, Diego Cardenas",NA,Despejado,NA,12.16298478154145,2.2
G-AD-M-LE_10,AD-M-LE_10,G-AD-M-LE,Gaica,Gaica distancia,2019-10-05,19,2019,10,5,278,12,15:36:00,00:09:00,1,5,3,Early,3,1,"Yuri Rosero-Mora, Diego Cardenas",NA,Despejado,NA,12.16298478154145,2.2
G-AD-M-LE_10,AD-M-LE_10,G-AD-M-LE,Gaica,Gaica distancia,2019-10-06,19,2019,10,6,279,13,06:18:00,00:10:00,1,5,4,Early,4,1,"Yuri Rosero-Mora, Diego Cardenas",NA,Despejado,NA,12.16298478154145,2.2
G-AD-M-LE_10,AD-M-LE_10,G-AD-M-LE,Gaica,Gaica distancia,2019-10-06,19,2019,10,6,279,13,17:42:00,00:10:00,1,5,5,Early,5,1,"Yuri Rosero-Mora, Diego Cardenas",NA,Despejado,NA,12.16298478154145,2.2
G-AD-M-LE_11,AD-M-LE_11,G-AD-M-LE,Gaica,Gaica distancia,2019-10-04,19,2019,10,4,277,11,18:25:00,00:00:00,1,5,1,Early,1,1,"Yuri Rosero-Mora, Diego Cardenas",NA,Despejado,NA,12.531595770838427,0
G-AD-M-LE_11,AD-M-LE_11,G-AD-M-LE,Gaica,Gaica distancia,2019-10-05,19,2019,10,5,278,12,09:02:00,00:10:00,1,5,2,Early,2,1,"Yuri Rosero-Mora, Diego Cardenas",NA,Despejado,NA,12.531595770838427,0
G-AD-M-LE_11,AD-M-LE_11,G-AD-M-LE,Gaica,Gaica distancia,2019-10-05,19,2019,10,5,278,12,15:21:00,00:10:00,1,5,3,Early,3,1,"Yuri Rosero-Mora, Diego Cardenas",NA,Despejado,NA,12.531595770838427,0
G-AD-M-LE_11,AD-M-LE_11,G-AD-M-LE,Gaica,Gaica distancia,2019-10-06,19,2019,10,6,279,13,05:59:00,00:09:00,1,5,4,Early,4,1,"Yuri Rosero-Mora, Diego Cardenas",NA,Despejado,NA,12.531595770838427,0
G-AD-M-LE_11,AD-M-LE_11,G-AD-M-LE,Gaica,Gaica distancia,2019-10-06,19,2019,10,6,279,13,18:05:00,00:02:00,1,5,5,Early,5,1,"Yuri Rosero-Mora, Diego Cardenas",NA,Despejado,NA,12.531595770838427,0
G-AD-M-LPA_01,AD-M-LPA_01,G-AD-M-LPA,Gaica,Gaica distancia,2019-10-01,19,2019,10,1,274,8,06:30:00,00:10:00,1,5,1,Early,1,1,"Robert Rodriguez, Daniela Parra",NA,Despejado,NA,12.943939021391545,2
G-AD-M-LPA_01,AD-M-LPA_01,G-AD-M-LPA,Gaica,Gaica distancia,2019-10-01,19,2019,10,1,274,8,15:14:00,00:01:00,1,5,2,Early,2,1,"Robert Rodriguez, Daniela Parra",NA,Despejado,NA,12.943939021391545,2
G-AD-M-LPA_01,AD-M-LPA_01,G-AD-M-LPA,Gaica,Gaica distancia,2019-10-02,19,2019,10,2,275,9,09:14:00,00:05:00,1,5,3,Early,3,1,"Robert Rodriguez, Daniela Parra",NA,Despejado,NA,12.943939021391545,2
G-AD-M-LPA_01,AD-M-LPA_01,G-AD-M-LPA,Gaica,Gaica distancia,2019-10-02,19,2019,10,2,275,9,17:49:00,00:02:00,1,5,4,Early,4,1,"Robert Rodriguez, Daniela Parra",NA,Despejado,NA,12.943939021391545,2
G-AD-M-LPA_01,AD-M-LPA_01,G-AD-M-LPA,Gaica,Gaica distancia,2019-10-03,19,2019,10,3,276,10,12:20:00,00:00:00,1,5,5,Early,5,1,"Robert Rodriguez, Daniela Parra",NA,Nublado,NA,12.943939021391545,2
G-AD-M-LPA_02,AD-M-LPA_02,G-AD-M-LPA,Gaica,Gaica distancia,2019-10-01,19,2019,10,1,274,8,06:44:00,00:08:00,1,5,1,Early,1,1,"Robert Rodriguez, Daniela Parra",NA,Despejado,NA,12.402552773686876,0
G-AD-M-LPA_02,AD-M-LPA_02,G-AD-M-LPA,Gaica,Gaica distancia,2019-10-01,19,2019,10,1,274,8,15:25:00,00:06:00,1,5,2,Early,2,1,"Robert Rodriguez, Daniela Parra",NA,Despejado,NA,12.402552773686876,0
G-AD-M-LPA_02,AD-M-LPA_02,G-AD-M-LPA,Gaica,Gaica distancia,2019-10-02,19,2019,10,2,275,9,08:46:00,00:08:00,1,5,3,Early,3,1,"Robert Rodriguez, Daniela Parra",NA,Despejado,NA,12.402552773686876,0
G-AD-M-LPA_02,AD-M-LPA_02,G-AD-M-LPA,Gaica,Gaica distancia,2019-10-02,19,2019,10,2,275,9,17:30:00,00:03:00,1,5,4,Early,4,1,"Robert Rodriguez, Daniela Parra",NA,Despejado,NA,12.402552773686876,0
G-AD-M-LPA_02,AD-M-LPA_02,G-AD-M-LPA,Gaica,Gaica distancia,2019-10-03,19,2019,10,3,276,10,12:04:00,00:04:00,1,5,5,Early,5,1,"Robert Rodriguez, Daniela Parra",NA,Llovizna,NA,12.402552773686876,0
G-AD-M-LPA_03,AD-M-LPA_03,G-AD-M-LPA,Gaica,Gaica distancia,2019-10-01,19,2019,10,1,274,8,06:58:00,00:07:00,1,5,1,Early,1,1,"Robert Rodriguez, Daniela Parra",NA,Despejado,NA,11.351497299950829,2
G-AD-M-LPA_03,AD-M-LPA_03,G-AD-M-LPA,Gaica,Gaica distancia,2019-10-01,19,2019,10,1,274,8,15:37:00,00:08:00,1,5,2,Early,2,1,"Robert Rodriguez, Daniela Parra",NA,Despejado,NA,11.351497299950829,2
G-AD-M-LPA_03,AD-M-LPA_03,G-AD-M-LPA,Gaica,Gaica distancia,2019-10-02,19,2019,10,2,275,9,08:28:00,00:10:00,1,5,3,Early,3,1,"Robert Rodriguez, Daniela Parra",NA,Despejado,NA,11.351497299950829,2
G-AD-M-LPA_03,AD-M-LPA_03,G-AD-M-LPA,Gaica,Gaica distancia,2019-10-02,19,2019,10,2,275,9,17:13:00,00:06:00,1,5,4,Early,4,1,"Robert Rodriguez, Daniela Parra",NA,Despejado,NA,11.351497299950829,2
G-AD-M-LPA_03,AD-M-LPA_03,G-AD-M-LPA,Gaica,Gaica distancia,2019-10-03,19,2019,10,3,276,10,11:52:00,00:07:00,1,5,5,Early,5,1,"Robert Rodriguez, Daniela Parra",NA,Nublado,NA,11.351497299950829,2
G-AD-M-LPA_04,AD-M-LPA_04,G-AD-M-LPA,Gaica,Gaica distancia,2019-10-01,19,2019,10,1,274,8,07:14:00,00:09:00,1,5,1,Early,1,1,"Robert Rodriguez, Daniela Parra",NA,Despejado,NA,9.923209028459407,0
G-AD-M-LPA_04,AD-M-LPA_04,G-AD-M-LPA,Gaica,Gaica distancia,2019-10-01,19,2019,10,1,274,8,15:53:00,00:04:00,1,5,2,Early,2,1,"Robert Rodriguez, Daniela Parra",NA,Despejado,NA,9.923209028459407,0
G-AD-M-LPA_04,AD-M-LPA_04,G-AD-M-LPA,Gaica,Gaica distancia,2019-10-02,19,2019,10,2,275,9,08:14:00,00:05:00,1,5,3,Early,3,1,"Robert Rodriguez, Daniela Parra",NA,Despejado,NA,9.923209028459407,0
G-AD-M-LPA_04,AD-M-LPA_04,G-AD-M-LPA,Gaica,Gaica distancia,2019-10-02,19,2019,10,2,275,9,17:00:00,00:05:00,1,5,4,Early,4,1,"Robert Rodriguez, Daniela Parra",NA,Despejado,NA,9.923209028459407,0
G-AD-M-LPA_04,AD-M-LPA_04,G-AD-M-LPA,Gaica,Gaica distancia,2019-10-03,19,2019,10,3,276,10,11:37:00,00:03:00,1,5,5,Early,5,1,"Robert Rodriguez, Daniela Parra",NA,Nublado,NA,9.923209028459407,0
G-AD-M-LPA_05,AD-M-LPA_05,G-AD-M-LPA,Gaica,Gaica distancia,2019-10-01,19,2019,10,1,274,8,07:30:00,00:07:00,1,5,1,Early,1,1,"Robert Rodriguez, Daniela Parra",NA,Despejado,NA,9.906035328753616,8.7
G-AD-M-LPA_05,AD-M-LPA_05,G-AD-M-LPA,Gaica,Gaica distancia,2019-10-01,19,2019,10,1,274,8,16:05:00,00:09:00,1,5,2,Early,2,1,"Robert Rodriguez, Daniela Parra",NA,Despejado,NA,9.906035328753616,8.7
G-AD-M-LPA_05,AD-M-LPA_05,G-AD-M-LPA,Gaica,Gaica distancia,2019-10-02,19,2019,10,2,275,9,07:58:00,00:05:00,1,5,3,Early,3,1,"Robert Rodriguez, Daniela Parra",NA,Despejado,NA,9.906035328753616,8.7
G-AD-M-LPA_05,AD-M-LPA_05,G-AD-M-LPA,Gaica,Gaica distancia,2019-10-02,19,2019,10,2,275,9,16:42:00,00:10:00,1,5,4,Early,4,1,"Robert Rodriguez, Daniela Parra",NA,Despejado,NA,9.906035328753616,8.7
G-AD-M-LPA_05,AD-M-LPA_05,G-AD-M-LPA,Gaica,Gaica distancia,2019-10-03,19,2019,10,3,276,10,11:24:00,00:05:00,1,5,5,Early,5,1,"Robert Rodriguez, Daniela Parra",NA,Nublado,NA,9.906035328753616,8.7
G-AD-M-LPA_06,AD-M-LPA_06,G-AD-M-LPA,Gaica,Gaica distancia,2019-10-01,19,2019,10,1,274,8,07:48:00,00:10:00,1,5,1,Early,1,1,"Robert Rodriguez, Daniela Parra",NA,Despejado,NA,8.67844869906721,0
G-AD-M-LPA_06,AD-M-LPA_06,G-AD-M-LPA,Gaica,Gaica distancia,2019-10-01,19,2019,10,1,274,8,16:20:36,00:10:00,1,5,2,Early,2,0,NA,NA,NA,NA,8.67844869906721,0
G-AD-M-LPA_06,AD-M-LPA_06,G-AD-M-LPA,Gaica,Gaica distancia,2019-10-02,19,2019,10,2,275,9,07:40:00,00:10:00,1,5,3,Early,3,1,"Robert Rodriguez, Daniela Parra",NA,Despejado,NA,8.67844869906721,0
G-AD-M-LPA_06,AD-M-LPA_06,G-AD-M-LPA,Gaica,Gaica distancia,2019-10-02,19,2019,10,2,275,9,16:29:00,00:04:00,1,5,4,Early,4,1,"Robert Rodriguez, Daniela Parra",NA,Despejado,NA,8.67844869906721,0
G-AD-M-LPA_06,AD-M-LPA_06,G-AD-M-LPA,Gaica,Gaica distancia,2019-10-03,19,2019,10,3,276,10,11:17:00,00:00:00,1,5,5,Early,5,1,"Robert Rodriguez, Daniela Parra",NA,Nublado,NA,8.67844869906721,0
G-AD-M-LPA_07,AD-M-LPA_07,G-AD-M-LPA,Gaica,Gaica distancia,2019-10-01,19,2019,10,1,274,8,08:03:00,00:08:00,1,5,1,Early,1,1,"Robert Rodriguez, Daniela Parra",NA,Despejado,NA,8.082370297516713,0
G-AD-M-LPA_07,AD-M-LPA_07,G-AD-M-LPA,Gaica,Gaica distancia,2019-10-01,19,2019,10,1,274,8,16:35:00,00:07:00,1,5,2,Early,2,1,"Robert Rodriguez, Daniela Parra",NA,Despejado,NA,8.082370297516713,0
G-AD-M-LPA_07,AD-M-LPA_07,G-AD-M-LPA,Gaica,Gaica distancia,2019-10-02,19,2019,10,2,275,9,07:26:00,00:07:00,1,5,3,Early,3,1,"Robert Rodriguez, Daniela Parra",NA,Despejado,NA,8.082370297516713,0
G-AD-M-LPA_07,AD-M-LPA_07,G-AD-M-LPA,Gaica,Gaica distancia,2019-10-02,19,2019,10,2,275,9,16:16:00,00:01:00,1,5,4,Early,4,1,"Robert Rodriguez, Daniela Parra",NA,Despejado,NA,8.082370297516713,0
G-AD-M-LPA_07,AD-M-LPA_07,G-AD-M-LPA,Gaica,Gaica distancia,2019-10-03,19,2019,10,3,276,10,10:56:00,00:05:00,1,5,5,Early,5,1,"Robert Rodriguez, Daniela Parra",NA,Nublado,NA,8.082370297516713,0
G-AD-M-LPA_08,AD-M-LPA_08,G-AD-M-LPA,Gaica,Gaica distancia,2019-10-01,19,2019,10,1,274,8,08:16:00,00:07:00,1,5,1,Early,1,1,"Robert Rodriguez, Daniela Parra",NA,Despejado,NA,8.478655544651554,7.7
G-AD-M-LPA_08,AD-M-LPA_08,G-AD-M-LPA,Gaica,Gaica distancia,2019-10-01,19,2019,10,1,274,8,16:47:00,00:08:00,1,5,2,Early,2,1,"Robert Rodriguez, Daniela Parra",NA,Despejado,NA,8.478655544651554,7.7
G-AD-M-LPA_08,AD-M-LPA_08,G-AD-M-LPA,Gaica,Gaica distancia,2019-10-02,19,2019,10,2,275,9,07:06:00,00:09:00,1,5,3,Early,3,1,"Robert Rodriguez, Daniela Parra",NA,Despejado,NA,8.478655544651554,7.7
G-AD-M-LPA_08,AD-M-LPA_08,G-AD-M-LPA,Gaica,Gaica distancia,2019-10-02,19,2019,10,2,275,9,16:00:00,00:08:00,1,5,4,Early,4,1,"Robert Rodriguez, Daniela Parra",NA,Despejado,NA,8.478655544651554,7.7
G-AD-M-LPA_08,AD-M-LPA_08,G-AD-M-LPA,Gaica,Gaica distancia,2019-10-03,19,2019,10,3,276,10,10:38:00,00:10:00,1,5,5,Early,5,1,"Robert Rodriguez, Daniela Parra",NA,Nublado,NA,8.478655544651554,7.7
G-AD-M-LPA_09,AD-M-LPA_09,G-AD-M-LPA,Gaica,Gaica distancia,2019-10-01,19,2019,10,1,274,8,08:34:00,00:00:00,1,5,1,Early,1,1,"Robert Rodriguez, Daniela Parra",NA,Despejado,NA,9.35637254901972,0
G-AD-M-LPA_09,AD-M-LPA_09,G-AD-M-LPA,Gaica,Gaica distancia,2019-10-01,19,2019,10,1,274,8,17:02:00,00:10:00,1,5,2,Early,2,1,"Robert Rodriguez, Daniela Parra",NA,Despejado,NA,9.35637254901972,0
G-AD-M-LPA_09,AD-M-LPA_09,G-AD-M-LPA,Gaica,Gaica distancia,2019-10-02,19,2019,10,2,275,9,06:52:00,00:10:00,1,5,3,Early,3,1,"Robert Rodriguez, Daniela Parra",NA,Despejado,NA,9.35637254901972,0
G-AD-M-LPA_09,AD-M-LPA_09,G-AD-M-LPA,Gaica,Gaica distancia,2019-10-02,19,2019,10,2,275,9,15:44:00,00:10:00,1,5,4,Early,4,1,"Robert Rodriguez, Daniela Parra",NA,Despejado,NA,9.35637254901972,0
G-AD-M-LPA_09,AD-M-LPA_09,G-AD-M-LPA,Gaica,Gaica distancia,2019-10-03,19,2019,10,3,276,10,10:24:00,00:04:00,1,5,5,Early,5,1,"Robert Rodriguez, Daniela Parra",NA,Nublado,NA,9.35637254901972,0
G-AD-M-LPA_10,AD-M-LPA_10,G-AD-M-LPA,Gaica,Gaica distancia,2019-10-01,19,2019,10,1,274,8,08:44:00,00:10:00,1,5,1,Early,1,1,"Robert Rodriguez, Daniela Parra",NA,Despejado,NA,10.21305841924409,0
G-AD-M-LPA_10,AD-M-LPA_10,G-AD-M-LPA,Gaica,Gaica distancia,2019-10-01,19,2019,10,1,274,8,17:17:00,00:07:00,1,5,2,Early,2,1,"Robert Rodriguez, Daniela Parra",NA,Despejado,NA,10.21305841924409,0
G-AD-M-LPA_10,AD-M-LPA_10,G-AD-M-LPA,Gaica,Gaica distancia,2019-10-02,19,2019,10,2,275,9,06:39:00,00:09:00,1,5,3,Early,3,1,"Robert Rodriguez, Daniela Parra",NA,Despejado,NA,10.21305841924409,0
G-AD-M-LPA_10,AD-M-LPA_10,G-AD-M-LPA,Gaica,Gaica distancia,2019-10-02,19,2019,10,2,275,9,15:31:00,00:07:00,1,5,4,Early,4,1,"Robert Rodriguez, Daniela Parra",NA,Despejado,NA,10.21305841924409,0
G-AD-M-LPA_10,AD-M-LPA_10,G-AD-M-LPA,Gaica,Gaica distancia,2019-10-03,19,2019,10,3,276,10,10:10:00,00:10:00,1,5,5,Early,5,1,"Robert Rodriguez, Daniela Parra",NA,Nublado,NA,10.21305841924409,0
G-AD-M-LPA_11,AD-M-LPA_11,G-AD-M-LPA,Gaica,Gaica distancia,2019-10-01,19,2019,10,1,274,8,09:04:00,00:08:00,1,5,1,Early,1,1,"Robert Rodriguez, Daniela Parra",NA,Despejado,NA,12.207862407862573,0
G-AD-M-LPA_11,AD-M-LPA_11,G-AD-M-LPA,Gaica,Gaica distancia,2019-10-01,19,2019,10,1,274,8,17:31:00,00:08:00,1,5,2,Early,2,1,"Robert Rodriguez, Daniela Parra",NA,Despejado,NA,12.207862407862573,0
G-AD-M-LPA_11,AD-M-LPA_11,G-AD-M-LPA,Gaica,Gaica distancia,2019-10-02,19,2019,10,2,275,9,06:25:00,00:10:00,1,5,3,Early,3,1,"Robert Rodriguez, Daniela Parra",NA,Despejado,NA,12.207862407862573,0
G-AD-M-LPA_11,AD-M-LPA_11,G-AD-M-LPA,Gaica,Gaica distancia,2019-10-02,19,2019,10,2,275,9,15:19:00,00:08:00,1,5,4,Early,4,1,"Robert Rodriguez, Daniela Parra",NA,Despejado,NA,12.207862407862573,0
G-AD-M-LPA_11,AD-M-LPA_11,G-AD-M-LPA,Gaica,Gaica distancia,2019-10-03,19,2019,10,3,276,10,09:55:00,00:09:00,1,5,5,Early,5,1,"Robert Rodriguez, Daniela Parra",NA,Nublado,NA,12.207862407862573,0
G-AD-M-LP_01,AD-M-LP_01,G-AD-M-LP,Gaica,Gaica distancia,2019-09-27,19,2019,9,27,270,4,15:00:00,00:10:00,1,5,1,Early,1,1,"Robert Rodriguez, Daniela Parra",NA,Nublado,NA,28.35233415233415,7.7
G-AD-M-LP_01,AD-M-LP_01,G-AD-M-LP,Gaica,Gaica distancia,2019-09-28,19,2019,9,28,271,5,06:00:00,00:10:00,1,5,2,Early,2,1,"Robert Rodriguez, Daniela Parra",NA,Nublado,NA,28.35233415233415,7.7
G-AD-M-LP_01,AD-M-LP_01,G-AD-M-LP,Gaica,Gaica distancia,2019-09-28,19,2019,9,28,271,5,14:41:00,00:09:00,1,5,3,Early,3,1,"Robert Rodriguez, Daniela Parra",NA,Despejado,NA,28.35233415233415,7.7
G-AD-M-LP_01,AD-M-LP_01,G-AD-M-LP,Gaica,Gaica distancia,2019-09-29,19,2019,9,29,272,6,10:40:00,00:10:00,1,5,4,Early,4,1,"Robert Rodriguez, Daniela Parra",NA,Despejado,NA,28.35233415233415,7.7
G-AD-M-LP_01,AD-M-LP_01,G-AD-M-LP,Gaica,Gaica distancia,2019-09-29,19,2019,9,29,272,6,17:43:00,00:08:00,1,5,5,Early,5,1,"Robert Rodriguez, Daniela Parra",NA,Despejado,NA,28.35233415233415,7.7
G-AD-M-LP_02,AD-M-LP_02,G-AD-M-LP,Gaica,Gaica distancia,2019-09-27,19,2019,9,27,270,4,15:17:00,00:08:00,1,5,1,Early,1,1,"Robert Rodriguez, Daniela Parra",NA,Nublado,NA,27.807314678448797,3.4
G-AD-M-LP_02,AD-M-LP_02,G-AD-M-LP,Gaica,Gaica distancia,2019-09-28,19,2019,9,28,271,5,06:19:00,00:09:00,1,5,2,Early,2,1,"Robert Rodriguez, Daniela Parra",NA,Nublado,NA,27.807314678448797,3.4
G-AD-M-LP_02,AD-M-LP_02,G-AD-M-LP,Gaica,Gaica distancia,2019-09-28,19,2019,9,28,271,5,15:00:00,00:08:00,1,5,3,Early,3,1,"Robert Rodriguez, Daniela Parra",NA,Despejado,NA,27.807314678448797,3.4
G-AD-M-LP_02,AD-M-LP_02,G-AD-M-LP,Gaica,Gaica distancia,2019-09-29,19,2019,9,29,272,6,10:36:00,00:01:00,1,5,4,Early,4,1,"Robert Rodriguez, Daniela Parra",NA,Despejado,NA,27.807314678448797,3.4
G-AD-M-LP_02,AD-M-LP_02,G-AD-M-LP,Gaica,Gaica distancia,2019-09-30,19,2019,9,30,273,7,08:49:00,00:08:00,1,5,5,Early,5,1,"Robert Rodriguez, Daniela Parra",NA,Despejado,NA,27.807314678448797,3.4
G-AD-M-LP_03,AD-M-LP_03,G-AD-M-LP,Gaica,Gaica distancia,2019-09-27,19,2019,9,27,270,4,15:34:00,00:09:00,1,5,1,Early,1,1,"Robert Rodriguez, Daniela Parra",NA,Nublado,NA,27.26653552987459,13.5
G-AD-M-LP_03,AD-M-LP_03,G-AD-M-LP,Gaica,Gaica distancia,2019-09-28,19,2019,9,28,271,5,06:40:00,00:08:00,1,5,2,Early,2,1,"Robert Rodriguez, Daniela Parra",NA,Nublado,NA,27.26653552987459,13.5
G-AD-M-LP_03,AD-M-LP_03,G-AD-M-LP,Gaica,Gaica distancia,2019-09-28,19,2019,9,28,271,5,15:16:00,00:00:00,1,5,3,Early,3,1,"Robert Rodriguez, Daniela Parra",NA,Despejado,NA,27.26653552987459,13.5
G-AD-M-LP_03,AD-M-LP_03,G-AD-M-LP,Gaica,Gaica distancia,2019-09-29,19,2019,9,29,272,6,10:11:00,00:10:00,1,5,4,Early,4,1,"Robert Rodriguez, Daniela Parra",NA,Despejado,NA,27.26653552987459,13.5
G-AD-M-LP_03,AD-M-LP_03,G-AD-M-LP,Gaica,Gaica distancia,2019-09-29,19,2019,9,29,272,6,17:27:00,00:00:00,1,5,5,Early,5,1,"Robert Rodriguez, Daniela Parra",NA,Despejado,NA,27.26653552987459,13.5
G-AD-M-LP_04,AD-M-LP_04,G-AD-M-LP,Gaica,Gaica distancia,2019-09-27,19,2019,9,27,270,4,15:48:00,00:10:00,1,5,1,Early,1,1,"Robert Rodriguez, Daniela Parra",NA,Nublado,NA,26.734939759036187,0
G-AD-M-LP_04,AD-M-LP_04,G-AD-M-LP,Gaica,Gaica distancia,2019-09-28,19,2019,9,28,271,5,06:54:00,00:08:00,1,5,2,Early,2,1,"Robert Rodriguez, Daniela Parra",NA,Nublado,NA,26.734939759036187,0
G-AD-M-LP_04,AD-M-LP_04,G-AD-M-LP,Gaica,Gaica distancia,2019-09-28,19,2019,9,28,271,5,15:31:00,00:04:00,1,5,3,Early,3,1,"Robert Rodriguez, Daniela Parra",NA,Despejado,NA,26.734939759036187,0
G-AD-M-LP_04,AD-M-LP_04,G-AD-M-LP,Gaica,Gaica distancia,2019-09-29,19,2019,9,29,272,6,10:00:00,00:01:00,1,5,4,Early,4,1,"Robert Rodriguez, Daniela Parra",NA,Despejado,NA,26.734939759036187,0
G-AD-M-LP_04,AD-M-LP_04,G-AD-M-LP,Gaica,Gaica distancia,2019-09-29,19,2019,9,29,272,6,16:54:00,00:09:00,1,5,5,Early,5,1,"Robert Rodriguez, Daniela Parra",NA,Despejado,NA,26.734939759036187,0
G-AD-M-LP_05,AD-M-LP_05,G-AD-M-LP,Gaica,Gaica distancia,2019-09-27,19,2019,9,27,270,4,16:03:00,00:07:00,1,5,1,Early,1,1,"Robert Rodriguez, Daniela Parra",NA,Nublado,NA,26.45755642787049,0
G-AD-M-LP_05,AD-M-LP_05,G-AD-M-LP,Gaica,Gaica distancia,2019-09-28,19,2019,9,28,271,5,07:09:00,00:10:00,1,5,2,Early,2,1,"Robert Rodriguez, Daniela Parra",NA,Nublado,NA,26.45755642787049,0
G-AD-M-LP_05,AD-M-LP_05,G-AD-M-LP,Gaica,Gaica distancia,2019-09-28,19,2019,9,28,271,5,15:45:00,00:10:00,1,5,3,Early,3,1,"Robert Rodriguez, Daniela Parra",NA,Despejado,NA,26.45755642787049,0
G-AD-M-LP_05,AD-M-LP_05,G-AD-M-LP,Gaica,Gaica distancia,2019-09-29,19,2019,9,29,272,6,09:43:00,00:10:00,1,5,4,Early,4,1,"Robert Rodriguez, Daniela Parra",NA,Despejado,NA,26.45755642787049,0
G-AD-M-LP_05,AD-M-LP_05,G-AD-M-LP,Gaica,Gaica distancia,2019-09-29,19,2019,9,29,272,6,16:40:00,00:09:00,1,5,5,Early,5,1,"Robert Rodriguez, Daniela Parra",NA,Despejado,NA,26.45755642787049,0
G-AD-M-LP_06,AD-M-LP_06,G-AD-M-LP,Gaica,Gaica distancia,2019-09-27,19,2019,9,27,270,4,16:24:00,00:08:00,1,5,1,Early,1,1,"Robert Rodriguez, Daniela Parra",NA,Nublado,NA,25.681728880156957,8
G-AD-M-LP_06,AD-M-LP_06,G-AD-M-LP,Gaica,Gaica distancia,2019-09-28,19,2019,9,28,271,5,07:28:00,00:10:00,1,5,2,Early,2,1,"Robert Rodriguez, Daniela Parra",NA,Despejado,NA,25.681728880156957,8
G-AD-M-LP_06,AD-M-LP_06,G-AD-M-LP,Gaica,Gaica distancia,2019-09-28,19,2019,9,28,271,5,16:07:00,00:00:00,1,5,3,Early,3,1,"Robert Rodriguez, Daniela Parra",NA,Despejado,NA,25.681728880156957,8
G-AD-M-LP_06,AD-M-LP_06,G-AD-M-LP,Gaica,Gaica distancia,2019-09-29,19,2019,9,29,272,6,09:25:00,00:04:00,1,5,4,Early,4,1,"Robert Rodriguez, Daniela Parra",NA,Despejado,NA,25.681728880156957,8
G-AD-M-LP_06,AD-M-LP_06,G-AD-M-LP,Gaica,Gaica distancia,2019-09-29,19,2019,9,29,272,6,16:25:00,00:05:00,1,5,5,Early,5,1,"Robert Rodriguez, Daniela Parra",NA,Llovizna,NA,25.681728880156957,8
G-AD-M-LP_07,AD-M-LP_07,G-AD-M-LP,Gaica,Gaica distancia,2019-09-27,19,2019,9,27,270,4,16:39:00,00:09:00,1,5,1,Early,1,1,"Robert Rodriguez, Daniela Parra",NA,Nublado,NA,24.411143838978713,0
G-AD-M-LP_07,AD-M-LP_07,G-AD-M-LP,Gaica,Gaica distancia,2019-09-28,19,2019,9,28,271,5,08:00:00,00:03:00,1,5,2,Early,2,1,"Robert Rodriguez, Daniela Parra",NA,Nublado,NA,24.411143838978713,0
G-AD-M-LP_07,AD-M-LP_07,G-AD-M-LP,Gaica,Gaica distancia,2019-09-28,19,2019,9,28,271,5,16:23:00,00:03:00,1,5,3,Early,3,1,"Robert Rodriguez, Daniela Parra",NA,Despejado,NA,24.411143838978713,0
G-AD-M-LP_07,AD-M-LP_07,G-AD-M-LP,Gaica,Gaica distancia,2019-09-29,19,2019,9,29,272,6,09:12:00,00:03:00,1,5,4,Early,4,1,"Robert Rodriguez, Daniela Parra",NA,Nublado,NA,24.411143838978713,0
G-AD-M-LP_07,AD-M-LP_07,G-AD-M-LP,Gaica,Gaica distancia,2019-09-29,19,2019,9,29,272,6,16:10:00,00:10:00,1,5,5,Early,5,1,"Robert Rodriguez, Daniela Parra",NA,Lluvia,NA,24.411143838978713,0
G-AD-M-LP_08,AD-M-LP_08,G-AD-M-LP,Gaica,Gaica distancia,2019-09-27,19,2019,9,27,270,4,16:55:00,00:10:00,1,5,1,Early,1,1,"Robert Rodriguez, Daniela Parra",NA,Nublado,NA,21.99092247301253,0
G-AD-M-LP_08,AD-M-LP_08,G-AD-M-LP,Gaica,Gaica distancia,2019-09-28,19,2019,9,28,271,5,08:13:00,00:07:00,1,5,2,Early,2,1,"Robert Rodriguez, Daniela Parra",NA,Nublado,NA,21.99092247301253,0
G-AD-M-LP_08,AD-M-LP_08,G-AD-M-LP,Gaica,Gaica distancia,2019-09-28,19,2019,9,28,271,5,16:36:00,00:09:00,1,5,3,Early,3,1,"Robert Rodriguez, Daniela Parra",NA,Despejado,NA,21.99092247301253,0
G-AD-M-LP_08,AD-M-LP_08,G-AD-M-LP,Gaica,Gaica distancia,2019-09-29,19,2019,9,29,272,6,08:56:00,00:08:00,1,5,4,Early,4,1,"Robert Rodriguez, Daniela Parra",NA,Llovizna,NA,21.99092247301253,0
G-AD-M-LP_08,AD-M-LP_08,G-AD-M-LP,Gaica,Gaica distancia,2019-09-29,19,2019,9,29,272,6,15:58:00,00:03:00,1,5,5,Early,5,1,"Robert Rodriguez, Daniela Parra",NA,Despejado,NA,21.99092247301253,0
G-AD-M-LP_09,AD-M-LP_09,G-AD-M-LP,Gaica,Gaica distancia,2019-09-27,19,2019,9,27,270,4,17:13:00,00:07:00,1,5,1,Early,1,1,"Robert Rodriguez, Daniela Parra",NA,Nublado,NA,22.27908689248874,0
G-AD-M-LP_09,AD-M-LP_09,G-AD-M-LP,Gaica,Gaica distancia,2019-09-28,19,2019,9,28,271,5,08:36:00,00:00:00,1,5,2,Early,2,1,"Robert Rodriguez, Daniela Parra",NA,Nublado,NA,22.27908689248874,0
G-AD-M-LP_09,AD-M-LP_09,G-AD-M-LP,Gaica,Gaica distancia,2019-09-28,19,2019,9,28,271,5,17:02:00,00:00:00,1,5,3,Early,3,1,"Robert Rodriguez, Daniela Parra",NA,Despejado,NA,22.27908689248874,0
G-AD-M-LP_09,AD-M-LP_09,G-AD-M-LP,Gaica,Gaica distancia,2019-09-29,19,2019,9,29,272,6,08:36:00,00:02:00,1,5,4,Early,4,1,"Robert Rodriguez, Daniela Parra",NA,Nublado,NA,22.27908689248874,0
G-AD-M-LP_09,AD-M-LP_09,G-AD-M-LP,Gaica,Gaica distancia,2019-09-29,19,2019,9,29,272,6,15:53:00,00:00:00,1,5,5,Early,5,1,"Robert Rodriguez, Daniela Parra",NA,Despejado,NA,22.27908689248874,0
G-AD-M-LP_10,AD-M-LP_10,G-AD-M-LP,Gaica,Gaica distancia,2019-09-27,19,2019,9,27,270,4,17:28:00,00:00:00,1,5,1,Early,1,1,"Robert Rodriguez, Daniela Parra",NA,Nublado,NA,23.49239450441642,14.1
G-AD-M-LP_10,AD-M-LP_10,G-AD-M-LP,Gaica,Gaica distancia,2019-09-28,19,2019,9,28,271,5,08:43:00,00:05:00,1,5,2,Early,2,1,"Robert Rodriguez, Daniela Parra",NA,Despejado,NA,23.49239450441642,14.1
G-AD-M-LP_10,AD-M-LP_10,G-AD-M-LP,Gaica,Gaica distancia,2019-09-28,19,2019,9,28,271,5,15:49:00,00:10:00,1,5,3,Early,3,0,NA,NA,NA,NA,23.49239450441642,14.1
G-AD-M-LP_10,AD-M-LP_10,G-AD-M-LP,Gaica,Gaica distancia,2019-09-29,19,2019,9,29,272,6,08:20:00,00:10:00,1,5,4,Early,4,1,"Robert Rodriguez, Daniela Parra",NA,Nublado,NA,23.49239450441642,14.1
G-AD-M-LP_10,AD-M-LP_10,G-AD-M-LP,Gaica,Gaica distancia,2019-09-29,19,2019,9,29,272,6,15:30:00,00:00:00,1,5,5,Early,5,1,"Robert Rodriguez, Daniela Parra",NA,Despejado,NA,23.49239450441642,14.1
G-AD-M-LP_11,AD-M-LP_11,G-AD-M-LP,Gaica,Gaica distancia,2019-09-27,19,2019,9,27,270,4,17:44:00,00:03:00,1,5,1,Early,1,1,"Robert Rodriguez, Daniela Parra",NA,Nublado,NA,25.47985257985272,14.4
G-AD-M-LP_11,AD-M-LP_11,G-AD-M-LP,Gaica,Gaica distancia,2019-09-28,19,2019,9,28,271,5,09:00:00,00:10:00,1,5,2,Early,2,1,"Robert Rodriguez, Daniela Parra",NA,Despejado,NA,25.47985257985272,14.4
G-AD-M-LP_11,AD-M-LP_11,G-AD-M-LP,Gaica,Gaica distancia,2019-09-28,19,2019,9,28,271,5,15:49:00,00:10:00,1,5,3,Early,3,0,NA,NA,NA,NA,25.47985257985272,14.4
G-AD-M-LP_11,AD-M-LP_11,G-AD-M-LP,Gaica,Gaica distancia,2019-09-29,19,2019,9,29,272,6,08:05:00,00:05:00,1,5,4,Early,4,1,"Robert Rodriguez, Daniela Parra",NA,Llovizna,NA,25.47985257985272,14.4
G-AD-M-LP_11,AD-M-LP_11,G-AD-M-LP,Gaica,Gaica distancia,2019-09-29,19,2019,9,29,272,6,15:20:00,00:00:00,1,5,5,Early,5,1,"Robert Rodriguez, Daniela Parra",NA,Despejado,NA,25.47985257985272,14.4
G-AD-M-SM_01,AD-M-SM_01,G-AD-M-SM,Gaica,Gaica distancia,2019-10-04,19,2019,10,4,277,11,17:43:00,00:07:00,1,5,1,Early,1,1,"Robert Rodriguez, Daniela Parra",NA,Despejado,NA,9.244117647059069,9.4
G-AD-M-SM_01,AD-M-SM_01,G-AD-M-SM,Gaica,Gaica distancia,2019-10-05,19,2019,10,5,278,12,06:14:00,00:08:00,1,5,2,Early,2,1,"Robert Rodriguez, Daniela Parra",NA,Despejado,NA,9.244117647059069,9.4
G-AD-M-SM_01,AD-M-SM_01,G-AD-M-SM,Gaica,Gaica distancia,2019-10-05,19,2019,10,5,278,12,15:12:00,00:10:00,1,5,3,Early,3,1,"Robert Rodriguez, Daniela Parra",NA,Despejado,NA,9.244117647059069,9.4
G-AD-M-SM_01,AD-M-SM_01,G-AD-M-SM,Gaica,Gaica distancia,2019-10-06,19,2019,10,6,279,13,08:00:00,00:09:00,1,5,4,Early,4,1,"Robert Rodriguez, Daniela Parra",NA,Despejado,NA,9.244117647059069,9.4
G-AD-M-SM_01,AD-M-SM_01,G-AD-M-SM,Gaica,Gaica distancia,2019-10-06,19,2019,10,6,279,13,17:40:00,00:07:00,1,5,5,Early,5,1,"Robert Rodriguez, Daniela Parra",NA,Despejado,NA,9.244117647059069,9.4
G-AD-M-SM_02,AD-M-SM_02,G-AD-M-SM,Gaica,Gaica distancia,2019-10-04,19,2019,10,4,277,11,17:29:00,00:10:00,1,5,1,Early,1,1,"Robert Rodriguez, Daniela Parra",NA,Despejado,NA,9.251104565537664,8.3
G-AD-M-SM_02,AD-M-SM_02,G-AD-M-SM,Gaica,Gaica distancia,2019-10-05,19,2019,10,5,278,12,06:29:00,00:10:00,1,5,2,Early,2,1,"Robert Rodriguez, Daniela Parra",NA,Despejado,NA,9.251104565537664,8.3
G-AD-M-SM_02,AD-M-SM_02,G-AD-M-SM,Gaica,Gaica distancia,2019-10-05,19,2019,10,5,278,12,15:28:00,00:09:00,1,5,3,Early,3,1,"Robert Rodriguez, Daniela Parra",NA,Despejado,NA,9.251104565537664,8.3
G-AD-M-SM_02,AD-M-SM_02,G-AD-M-SM,Gaica,Gaica distancia,2019-10-06,19,2019,10,6,279,13,07:46:00,00:06:00,1,5,4,Early,4,1,"Robert Rodriguez, Daniela Parra",NA,Despejado,NA,9.251104565537664,8.3
G-AD-M-SM_02,AD-M-SM_02,G-AD-M-SM,Gaica,Gaica distancia,2019-10-06,19,2019,10,6,279,13,17:26:00,00:04:00,1,5,5,Early,5,1,"Robert Rodriguez, Daniela Parra",NA,Despejado,NA,9.251104565537664,8.3
G-AD-M-SM_03,AD-M-SM_03,G-AD-M-SM,Gaica,Gaica distancia,2019-10-04,19,2019,10,4,277,11,17:14:00,00:10:00,1,5,1,Early,1,1,"Robert Rodriguez, Daniela Parra",NA,Despejado,NA,8.029195289499505,0
G-AD-M-SM_03,AD-M-SM_03,G-AD-M-SM,Gaica,Gaica distancia,2019-10-05,19,2019,10,5,278,12,06:48:00,00:10:00,1,5,2,Early,2,1,"Robert Rodriguez, Daniela Parra",NA,Despejado,NA,8.029195289499505,0
G-AD-M-SM_03,AD-M-SM_03,G-AD-M-SM,Gaica,Gaica distancia,2019-10-05,19,2019,10,5,278,12,15:50:00,00:10:00,1,5,3,Early,3,1,"Robert Rodriguez, Daniela Parra",NA,Despejado,NA,8.029195289499505,0
G-AD-M-SM_03,AD-M-SM_03,G-AD-M-SM,Gaica,Gaica distancia,2019-10-06,19,2019,10,6,279,13,07:33:00,00:07:00,1,5,4,Early,4,1,"Robert Rodriguez, Daniela Parra",NA,Despejado,NA,8.029195289499505,0
G-AD-M-SM_03,AD-M-SM_03,G-AD-M-SM,Gaica,Gaica distancia,2019-10-06,19,2019,10,6,279,13,17:11:00,00:09:00,1,5,5,Early,5,1,"Robert Rodriguez, Daniela Parra",NA,Despejado,NA,8.029195289499505,0
G-AD-M-SM_04,AD-M-SM_04,G-AD-M-SM,Gaica,Gaica distancia,2019-10-04,19,2019,10,4,277,11,17:01:00,00:00:00,1,5,1,Early,1,1,"Robert Rodriguez, Daniela Parra",NA,Despejado,NA,7.730372914622118,0
G-AD-M-SM_04,AD-M-SM_04,G-AD-M-SM,Gaica,Gaica distancia,2019-10-05,19,2019,10,5,278,12,07:01:00,00:05:00,1,5,2,Early,2,1,"Robert Rodriguez, Daniela Parra",NA,Despejado,NA,7.730372914622118,0
G-AD-M-SM_04,AD-M-SM_04,G-AD-M-SM,Gaica,Gaica distancia,2019-10-05,19,2019,10,5,278,12,16:12:00,00:01:00,1,5,3,Early,3,1,"Robert Rodriguez, Daniela Parra",NA,Despejado,NA,7.730372914622118,0
G-AD-M-SM_04,AD-M-SM_04,G-AD-M-SM,Gaica,Gaica distancia,2019-10-06,19,2019,10,6,279,13,07:17:00,00:01:00,1,5,4,Early,4,1,"Robert Rodriguez, Daniela Parra",NA,Despejado,NA,7.730372914622118,0
G-AD-M-SM_04,AD-M-SM_04,G-AD-M-SM,Gaica,Gaica distancia,2019-10-06,19,2019,10,6,279,13,16:53:00,00:10:00,1,5,5,Early,5,1,"Robert Rodriguez, Daniela Parra",NA,Despejado,NA,7.730372914622118,0
G-AD-M-SM_05,AD-M-SM_05,G-AD-M-SM,Gaica,Gaica distancia,2019-10-04,19,2019,10,4,277,11,16:45:00,00:06:00,1,5,1,Early,1,1,"Robert Rodriguez, Daniela Parra",NA,Despejado,NA,7.496319921491614,2
G-AD-M-SM_05,AD-M-SM_05,G-AD-M-SM,Gaica,Gaica distancia,2019-10-05,19,2019,10,5,278,12,07:19:00,00:06:00,1,5,2,Early,2,1,"Robert Rodriguez, Daniela Parra",NA,Despejado,NA,7.496319921491614,2
G-AD-M-SM_05,AD-M-SM_05,G-AD-M-SM,Gaica,Gaica distancia,2019-10-05,19,2019,10,5,278,12,16:27:00,00:03:00,1,5,3,Early,3,1,"Robert Rodriguez, Daniela Parra",NA,Despejado,NA,7.496319921491614,2
G-AD-M-SM_05,AD-M-SM_05,G-AD-M-SM,Gaica,Gaica distancia,2019-10-06,19,2019,10,6,279,13,07:04:00,00:10:00,1,5,4,Early,4,1,"Robert Rodriguez, Daniela Parra",NA,Despejado,NA,7.496319921491614,2
G-AD-M-SM_05,AD-M-SM_05,G-AD-M-SM,Gaica,Gaica distancia,2019-10-06,19,2019,10,6,279,13,16:39:00,00:00:00,1,5,5,Early,5,1,"Robert Rodriguez, Daniela Parra",NA,Despejado,NA,7.496319921491614,2
G-AD-M-SM_06,AD-M-SM_06,G-AD-M-SM,Gaica,Gaica distancia,2019-10-04,19,2019,10,4,277,11,16:25:00,00:07:00,1,5,1,Early,1,1,"Robert Rodriguez, Daniela Parra",NA,Despejado,NA,8.054585689697417,0
G-AD-M-SM_06,AD-M-SM_06,G-AD-M-SM,Gaica,Gaica distancia,2019-10-05,19,2019,10,5,278,12,07:31:00,00:07:00,1,5,2,Early,2,1,"Robert Rodriguez, Daniela Parra",NA,Despejado,NA,8.054585689697417,0
G-AD-M-SM_06,AD-M-SM_06,G-AD-M-SM,Gaica,Gaica distancia,2019-10-05,19,2019,10,5,278,12,16:35:00,00:05:00,1,5,3,Early,3,1,"Robert Rodriguez, Daniela Parra",NA,Despejado,NA,8.054585689697417,0
G-AD-M-SM_06,AD-M-SM_06,G-AD-M-SM,Gaica,Gaica distancia,2019-10-06,19,2019,10,6,279,13,06:48:00,00:07:00,1,5,4,Early,4,1,"Robert Rodriguez, Daniela Parra",NA,Despejado,NA,8.054585689697417,0
G-AD-M-SM_06,AD-M-SM_06,G-AD-M-SM,Gaica,Gaica distancia,2019-10-06,19,2019,10,6,279,13,16:26:00,00:03:00,1,5,5,Early,5,1,"Robert Rodriguez, Daniela Parra",NA,Despejado,NA,8.054585689697417,0
G-AD-M-SM_07,AD-M-SM_07,G-AD-M-SM,Gaica,Gaica distancia,2019-10-04,19,2019,10,4,277,11,16:15:00,00:00:00,1,5,1,Early,1,1,"Robert Rodriguez, Daniela Parra",NA,Despejado,NA,8.794406280667324,12.7
G-AD-M-SM_07,AD-M-SM_07,G-AD-M-SM,Gaica,Gaica distancia,2019-10-05,19,2019,10,5,278,12,07:43:00,00:06:00,1,5,2,Early,2,1,"Robert Rodriguez, Daniela Parra",NA,Despejado,NA,8.794406280667324,12.7
G-AD-M-SM_07,AD-M-SM_07,G-AD-M-SM,Gaica,Gaica distancia,2019-10-05,19,2019,10,5,278,12,16:49:00,00:03:00,1,5,3,Early,3,1,"Robert Rodriguez, Daniela Parra",NA,Despejado,NA,8.794406280667324,12.7
G-AD-M-SM_07,AD-M-SM_07,G-AD-M-SM,Gaica,Gaica distancia,2019-10-06,19,2019,10,6,279,13,06:33:00,00:05:00,1,5,4,Early,4,1,"Robert Rodriguez, Daniela Parra",NA,Despejado,NA,8.794406280667324,12.7
G-AD-M-SM_07,AD-M-SM_07,G-AD-M-SM,Gaica,Gaica distancia,2019-10-06,19,2019,10,6,279,13,16:18:00,00:01:00,1,5,5,Early,5,1,"Robert Rodriguez, Daniela Parra",NA,Despejado,NA,8.794406280667324,12.7
G-AD-M-SM_08,AD-M-SM_08,G-AD-M-SM,Gaica,Gaica distancia,2019-10-04,19,2019,10,4,277,11,15:58:00,00:08:00,1,5,1,Early,1,1,"Robert Rodriguez, Daniela Parra",NA,Despejado,NA,9.0314728300961,10
G-AD-M-SM_08,AD-M-SM_08,G-AD-M-SM,Gaica,Gaica distancia,2019-10-05,19,2019,10,5,278,12,07:59:00,00:00:00,1,5,2,Early,2,1,"Robert Rodriguez, Daniela Parra",NA,Despejado,NA,9.0314728300961,10
G-AD-M-SM_08,AD-M-SM_08,G-AD-M-SM,Gaica,Gaica distancia,2019-10-05,19,2019,10,5,278,12,17:13:00,00:00:00,1,5,3,Early,3,1,"Robert Rodriguez, Daniela Parra",NA,Despejado,NA,9.0314728300961,10
G-AD-M-SM_08,AD-M-SM_08,G-AD-M-SM,Gaica,Gaica distancia,2019-10-06,19,2019,10,6,279,13,06:20:00,00:08:00,1,5,4,Early,4,1,"Robert Rodriguez, Daniela Parra",NA,Despejado,NA,9.0314728300961,10
G-AD-M-SM_08,AD-M-SM_08,G-AD-M-SM,Gaica,Gaica distancia,2019-10-06,19,2019,10,6,279,13,16:06:00,00:02:00,1,5,5,Early,5,1,"Robert Rodriguez, Daniela Parra",NA,Despejado,NA,9.0314728300961,10
G-AD-M-SM_09,AD-M-SM_09,G-AD-M-SM,Gaica,Gaica distancia,2019-10-04,19,2019,10,4,277,11,16:34:18,00:10:00,1,5,1,Early,1,0,NA,NA,NA,NA,9.36428395971505,10.4
G-AD-M-SM_09,AD-M-SM_09,G-AD-M-SM,Gaica,Gaica distancia,2019-10-05,19,2019,10,5,278,12,07:25:24,00:10:00,1,5,3,Early,2,0,NA,NA,NA,NA,9.36428395971505,10.4
G-AD-M-SM_09,AD-M-SM_09,G-AD-M-SM,Gaica,Gaica distancia,2019-10-05,19,2019,10,5,278,12,17:19:00,00:03:00,1,5,2,Early,3,1,"Robert Rodriguez, Daniela Parra",NA,Despejado,NA,9.36428395971505,10.4
G-AD-M-SM_09,AD-M-SM_09,G-AD-M-SM,Gaica,Gaica distancia,2019-10-06,19,2019,10,6,279,13,06:06:00,00:00:00,1,5,4,Early,4,1,"Robert Rodriguez, Daniela Parra",NA,Despejado,NA,9.36428395971505,10.4
G-AD-M-SM_09,AD-M-SM_09,G-AD-M-SM,Gaica,Gaica distancia,2019-10-06,19,2019,10,6,279,13,15:54:00,00:00:00,1,5,5,Early,5,1,"Robert Rodriguez, Daniela Parra",NA,Despejado,NA,9.36428395971505,10.4
G-AD-M-SM_10,AD-M-SM_10,G-AD-M-SM,Gaica,Gaica distancia,2019-10-04,19,2019,10,4,277,11,15:38:00,00:00:00,1,5,1,Early,1,1,"Robert Rodriguez, Daniela Parra",NA,Despejado,NA,9.55451866404698,9.4
G-AD-M-SM_10,AD-M-SM_10,G-AD-M-SM,Gaica,Gaica distancia,2019-10-05,19,2019,10,5,278,12,08:32:00,00:00:00,1,5,2,Early,2,1,"Robert Rodriguez, Daniela Parra",NA,Despejado,NA,9.55451866404698,9.4
G-AD-M-SM_10,AD-M-SM_10,G-AD-M-SM,Gaica,Gaica distancia,2019-10-05,19,2019,10,5,278,12,17:30:00,00:05:00,1,5,3,Early,3,1,"Robert Rodriguez, Daniela Parra",NA,Despejado,NA,9.55451866404698,9.4
G-AD-M-SM_10,AD-M-SM_10,G-AD-M-SM,Gaica,Gaica distancia,2019-10-06,19,2019,10,6,279,13,05:54:00,00:06:00,1,5,4,Early,4,1,"Robert Rodriguez, Daniela Parra",NA,Despejado,NA,9.55451866404698,9.4
G-AD-M-SM_10,AD-M-SM_10,G-AD-M-SM,Gaica,Gaica distancia,2019-10-06,19,2019,10,6,279,13,16:35:30,00:10:00,1,5,5,Early,5,0,NA,NA,NA,NA,9.55451866404698,9.4
G-AD-M-SM_11,AD-M-SM_11,G-AD-M-SM,Gaica,Gaica distancia,2019-10-04,19,2019,10,4,277,11,15:15:00,00:05:00,1,5,1,Early,1,1,"Robert Rodriguez, Daniela Parra",NA,Despejado,NA,9.555473735886064,9.5
G-AD-M-SM_11,AD-M-SM_11,G-AD-M-SM,Gaica,Gaica distancia,2019-10-05,19,2019,10,5,278,12,08:38:00,00:00:00,1,5,2,Early,2,1,"Robert Rodriguez, Daniela Parra",NA,Despejado,NA,9.555473735886064,9.5
G-AD-M-SM_11,AD-M-SM_11,G-AD-M-SM,Gaica,Gaica distancia,2019-10-05,19,2019,10,5,278,12,16:27:30,00:10:00,1,5,3,Early,3,0,NA,NA,NA,NA,9.555473735886064,9.5
G-AD-M-SM_11,AD-M-SM_11,G-AD-M-SM,Gaica,Gaica distancia,2019-10-06,19,2019,10,6,279,13,05:42:00,00:06:00,1,5,4,Early,4,1,"Robert Rodriguez, Daniela Parra",NA,Despejado,NA,9.555473735886064,9.5
G-AD-M-SM_11,AD-M-SM_11,G-AD-M-SM,Gaica,Gaica distancia,2019-10-06,19,2019,10,6,279,13,15:22:00,00:00:00,1,5,5,Early,5,1,"Robert Rodriguez, Daniela Parra",NA,Despejado,NA,9.555473735886064,9.5
G-MB-A-CL_01,MB-A-CL_01,G-MB-A-CL,Gaica,Gaica mbd,2013-06-28,13-14,2013,6,28,179,36,07:30:00,00:00:00,2,11,1,Early,1,1,"Ronald Fernandez-Gomez, Yuri Rosero-Mora",NA,NA,NA,49.520782986949975,10.2
G-MB-A-CL_01,MB-A-CL_01,G-MB-A-CL,Gaica,Gaica mbd,2013-06-29,13-14,2013,6,29,180,37,06:00:00,00:00:00,2,11,2,Early,2,1,"Ronald Fernandez-Gomez, Yuri Rosero-Mora",NA,NA,NA,49.520782986949975,10.2
G-MB-A-CL_01,MB-A-CL_01,G-MB-A-CL,Gaica,Gaica mbd,2013-06-30,13-14,2013,6,30,181,38,06:00:00,00:00:00,2,11,3,Early,3,1,"Ronald Fernandez-Gomez, Yuri Rosero-Mora",NA,NA,NA,49.520782986949975,10.2
G-MB-A-CL_01,MB-A-CL_01,G-MB-A-CL,Gaica,Gaica mbd,2013-07-01,13-14,2013,7,1,182,39,06:18:00,00:00:00,2,11,4,Early,4,1,"Ronald Fernandez-Gomez, Yuri Rosero-Mora",NA,NA,NA,49.520782986949975,10.2
G-MB-A-CL_01,MB-A-CL_01,G-MB-A-CL,Gaica,Gaica mbd,2013-10-18,13-14,2013,10,18,291,67,08:05:00,00:00:00,2,11,5,Late,1,1,"Ronald Fernandez-Gomez, Yuri Rosero-Mora",NA,NA,NA,49.520782986949975,10.2
G-MB-A-CL_01,MB-A-CL_01,G-MB-A-CL,Gaica,Gaica mbd,2013-10-19,13-14,2013,10,19,292,68,06:05:00,00:00:00,2,11,6,Late,2,1,"Ronald Fernandez-Gomez, Yuri Rosero-Mora",NA,NA,NA,49.520782986949975,10.2
G-MB-A-CL_01,MB-A-CL_01,G-MB-A-CL,Gaica,Gaica mbd,2013-10-20,13-14,2013,10,20,293,69,06:06:00,00:00:00,2,11,7,Late,3,1,"Ronald Fernandez-Gomez, Yuri Rosero-Mora",NA,NA,NA,49.520782986949975,10.2
G-MB-A-CL_01,MB-A-CL_01,G-MB-A-CL,Gaica,Gaica mbd,2013-10-21,13-14,2013,10,21,294,70,08:20:00,00:00:00,2,11,8,Late,4,1,"Ronald Fernandez-Gomez, Yuri Rosero-Mora",NA,NA,NA,49.520782986949975,10.2
G-MB-A-CL_01,MB-A-CL_01,G-MB-A-CL,Gaica,Gaica mbd,2016-11-10,16-17,2016,11,10,315,55,06:00:00,00:00:00,2,11,1,Early,1,1,"Yuri Rosero-Mora, Robert Rodriguez",NA,NA,NA,52.54857419042997,10.2
G-MB-A-CL_01,MB-A-CL_01,G-MB-A-CL,Gaica,Gaica mbd,2016-11-11,16-17,2016,11,11,316,56,06:00:00,00:00:00,2,11,2,Early,2,1,"Yuri Rosero-Mora, Robert Rodriguez",NA,NA,NA,52.54857419042997,10.2
G-MB-A-CL_01,MB-A-CL_01,G-MB-A-CL,Gaica,Gaica mbd,2016-11-12,16-17,2016,11,12,317,57,06:05:00,00:00:00,2,11,3,Early,3,1,"Yuri Rosero-Mora, Robert Rodriguez",NA,NA,NA,52.54857419042997,10.2
G-MB-A-CL_02,MB-A-CL_02,G-MB-A-CL,Gaica,Gaica mbd,2013-06-28,13-14,2013,6,28,179,36,07:53:00,00:00:00,2,11,1,Early,1,1,"Ronald Fernandez-Gomez, Yuri Rosero-Mora",NA,NA,NA,46.372188633614925,15.3
G-MB-A-CL_02,MB-A-CL_02,G-MB-A-CL,Gaica,Gaica mbd,2013-06-29,13-14,2013,6,29,180,37,06:20:00,00:00:00,2,11,2,Early,2,1,"Ronald Fernandez-Gomez, Yuri Rosero-Mora",NA,NA,NA,46.372188633614925,15.3
G-MB-A-CL_02,MB-A-CL_02,G-MB-A-CL,Gaica,Gaica mbd,2013-06-30,13-14,2013,6,30,181,38,06:31:00,00:00:00,2,11,3,Early,3,1,"Ronald Fernandez-Gomez, Yuri Rosero-Mora",NA,NA,NA,46.372188633614925,15.3
G-MB-A-CL_02,MB-A-CL_02,G-MB-A-CL,Gaica,Gaica mbd,2013-07-01,13-14,2013,7,1,182,39,08:30:00,00:00:00,2,11,4,Early,4,1,"Ronald Fernandez-Gomez, Yuri Rosero-Mora",NA,NA,NA,46.372188633614925,15.3
G-MB-A-CL_02,MB-A-CL_02,G-MB-A-CL,Gaica,Gaica mbd,2013-10-18,13-14,2013,10,18,291,67,08:30:00,00:00:00,2,11,5,Late,1,1,"Ronald Fernandez-Gomez, Yuri Rosero-Mora",NA,NA,NA,46.372188633614925,15.3
G-MB-A-CL_02,MB-A-CL_02,G-MB-A-CL,Gaica,Gaica mbd,2013-10-19,13-14,2013,10,19,292,68,06:30:00,00:00:00,2,11,6,Late,2,1,"Ronald Fernandez-Gomez, Yuri Rosero-Mora",NA,NA,NA,46.372188633614925,15.3
G-MB-A-CL_02,MB-A-CL_02,G-MB-A-CL,Gaica,Gaica mbd,2013-10-20,13-14,2013,10,20,293,69,06:30:00,00:00:00,2,11,7,Late,3,1,"Ronald Fernandez-Gomez, Yuri Rosero-Mora",NA,NA,NA,46.372188633614925,15.3
G-MB-A-CL_02,MB-A-CL_02,G-MB-A-CL,Gaica,Gaica mbd,2013-10-21,13-14,2013,10,21,294,70,06:18:00,00:00:00,2,11,8,Late,4,1,"Ronald Fernandez-Gomez, Yuri Rosero-Mora",NA,NA,NA,46.372188633614925,15.3
G-MB-A-CL_02,MB-A-CL_02,G-MB-A-CL,Gaica,Gaica mbd,2016-11-10,16-17,2016,11,10,315,55,06:25:00,00:00:00,2,11,1,Early,1,1,"Yuri Rosero-Mora, Robert Rodriguez",NA,NA,NA,49.06094316807692,15.3
G-MB-A-CL_02,MB-A-CL_02,G-MB-A-CL,Gaica,Gaica mbd,2016-11-11,16-17,2016,11,11,316,56,06:25:00,00:00:00,2,11,2,Early,2,0,"Yuri Rosero-Mora, Robert Rodriguez",NA,NA,NA,49.06094316807692,15.3
G-MB-A-CL_02,MB-A-CL_02,G-MB-A-CL,Gaica,Gaica mbd,2016-11-12,16-17,2016,11,12,317,57,06:20:00,00:00:00,2,11,3,Early,3,1,"Yuri Rosero-Mora, Robert Rodriguez",NA,NA,NA,49.06094316807692,15.3
G-MB-A-CL_03,MB-A-CL_03,G-MB-A-CL,Gaica,Gaica mbd,2013-06-28,13-14,2013,6,28,179,36,08:15:00,00:00:00,2,11,1,Early,1,1,"Ronald Fernandez-Gomez, Yuri Rosero-Mora",NA,NA,NA,44.01183289060592,11.7
G-MB-A-CL_03,MB-A-CL_03,G-MB-A-CL,Gaica,Gaica mbd,2013-06-29,13-14,2013,6,29,180,37,06:47:00,00:00:00,2,11,2,Early,2,1,"Ronald Fernandez-Gomez, Yuri Rosero-Mora",NA,NA,NA,44.01183289060592,11.7
G-MB-A-CL_03,MB-A-CL_03,G-MB-A-CL,Gaica,Gaica mbd,2013-06-30,13-14,2013,6,30,181,38,07:00:00,00:00:00,2,11,3,Early,3,1,"Ronald Fernandez-Gomez, Yuri Rosero-Mora",NA,NA,NA,44.01183289060592,11.7
G-MB-A-CL_03,MB-A-CL_03,G-MB-A-CL,Gaica,Gaica mbd,2013-07-01,13-14,2013,7,1,182,39,08:10:00,00:00:00,2,11,4,Early,4,1,"Ronald Fernandez-Gomez, Yuri Rosero-Mora",NA,NA,NA,44.01183289060592,11.7
G-MB-A-CL_03,MB-A-CL_03,G-MB-A-CL,Gaica,Gaica mbd,2013-10-18,13-14,2013,10,18,291,67,08:50:00,00:00:00,2,11,5,Late,1,1,"Ronald Fernandez-Gomez, Yuri Rosero-Mora",NA,NA,NA,44.01183289060592,11.7
G-MB-A-CL_03,MB-A-CL_03,G-MB-A-CL,Gaica,Gaica mbd,2013-10-19,13-14,2013,10,19,292,68,06:54:00,00:00:00,2,11,6,Late,2,1,"Ronald Fernandez-Gomez, Yuri Rosero-Mora",NA,NA,NA,44.01183289060592,11.7
G-MB-A-CL_03,MB-A-CL_03,G-MB-A-CL,Gaica,Gaica mbd,2013-10-20,13-14,2013,10,20,293,69,06:52:00,00:00:00,2,11,7,Late,3,1,"Ronald Fernandez-Gomez, Yuri Rosero-Mora",NA,NA,NA,44.01183289060592,11.7
G-MB-A-CL_03,MB-A-CL_03,G-MB-A-CL,Gaica,Gaica mbd,2013-10-21,13-14,2013,10,21,294,70,06:35:00,00:00:00,2,11,8,Late,4,1,"Ronald Fernandez-Gomez, Yuri Rosero-Mora",NA,NA,NA,44.01183289060592,11.7
G-MB-A-CL_03,MB-A-CL_03,G-MB-A-CL,Gaica,Gaica mbd,2016-11-10,16-17,2016,11,10,315,55,06:45:00,00:00:00,2,11,1,Early,1,1,"Yuri Rosero-Mora, Robert Rodriguez",NA,NA,NA,46.42984786283541,11.7
G-MB-A-CL_03,MB-A-CL_03,G-MB-A-CL,Gaica,Gaica mbd,2016-11-11,16-17,2016,11,11,316,56,06:45:00,00:00:00,2,11,2,Early,2,1,"Yuri Rosero-Mora, Robert Rodriguez",NA,NA,NA,46.42984786283541,11.7
G-MB-A-CL_03,MB-A-CL_03,G-MB-A-CL,Gaica,Gaica mbd,2016-11-12,16-17,2016,11,12,317,57,06:35:00,00:00:00,2,11,3,Early,3,1,"Yuri Rosero-Mora, Robert Rodriguez",NA,NA,NA,46.42984786283541,11.7
G-MB-A-CL_04,MB-A-CL_04,G-MB-A-CL,Gaica,Gaica mbd,2013-06-28,13-14,2013,6,28,179,36,08:53:00,00:00:00,2,11,1,Early,1,1,"Ronald Fernandez-Gomez, Yuri Rosero-Mora",NA,NA,NA,42.92629289511882,13.9
G-MB-A-CL_04,MB-A-CL_04,G-MB-A-CL,Gaica,Gaica mbd,2013-06-29,13-14,2013,6,29,180,37,09:45:00,00:00:00,2,11,2,Early,2,1,"Ronald Fernandez-Gomez, Yuri Rosero-Mora",NA,NA,NA,42.92629289511882,13.9
G-MB-A-CL_04,MB-A-CL_04,G-MB-A-CL,Gaica,Gaica mbd,2013-06-30,13-14,2013,6,30,181,38,07:25:00,00:00:00,2,11,3,Early,3,1,"Ronald Fernandez-Gomez, Yuri Rosero-Mora",NA,NA,NA,42.92629289511882,13.9
G-MB-A-CL_04,MB-A-CL_04,G-MB-A-CL,Gaica,Gaica mbd,2013-07-01,13-14,2013,7,1,182,39,07:40:00,00:00:00,2,11,4,Early,4,1,"Ronald Fernandez-Gomez, Yuri Rosero-Mora",NA,NA,NA,42.92629289511882,13.9
G-MB-A-CL_04,MB-A-CL_04,G-MB-A-CL,Gaica,Gaica mbd,2013-10-18,13-14,2013,10,18,291,67,09:20:00,00:00:00,2,11,5,Late,1,1,"Ronald Fernandez-Gomez, Yuri Rosero-Mora",NA,NA,NA,42.92629289511882,13.9
G-MB-A-CL_04,MB-A-CL_04,G-MB-A-CL,Gaica,Gaica mbd,2013-10-19,13-14,2013,10,19,292,68,07:25:00,00:00:00,2,11,6,Late,2,1,"Ronald Fernandez-Gomez, Yuri Rosero-Mora",NA,NA,NA,42.92629289511882,13.9
G-MB-A-CL_04,MB-A-CL_04,G-MB-A-CL,Gaica,Gaica mbd,2013-10-20,13-14,2013,10,20,293,69,07:25:00,00:00:00,2,11,7,Late,3,1,"Ronald Fernandez-Gomez, Yuri Rosero-Mora",NA,NA,NA,42.92629289511882,13.9
G-MB-A-CL_04,MB-A-CL_04,G-MB-A-CL,Gaica,Gaica mbd,2013-10-21,13-14,2013,10,21,294,70,07:00:00,00:00:00,2,11,8,Late,4,1,"Ronald Fernandez-Gomez, Yuri Rosero-Mora",NA,NA,NA,42.92629289511882,13.9
G-MB-A-CL_04,MB-A-CL_04,G-MB-A-CL,Gaica,Gaica mbd,2016-11-10,16-17,2016,11,10,315,55,07:00:00,00:00:00,2,11,1,Early,1,1,"Yuri Rosero-Mora, Robert Rodriguez",NA,NA,NA,45.60633156114087,13.9
G-MB-A-CL_04,MB-A-CL_04,G-MB-A-CL,Gaica,Gaica mbd,2016-11-11,16-17,2016,11,11,316,56,07:05:00,00:00:00,2,11,2,Early,2,1,"Yuri Rosero-Mora, Robert Rodriguez",NA,NA,NA,45.60633156114087,13.9
G-MB-A-CL_04,MB-A-CL_04,G-MB-A-CL,Gaica,Gaica mbd,2016-11-12,16-17,2016,11,12,317,57,06:55:00,00:00:00,2,11,3,Early,3,1,"Yuri Rosero-Mora, Robert Rodriguez",NA,NA,NA,45.60633156114087,13.9
G-MB-A-CL_05,MB-A-CL_05,G-MB-A-CL,Gaica,Gaica mbd,2013-06-28,13-14,2013,6,28,179,36,09:25:00,00:00:00,2,11,1,Early,1,1,"Ronald Fernandez-Gomez, Yuri Rosero-Mora",NA,NA,NA,45.00532043530796,12.6
G-MB-A-CL_05,MB-A-CL_05,G-MB-A-CL,Gaica,Gaica mbd,2013-06-29,13-14,2013,6,29,180,37,09:20:00,00:00:00,2,11,2,Early,2,1,"Ronald Fernandez-Gomez, Yuri Rosero-Mora",NA,NA,NA,45.00532043530796,12.6
G-MB-A-CL_05,MB-A-CL_05,G-MB-A-CL,Gaica,Gaica mbd,2013-06-30,13-14,2013,6,30,181,38,08:05:00,00:00:00,2,11,3,Early,3,1,"Ronald Fernandez-Gomez, Yuri Rosero-Mora",NA,NA,NA,45.00532043530796,12.6
G-MB-A-CL_05,MB-A-CL_05,G-MB-A-CL,Gaica,Gaica mbd,2013-07-01,13-14,2013,7,1,182,39,07:13:00,00:00:00,2,11,4,Early,4,1,"Ronald Fernandez-Gomez, Yuri Rosero-Mora",NA,NA,NA,45.00532043530796,12.6
G-MB-A-CL_05,MB-A-CL_05,G-MB-A-CL,Gaica,Gaica mbd,2013-10-18,13-14,2013,10,18,291,67,10:00:00,00:00:00,2,11,5,Late,1,1,"Ronald Fernandez-Gomez, Yuri Rosero-Mora",NA,NA,NA,45.00532043530796,12.6
G-MB-A-CL_05,MB-A-CL_05,G-MB-A-CL,Gaica,Gaica mbd,2013-10-19,13-14,2013,10,19,292,68,07:58:00,00:00:00,2,11,6,Late,2,1,"Ronald Fernandez-Gomez, Yuri Rosero-Mora",NA,NA,NA,45.00532043530796,12.6
G-MB-A-CL_05,MB-A-CL_05,G-MB-A-CL,Gaica,Gaica mbd,2013-10-20,13-14,2013,10,20,293,69,07:46:00,00:00:00,2,11,7,Late,3,1,"Ronald Fernandez-Gomez, Yuri Rosero-Mora",NA,NA,NA,45.00532043530796,12.6
G-MB-A-CL_05,MB-A-CL_05,G-MB-A-CL,Gaica,Gaica mbd,2013-10-21,13-14,2013,10,21,294,70,07:25:00,00:00:00,2,11,8,Late,4,1,"Ronald Fernandez-Gomez, Yuri Rosero-Mora",NA,NA,NA,45.00532043530796,12.6
G-MB-A-CL_05,MB-A-CL_05,G-MB-A-CL,Gaica,Gaica mbd,2016-11-10,16-17,2016,11,10,315,55,07:15:00,00:00:00,2,11,1,Early,1,1,"Yuri Rosero-Mora, Robert Rodriguez",NA,NA,NA,47.94147521160768,12.6
G-MB-A-CL_05,MB-A-CL_05,G-MB-A-CL,Gaica,Gaica mbd,2016-11-11,16-17,2016,11,11,316,56,07:30:00,00:00:00,2,11,2,Early,2,1,"Yuri Rosero-Mora, Robert Rodriguez",NA,NA,NA,47.94147521160768,12.6
G-MB-A-CL_05,MB-A-CL_05,G-MB-A-CL,Gaica,Gaica mbd,2016-11-12,16-17,2016,11,12,317,57,07:20:00,00:00:00,2,11,3,Early,3,1,"Yuri Rosero-Mora, Robert Rodriguez",NA,NA,NA,47.94147521160768,12.6
G-MB-A-CL_06,MB-A-CL_06,G-MB-A-CL,Gaica,Gaica mbd,2013-06-28,13-14,2013,6,28,179,36,10:10:00,00:00:00,2,11,1,Early,1,1,"Ronald Fernandez-Gomez, Yuri Rosero-Mora",NA,NA,NA,49.91352657004783,11.1
G-MB-A-CL_06,MB-A-CL_06,G-MB-A-CL,Gaica,Gaica mbd,2013-06-29,13-14,2013,6,29,180,37,08:45:00,00:00:00,2,11,2,Early,2,1,"Ronald Fernandez-Gomez, Yuri Rosero-Mora",NA,NA,NA,49.91352657004783,11.1
G-MB-A-CL_06,MB-A-CL_06,G-MB-A-CL,Gaica,Gaica mbd,2013-06-30,13-14,2013,6,30,181,38,09:00:00,00:00:00,2,11,3,Early,3,1,"Ronald Fernandez-Gomez, Yuri Rosero-Mora",NA,NA,NA,49.91352657004783,11.1
G-MB-A-CL_06,MB-A-CL_06,G-MB-A-CL,Gaica,Gaica mbd,2013-07-01,13-14,2013,7,1,182,39,06:47:00,00:00:00,2,11,4,Early,4,1,"Ronald Fernandez-Gomez, Yuri Rosero-Mora",NA,NA,NA,49.91352657004783,11.1
G-MB-A-CL_06,MB-A-CL_06,G-MB-A-CL,Gaica,Gaica mbd,2013-10-18,13-14,2013,10,18,291,67,10:25:00,00:00:00,2,11,5,Late,1,1,"Ronald Fernandez-Gomez, Yuri Rosero-Mora",NA,NA,NA,49.91352657004783,11.1
G-MB-A-CL_06,MB-A-CL_06,G-MB-A-CL,Gaica,Gaica mbd,2013-10-19,13-14,2013,10,19,292,68,08:27:00,00:00:00,2,11,6,Late,2,1,"Ronald Fernandez-Gomez, Yuri Rosero-Mora",NA,NA,NA,49.91352657004783,11.1
G-MB-A-CL_06,MB-A-CL_06,G-MB-A-CL,Gaica,Gaica mbd,2013-10-20,13-14,2013,10,20,293,69,08:15:00,00:00:00,2,11,7,Late,3,1,"Ronald Fernandez-Gomez, Yuri Rosero-Mora",NA,NA,NA,49.91352657004783,11.1
G-MB-A-CL_06,MB-A-CL_06,G-MB-A-CL,Gaica,Gaica mbd,2013-10-21,13-14,2013,10,21,294,70,07:50:00,00:00:00,2,11,8,Late,4,1,"Ronald Fernandez-Gomez, Yuri Rosero-Mora",NA,NA,NA,49.91352657004783,11.1
G-MB-A-CL_06,MB-A-CL_06,G-MB-A-CL,Gaica,Gaica mbd,2016-11-10,16-17,2016,11,10,315,55,07:35:00,00:00:00,2,11,1,Early,1,1,"Yuri Rosero-Mora, Robert Rodriguez",NA,NA,NA,53.557487922704894,11.1
G-MB-A-CL_06,MB-A-CL_06,G-MB-A-CL,Gaica,Gaica mbd,2016-11-11,16-17,2016,11,11,316,56,08:00:00,00:00:00,2,11,2,Early,2,1,"Yuri Rosero-Mora, Robert Rodriguez",NA,NA,NA,53.557487922704894,11.1
G-MB-A-CL_06,MB-A-CL_06,G-MB-A-CL,Gaica,Gaica mbd,2016-11-12,16-17,2016,11,12,317,57,07:55:00,00:00:00,2,11,3,Early,3,1,"Yuri Rosero-Mora, Robert Rodriguez",NA,NA,NA,53.557487922704894,11.1
G-MB-A-EG_01,MB-A-EG_01,G-MB-A-EG,Gaica,Gaica mbd,2013-07-07,13-14,2013,7,7,188,45,05:56:00,00:00:00,2,11,1,Early,1,1,"Ronald Fernandez-Gomez, Yuri Rosero-Mora",NA,NA,NA,46.4368510021728,10.6
G-MB-A-EG_01,MB-A-EG_01,G-MB-A-EG,Gaica,Gaica mbd,2013-07-08,13-14,2013,7,8,189,46,05:45:00,00:00:00,2,11,2,Early,2,1,"Ronald Fernandez-Gomez, Yuri Rosero-Mora",NA,NA,NA,46.4368510021728,10.6
G-MB-A-EG_01,MB-A-EG_01,G-MB-A-EG,Gaica,Gaica mbd,2013-07-09,13-14,2013,7,9,190,47,05:55:00,00:00:00,2,11,3,Early,3,1,"Ronald Fernandez-Gomez, Yuri Rosero-Mora",NA,NA,NA,46.4368510021728,10.6
G-MB-A-EG_01,MB-A-EG_01,G-MB-A-EG,Gaica,Gaica mbd,2013-07-10,13-14,2013,7,10,191,48,05:56:00,00:00:00,2,11,4,Early,4,1,"Ronald Fernandez-Gomez, Yuri Rosero-Mora",NA,NA,NA,46.4368510021728,10.6
G-MB-A-EG_01,MB-A-EG_01,G-MB-A-EG,Gaica,Gaica mbd,2013-10-06,13-14,2013,10,6,279,55,06:10:00,00:00:00,2,11,5,Late,1,1,"Ronald Fernandez-Gomez, Yuri Rosero-Mora",NA,NA,NA,46.4368510021728,10.6
G-MB-A-EG_01,MB-A-EG_01,G-MB-A-EG,Gaica,Gaica mbd,2013-10-07,13-14,2013,10,7,280,56,06:10:00,00:00:00,2,11,6,Late,2,1,"Ronald Fernandez-Gomez, Yuri Rosero-Mora",NA,NA,NA,46.4368510021728,10.6
G-MB-A-EG_01,MB-A-EG_01,G-MB-A-EG,Gaica,Gaica mbd,2013-10-08,13-14,2013,10,8,281,57,06:04:00,00:00:00,2,11,7,Late,3,1,"Ronald Fernandez-Gomez, Yuri Rosero-Mora",NA,NA,NA,46.4368510021728,10.6
G-MB-A-EG_01,MB-A-EG_01,G-MB-A-EG,Gaica,Gaica mbd,2013-10-09,13-14,2013,10,9,282,58,07:51:00,00:00:00,2,11,8,Late,4,1,"Ronald Fernandez-Gomez, Yuri Rosero-Mora",NA,NA,NA,46.4368510021728,10.6
G-MB-A-EG_01,MB-A-EG_01,G-MB-A-EG,Gaica,Gaica mbd,2016-11-17,16-17,2016,11,17,322,62,06:00:00,00:00:00,2,11,1,Early,1,1,"Yuri Rosero-Mora, Robert Rodriguez",NA,NA,NA,45.48732190292063,10.6
G-MB-A-EG_01,MB-A-EG_01,G-MB-A-EG,Gaica,Gaica mbd,2016-11-18,16-17,2016,11,18,323,63,05:55:00,00:00:00,2,11,2,Early,2,1,"Yuri Rosero-Mora, Robert Rodriguez",NA,NA,NA,45.48732190292063,10.6
G-MB-A-EG_01,MB-A-EG_01,G-MB-A-EG,Gaica,Gaica mbd,2016-11-19,16-17,2016,11,19,324,64,05:55:00,00:00:00,2,11,3,Early,3,1,"Yuri Rosero-Mora, Robert Rodriguez",NA,NA,NA,45.48732190292063,10.6
G-MB-A-EG_02,MB-A-EG_02,G-MB-A-EG,Gaica,Gaica mbd,2013-07-07,13-14,2013,7,7,188,45,06:20:00,00:00:00,2,11,1,Early,1,1,"Ronald Fernandez-Gomez, Yuri Rosero-Mora",NA,NA,NA,51.562998790809814,11.6
G-MB-A-EG_02,MB-A-EG_02,G-MB-A-EG,Gaica,Gaica mbd,2013-07-08,13-14,2013,7,8,189,46,06:10:00,00:00:00,2,11,2,Early,2,1,"Ronald Fernandez-Gomez, Yuri Rosero-Mora",NA,NA,NA,51.562998790809814,11.6
G-MB-A-EG_02,MB-A-EG_02,G-MB-A-EG,Gaica,Gaica mbd,2013-07-09,13-14,2013,7,9,190,47,06:20:00,00:00:00,2,11,3,Early,3,1,"Ronald Fernandez-Gomez, Yuri Rosero-Mora",NA,NA,NA,51.562998790809814,11.6
G-MB-A-EG_02,MB-A-EG_02,G-MB-A-EG,Gaica,Gaica mbd,2013-07-10,13-14,2013,7,10,191,48,06:27:00,00:00:00,2,11,4,Early,4,1,"Ronald Fernandez-Gomez, Yuri Rosero-Mora",NA,NA,NA,51.562998790809814,11.6
G-MB-A-EG_02,MB-A-EG_02,G-MB-A-EG,Gaica,Gaica mbd,2013-10-06,13-14,2013,10,6,279,55,06:39:00,00:00:00,2,11,5,Late,1,1,"Ronald Fernandez-Gomez, Yuri Rosero-Mora",NA,NA,NA,51.562998790809814,11.6
G-MB-A-EG_02,MB-A-EG_02,G-MB-A-EG,Gaica,Gaica mbd,2013-10-07,13-14,2013,10,7,280,56,06:35:00,00:00:00,2,11,6,Late,2,1,"Ronald Fernandez-Gomez, Yuri Rosero-Mora",NA,NA,NA,51.562998790809814,11.6
G-MB-A-EG_02,MB-A-EG_02,G-MB-A-EG,Gaica,Gaica mbd,2013-10-08,13-14,2013,10,8,281,57,06:43:00,00:00:00,2,11,7,Late,3,1,"Ronald Fernandez-Gomez, Yuri Rosero-Mora",NA,NA,NA,51.562998790809814,11.6
G-MB-A-EG_02,MB-A-EG_02,G-MB-A-EG,Gaica,Gaica mbd,2013-10-09,13-14,2013,10,9,282,58,07:37:00,00:00:00,2,11,8,Late,4,1,"Ronald Fernandez-Gomez, Yuri Rosero-Mora",NA,NA,NA,51.562998790809814,11.6
G-MB-A-EG_02,MB-A-EG_02,G-MB-A-EG,Gaica,Gaica mbd,2016-11-17,16-17,2016,11,17,322,62,06:22:00,00:00:00,2,11,1,Early,1,1,"Yuri Rosero-Mora, Robert Rodriguez",NA,NA,NA,50.74607013301025,11.6
G-MB-A-EG_02,MB-A-EG_02,G-MB-A-EG,Gaica,Gaica mbd,2016-11-18,16-17,2016,11,18,323,63,06:15:00,00:00:00,2,11,2,Early,2,1,"Yuri Rosero-Mora, Robert Rodriguez",NA,NA,NA,50.74607013301025,11.6
G-MB-A-EG_02,MB-A-EG_02,G-MB-A-EG,Gaica,Gaica mbd,2016-11-19,16-17,2016,11,19,324,64,06:10:00,00:00:00,2,11,3,Early,3,1,"Yuri Rosero-Mora, Robert Rodriguez",NA,NA,NA,50.74607013301025,11.6
G-MB-A-EG_03,MB-A-EG_03,G-MB-A-EG,Gaica,Gaica mbd,2013-07-07,13-14,2013,7,7,188,45,06:43:00,00:00:00,2,11,1,Early,1,1,"Ronald Fernandez-Gomez, Yuri Rosero-Mora",NA,NA,NA,57.36863790596074,12.6
G-MB-A-EG_03,MB-A-EG_03,G-MB-A-EG,Gaica,Gaica mbd,2013-07-08,13-14,2013,7,8,189,46,06:35:00,00:00:00,2,11,2,Early,2,1,"Ronald Fernandez-Gomez, Yuri Rosero-Mora",NA,NA,NA,57.36863790596074,12.6
G-MB-A-EG_03,MB-A-EG_03,G-MB-A-EG,Gaica,Gaica mbd,2013-07-09,13-14,2013,7,9,190,47,06:50:00,00:00:00,2,11,3,Early,3,1,"Ronald Fernandez-Gomez, Yuri Rosero-Mora",NA,NA,NA,57.36863790596074,12.6
G-MB-A-EG_03,MB-A-EG_03,G-MB-A-EG,Gaica,Gaica mbd,2013-07-10,13-14,2013,7,10,191,48,06:50:00,00:00:00,2,11,4,Early,4,1,"Ronald Fernandez-Gomez, Yuri Rosero-Mora",NA,NA,NA,57.36863790596074,12.6
G-MB-A-EG_03,MB-A-EG_03,G-MB-A-EG,Gaica,Gaica mbd,2013-10-06,13-14,2013,10,6,279,55,07:04:00,00:00:00,2,11,5,Late,1,1,"Ronald Fernandez-Gomez, Yuri Rosero-Mora",NA,NA,NA,57.36863790596074,12.6
G-MB-A-EG_03,MB-A-EG_03,G-MB-A-EG,Gaica,Gaica mbd,2013-10-07,13-14,2013,10,7,280,56,09:00:00,00:00:00,2,11,6,Late,2,1,"Ronald Fernandez-Gomez, Yuri Rosero-Mora",NA,NA,NA,57.36863790596074,12.6
G-MB-A-EG_03,MB-A-EG_03,G-MB-A-EG,Gaica,Gaica mbd,2013-10-08,13-14,2013,10,8,281,57,08:40:00,00:00:00,2,11,7,Late,3,1,"Ronald Fernandez-Gomez, Yuri Rosero-Mora",NA,NA,NA,57.36863790596074,12.6
G-MB-A-EG_03,MB-A-EG_03,G-MB-A-EG,Gaica,Gaica mbd,2013-10-09,13-14,2013,10,9,282,58,07:15:00,00:00:00,2,11,8,Late,4,1,"Ronald Fernandez-Gomez, Yuri Rosero-Mora",NA,NA,NA,57.36863790596074,12.6
G-MB-A-EG_03,MB-A-EG_03,G-MB-A-EG,Gaica,Gaica mbd,2016-11-17,16-17,2016,11,17,322,62,06:45:00,00:00:00,2,11,1,Early,1,1,"Yuri Rosero-Mora, Robert Rodriguez",NA,NA,NA,57.1233640329628,12.6
G-MB-A-EG_03,MB-A-EG_03,G-MB-A-EG,Gaica,Gaica mbd,2016-11-18,16-17,2016,11,18,323,63,06:35:00,00:00:00,2,11,2,Early,2,1,"Yuri Rosero-Mora, Robert Rodriguez",NA,NA,NA,57.1233640329628,12.6
G-MB-A-EG_03,MB-A-EG_03,G-MB-A-EG,Gaica,Gaica mbd,2016-11-19,16-17,2016,11,19,324,64,06:25:00,00:00:00,2,11,3,Early,3,1,"Yuri Rosero-Mora, Robert Rodriguez",NA,NA,NA,57.1233640329628,12.6
G-MB-A-EG_04,MB-A-EG_04,G-MB-A-EG,Gaica,Gaica mbd,2013-07-07,13-14,2013,7,7,188,45,07:05:00,00:00:00,2,11,1,Early,1,1,"Ronald Fernandez-Gomez, Yuri Rosero-Mora",NA,NA,NA,56.08651522474454,11
G-MB-A-EG_04,MB-A-EG_04,G-MB-A-EG,Gaica,Gaica mbd,2013-07-08,13-14,2013,7,8,189,46,06:57:00,00:00:00,2,11,2,Early,2,1,"Ronald Fernandez-Gomez, Yuri Rosero-Mora",NA,NA,NA,56.08651522474454,11
G-MB-A-EG_04,MB-A-EG_04,G-MB-A-EG,Gaica,Gaica mbd,2013-07-09,13-14,2013,7,9,190,47,07:25:00,00:00:00,2,11,3,Early,3,1,"Ronald Fernandez-Gomez, Yuri Rosero-Mora",NA,NA,NA,56.08651522474454,11
G-MB-A-EG_04,MB-A-EG_04,G-MB-A-EG,Gaica,Gaica mbd,2013-07-10,13-14,2013,7,10,191,48,07:23:00,00:00:00,2,11,4,Early,4,1,"Ronald Fernandez-Gomez, Yuri Rosero-Mora",NA,NA,NA,56.08651522474454,11
G-MB-A-EG_04,MB-A-EG_04,G-MB-A-EG,Gaica,Gaica mbd,2013-10-06,13-14,2013,10,6,279,55,07:30:00,00:00:00,2,11,5,Late,1,1,"Ronald Fernandez-Gomez, Yuri Rosero-Mora",NA,NA,NA,56.08651522474454,11
G-MB-A-EG_04,MB-A-EG_04,G-MB-A-EG,Gaica,Gaica mbd,2013-10-07,13-14,2013,10,7,280,56,07:10:00,00:00:00,2,11,6,Late,2,1,"Ronald Fernandez-Gomez, Yuri Rosero-Mora",NA,NA,NA,56.08651522474454,11
G-MB-A-EG_04,MB-A-EG_04,G-MB-A-EG,Gaica,Gaica mbd,2013-10-08,13-14,2013,10,8,281,57,07:00:00,00:00:00,2,11,7,Late,3,1,"Ronald Fernandez-Gomez, Yuri Rosero-Mora",NA,NA,NA,56.08651522474454,11
G-MB-A-EG_04,MB-A-EG_04,G-MB-A-EG,Gaica,Gaica mbd,2013-10-09,13-14,2013,10,9,282,58,06:03:00,00:00:00,2,11,8,Late,4,1,"Ronald Fernandez-Gomez, Yuri Rosero-Mora",NA,NA,NA,56.08651522474454,11
G-MB-A-EG_04,MB-A-EG_04,G-MB-A-EG,Gaica,Gaica mbd,2016-11-17,16-17,2016,11,17,322,62,07:03:00,00:00:00,2,11,1,Early,1,1,"Yuri Rosero-Mora, Robert Rodriguez",NA,NA,NA,55.48429192846638,11
G-MB-A-EG_04,MB-A-EG_04,G-MB-A-EG,Gaica,Gaica mbd,2016-11-18,16-17,2016,11,18,323,63,07:05:00,00:00:00,2,11,2,Early,2,1,"Yuri Rosero-Mora, Robert Rodriguez",NA,NA,NA,55.48429192846638,11
G-MB-A-EG_04,MB-A-EG_04,G-MB-A-EG,Gaica,Gaica mbd,2016-11-19,16-17,2016,11,19,324,64,06:55:00,00:00:00,2,11,3,Early,3,1,"Yuri Rosero-Mora, Robert Rodriguez",NA,NA,NA,55.48429192846638,11
G-MB-A-EG_05,MB-A-EG_05,G-MB-A-EG,Gaica,Gaica mbd,2013-07-07,13-14,2013,7,7,188,45,07:30:00,00:00:00,2,11,1,Early,1,1,"Ronald Fernandez-Gomez, Yuri Rosero-Mora",NA,NA,NA,62.47608695652186,14.3
G-MB-A-EG_05,MB-A-EG_05,G-MB-A-EG,Gaica,Gaica mbd,2013-07-08,13-14,2013,7,8,189,46,07:20:00,00:00:00,2,11,2,Early,2,1,"Ronald Fernandez-Gomez, Yuri Rosero-Mora",NA,NA,NA,62.47608695652186,14.3
G-MB-A-EG_05,MB-A-EG_05,G-MB-A-EG,Gaica,Gaica mbd,2013-07-09,13-14,2013,7,9,190,47,07:54:00,00:00:00,2,11,3,Early,3,1,"Ronald Fernandez-Gomez, Yuri Rosero-Mora",NA,NA,NA,62.47608695652186,14.3
G-MB-A-EG_05,MB-A-EG_05,G-MB-A-EG,Gaica,Gaica mbd,2013-07-10,13-14,2013,7,10,191,48,07:53:00,00:00:00,2,11,4,Early,4,1,"Ronald Fernandez-Gomez, Yuri Rosero-Mora",NA,NA,NA,62.47608695652186,14.3
G-MB-A-EG_05,MB-A-EG_05,G-MB-A-EG,Gaica,Gaica mbd,2013-10-06,13-14,2013,10,6,279,55,07:52:00,00:00:00,2,11,5,Late,1,1,"Ronald Fernandez-Gomez, Yuri Rosero-Mora",NA,NA,NA,62.47608695652186,14.3
G-MB-A-EG_05,MB-A-EG_05,G-MB-A-EG,Gaica,Gaica mbd,2013-10-07,13-14,2013,10,7,280,56,07:45:00,00:00:00,2,11,6,Late,2,1,"Ronald Fernandez-Gomez, Yuri Rosero-Mora",NA,NA,NA,62.47608695652186,14.3
G-MB-A-EG_05,MB-A-EG_05,G-MB-A-EG,Gaica,Gaica mbd,2013-10-08,13-14,2013,10,8,281,57,07:30:00,00:00:00,2,11,7,Late,3,1,"Ronald Fernandez-Gomez, Yuri Rosero-Mora",NA,NA,NA,62.47608695652186,14.3
G-MB-A-EG_05,MB-A-EG_05,G-MB-A-EG,Gaica,Gaica mbd,2013-10-09,13-14,2013,10,9,282,58,06:23:00,00:00:00,2,11,8,Late,4,1,"Ronald Fernandez-Gomez, Yuri Rosero-Mora",NA,NA,NA,62.47608695652186,14.3
G-MB-A-EG_05,MB-A-EG_05,G-MB-A-EG,Gaica,Gaica mbd,2016-11-17,16-17,2016,11,17,322,62,07:25:00,00:00:00,2,11,1,Early,1,1,"Yuri Rosero-Mora, Robert Rodriguez",NA,NA,NA,62.03067632850187,14.3
G-MB-A-EG_05,MB-A-EG_05,G-MB-A-EG,Gaica,Gaica mbd,2016-11-18,16-17,2016,11,18,323,63,07:25:00,00:00:00,2,11,2,Early,2,1,"Yuri Rosero-Mora, Robert Rodriguez",NA,NA,NA,62.03067632850187,14.3
G-MB-A-EG_05,MB-A-EG_05,G-MB-A-EG,Gaica,Gaica mbd,2016-11-19,16-17,2016,11,19,324,64,07:15:00,00:00:00,2,11,3,Early,3,1,"Yuri Rosero-Mora, Robert Rodriguez",NA,NA,NA,62.03067632850187,14.3
G-MB-A-EG_06,MB-A-EG_06,G-MB-A-EG,Gaica,Gaica mbd,2013-07-07,13-14,2013,7,7,188,45,07:53:00,00:00:00,2,11,1,Early,1,1,"Ronald Fernandez-Gomez, Yuri Rosero-Mora",NA,NA,NA,66.89178743961324,14.4
G-MB-A-EG_06,MB-A-EG_06,G-MB-A-EG,Gaica,Gaica mbd,2013-07-08,13-14,2013,7,8,189,46,07:45:00,00:00:00,2,11,2,Early,2,1,"Ronald Fernandez-Gomez, Yuri Rosero-Mora",NA,NA,NA,66.89178743961324,14.4
G-MB-A-EG_06,MB-A-EG_06,G-MB-A-EG,Gaica,Gaica mbd,2013-07-09,13-14,2013,7,9,190,47,08:28:00,00:00:00,2,11,3,Early,3,1,"Ronald Fernandez-Gomez, Yuri Rosero-Mora",NA,NA,NA,66.89178743961324,14.4
G-MB-A-EG_06,MB-A-EG_06,G-MB-A-EG,Gaica,Gaica mbd,2013-07-10,13-14,2013,7,10,191,48,08:16:00,00:00:00,2,11,4,Early,4,1,"Ronald Fernandez-Gomez, Yuri Rosero-Mora",NA,NA,NA,66.89178743961324,14.4
G-MB-A-EG_06,MB-A-EG_06,G-MB-A-EG,Gaica,Gaica mbd,2013-10-06,13-14,2013,10,6,279,55,08:17:00,00:00:00,2,11,5,Late,1,1,"Ronald Fernandez-Gomez, Yuri Rosero-Mora",NA,NA,NA,66.89178743961324,14.4
G-MB-A-EG_06,MB-A-EG_06,G-MB-A-EG,Gaica,Gaica mbd,2013-10-07,13-14,2013,10,7,280,56,08:18:00,00:00:00,2,11,6,Late,2,1,"Ronald Fernandez-Gomez, Yuri Rosero-Mora",NA,NA,NA,66.89178743961324,14.4
G-MB-A-EG_06,MB-A-EG_06,G-MB-A-EG,Gaica,Gaica mbd,2013-10-08,13-14,2013,10,8,281,57,07:54:00,00:00:00,2,11,7,Late,3,1,"Ronald Fernandez-Gomez, Yuri Rosero-Mora",NA,NA,NA,66.89178743961324,14.4
G-MB-A-EG_06,MB-A-EG_06,G-MB-A-EG,Gaica,Gaica mbd,2013-10-09,13-14,2013,10,9,282,58,06:44:00,00:00:00,2,11,8,Late,4,1,"Ronald Fernandez-Gomez, Yuri Rosero-Mora",NA,NA,NA,66.89178743961324,14.4
G-MB-A-EG_06,MB-A-EG_06,G-MB-A-EG,Gaica,Gaica mbd,2016-11-17,16-17,2016,11,17,322,62,07:50:00,00:00:00,2,11,1,Early,1,1,"Yuri Rosero-Mora, Robert Rodriguez",NA,NA,NA,66.6983091787452,14.4
G-MB-A-EG_06,MB-A-EG_06,G-MB-A-EG,Gaica,Gaica mbd,2016-11-18,16-17,2016,11,18,323,63,07:50:00,00:00:00,2,11,2,Early,2,1,"Yuri Rosero-Mora, Robert Rodriguez",NA,NA,NA,66.6983091787452,14.4
G-MB-A-EG_06,MB-A-EG_06,G-MB-A-EG,Gaica,Gaica mbd,2016-11-19,16-17,2016,11,19,324,64,07:35:00,00:00:00,2,11,3,Early,3,1,"Yuri Rosero-Mora, Robert Rodriguez",NA,NA,NA,66.6983091787452,14.4
G-MB-A-EPA_01,MB-A-EPA_01,G-MB-A-EPA,Gaica,Gaica mbd,2013-06-24,13-14,2013,6,24,175,32,06:30:00,00:00:00,2,11,1,Early,1,1,"Ronald Fernandez-Gomez, Yuri Rosero-Mora",NA,NA,NA,57.91062801932403,18.9
G-MB-A-EPA_01,MB-A-EPA_01,G-MB-A-EPA,Gaica,Gaica mbd,2013-06-25,13-14,2013,6,25,176,33,06:10:00,00:00:00,2,11,2,Early,2,1,"Ronald Fernandez-Gomez, Yuri Rosero-Mora",NA,NA,NA,57.91062801932403,18.9
G-MB-A-EPA_01,MB-A-EPA_01,G-MB-A-EPA,Gaica,Gaica mbd,2013-06-26,13-14,2013,6,26,177,34,06:25:00,00:00:00,2,11,3,Early,3,1,"Ronald Fernandez-Gomez, Yuri Rosero-Mora",NA,NA,NA,57.91062801932403,18.9
G-MB-A-EPA_01,MB-A-EPA_01,G-MB-A-EPA,Gaica,Gaica mbd,2013-06-27,13-14,2013,6,27,178,35,05:50:00,00:00:00,2,11,4,Early,4,1,"Ronald Fernandez-Gomez, Yuri Rosero-Mora",NA,NA,NA,57.91062801932403,18.9
G-MB-A-EPA_01,MB-A-EPA_01,G-MB-A-EPA,Gaica,Gaica mbd,2013-10-14,13-14,2013,10,14,287,63,06:15:00,00:00:00,2,11,5,Late,1,1,"Ronald Fernandez-Gomez, Yuri Rosero-Mora",NA,NA,NA,57.91062801932403,18.9
G-MB-A-EPA_01,MB-A-EPA_01,G-MB-A-EPA,Gaica,Gaica mbd,2013-10-15,13-14,2013,10,15,288,64,07:40:00,00:00:00,2,11,6,Late,2,1,"Ronald Fernandez-Gomez, Yuri Rosero-Mora",NA,NA,NA,57.91062801932403,18.9
G-MB-A-EPA_01,MB-A-EPA_01,G-MB-A-EPA,Gaica,Gaica mbd,2013-10-16,13-14,2013,10,16,289,65,06:05:00,00:00:00,2,11,7,Late,3,1,"Ronald Fernandez-Gomez, Yuri Rosero-Mora",NA,NA,NA,57.91062801932403,18.9
G-MB-A-EPA_01,MB-A-EPA_01,G-MB-A-EPA,Gaica,Gaica mbd,2013-10-17,13-14,2013,10,17,290,66,06:20:00,00:00:00,2,11,8,Late,4,1,"Ronald Fernandez-Gomez, Yuri Rosero-Mora",NA,NA,NA,57.91062801932403,18.9
G-MB-A-EPA_01,MB-A-EPA_01,G-MB-A-EPA,Gaica,Gaica mbd,2016-11-07,16-17,2016,11,7,312,52,06:45:00,00:00:00,2,11,1,Early,1,1,"Yuri Rosero-Mora, Robert Rodriguez",NA,NA,NA,61.10024154589402,18.9
G-MB-A-EPA_01,MB-A-EPA_01,G-MB-A-EPA,Gaica,Gaica mbd,2016-11-08,16-17,2016,11,8,313,53,06:00:00,00:00:00,2,11,2,Early,2,1,"Yuri Rosero-Mora, Robert Rodriguez",NA,NA,NA,61.10024154589402,18.9
G-MB-A-EPA_01,MB-A-EPA_01,G-MB-A-EPA,Gaica,Gaica mbd,2016-11-09,16-17,2016,11,9,314,54,06:10:00,00:00:00,2,11,3,Early,3,1,"Yuri Rosero-Mora, Robert Rodriguez",NA,NA,NA,61.10024154589402,18.9
G-MB-A-EPA_02,MB-A-EPA_02,G-MB-A-EPA,Gaica,Gaica mbd,2013-06-24,13-14,2013,6,24,175,32,07:15:00,00:00:00,2,11,1,Early,1,1,"Ronald Fernandez-Gomez, Yuri Rosero-Mora",NA,NA,NA,60.82479458675759,20.5
G-MB-A-EPA_02,MB-A-EPA_02,G-MB-A-EPA,Gaica,Gaica mbd,2013-06-25,13-14,2013,6,25,176,33,06:50:00,00:00:00,2,11,2,Early,2,1,"Ronald Fernandez-Gomez, Yuri Rosero-Mora",NA,NA,NA,60.82479458675759,20.5
G-MB-A-EPA_02,MB-A-EPA_02,G-MB-A-EPA,Gaica,Gaica mbd,2013-06-26,13-14,2013,6,26,177,34,06:50:00,00:00:00,2,11,3,Early,3,1,"Ronald Fernandez-Gomez, Yuri Rosero-Mora",NA,NA,NA,60.82479458675759,20.5
G-MB-A-EPA_02,MB-A-EPA_02,G-MB-A-EPA,Gaica,Gaica mbd,2013-06-27,13-14,2013,6,27,178,35,06:25:00,00:00:00,2,11,4,Early,4,1,"Ronald Fernandez-Gomez, Yuri Rosero-Mora",NA,NA,NA,60.82479458675759,20.5
G-MB-A-EPA_02,MB-A-EPA_02,G-MB-A-EPA,Gaica,Gaica mbd,2013-10-14,13-14,2013,10,14,287,63,06:40:00,00:00:00,2,11,5,Late,1,1,"Ronald Fernandez-Gomez, Yuri Rosero-Mora",NA,NA,NA,60.82479458675759,20.5
G-MB-A-EPA_02,MB-A-EPA_02,G-MB-A-EPA,Gaica,Gaica mbd,2013-10-15,13-14,2013,10,15,288,64,08:15:00,00:00:00,2,11,6,Late,2,1,"Ronald Fernandez-Gomez, Yuri Rosero-Mora",NA,NA,NA,60.82479458675759,20.5
G-MB-A-EPA_02,MB-A-EPA_02,G-MB-A-EPA,Gaica,Gaica mbd,2013-10-16,13-14,2013,10,16,289,65,06:40:00,00:00:00,2,11,7,Late,3,1,"Ronald Fernandez-Gomez, Yuri Rosero-Mora",NA,NA,NA,60.82479458675759,20.5
G-MB-A-EPA_02,MB-A-EPA_02,G-MB-A-EPA,Gaica,Gaica mbd,2013-10-17,13-14,2013,10,17,290,66,06:45:00,00:00:00,2,11,8,Late,4,1,"Ronald Fernandez-Gomez, Yuri Rosero-Mora",NA,NA,NA,60.82479458675759,20.5
G-MB-A-EPA_02,MB-A-EPA_02,G-MB-A-EPA,Gaica,Gaica mbd,2016-11-07,16-17,2016,11,7,312,52,07:08:00,00:00:00,2,11,1,Early,1,1,"Yuri Rosero-Mora, Robert Rodriguez",NA,NA,NA,64.51884968583828,20.5
G-MB-A-EPA_02,MB-A-EPA_02,G-MB-A-EPA,Gaica,Gaica mbd,2016-11-08,16-17,2016,11,8,313,53,06:25:00,00:00:00,2,11,2,Early,2,1,"Yuri Rosero-Mora, Robert Rodriguez",NA,NA,NA,64.51884968583828,20.5
G-MB-A-EPA_02,MB-A-EPA_02,G-MB-A-EPA,Gaica,Gaica mbd,2016-11-09,16-17,2016,11,9,314,54,06:35:00,00:00:00,2,11,3,Early,3,1,"Yuri Rosero-Mora, Robert Rodriguez",NA,NA,NA,64.51884968583828,20.5
G-MB-A-EPA_03,MB-A-EPA_03,G-MB-A-EPA,Gaica,Gaica mbd,2013-06-24,13-14,2013,6,24,175,32,07:55:00,00:00:00,2,11,1,Early,1,1,"Ronald Fernandez-Gomez, Yuri Rosero-Mora",NA,NA,NA,63.65684617242176,19
G-MB-A-EPA_03,MB-A-EPA_03,G-MB-A-EPA,Gaica,Gaica mbd,2013-06-25,13-14,2013,6,25,176,33,07:20:00,00:00:00,2,11,2,Early,2,1,"Ronald Fernandez-Gomez, Yuri Rosero-Mora",NA,NA,NA,63.65684617242176,19
G-MB-A-EPA_03,MB-A-EPA_03,G-MB-A-EPA,Gaica,Gaica mbd,2013-06-26,13-14,2013,6,26,177,34,07:15:00,00:00:00,2,11,3,Early,3,1,"Ronald Fernandez-Gomez, Yuri Rosero-Mora",NA,NA,NA,63.65684617242176,19
G-MB-A-EPA_03,MB-A-EPA_03,G-MB-A-EPA,Gaica,Gaica mbd,2013-06-27,13-14,2013,6,27,178,35,06:55:00,00:00:00,2,11,4,Early,4,1,"Ronald Fernandez-Gomez, Yuri Rosero-Mora",NA,NA,NA,63.65684617242176,19
G-MB-A-EPA_03,MB-A-EPA_03,G-MB-A-EPA,Gaica,Gaica mbd,2013-10-14,13-14,2013,10,14,287,63,07:03:00,00:00:00,2,11,5,Late,1,1,"Ronald Fernandez-Gomez, Yuri Rosero-Mora",NA,NA,NA,63.65684617242176,19
G-MB-A-EPA_03,MB-A-EPA_03,G-MB-A-EPA,Gaica,Gaica mbd,2013-10-15,13-14,2013,10,15,288,64,09:30:00,00:00:00,2,11,6,Late,2,1,"Ronald Fernandez-Gomez, Yuri Rosero-Mora",NA,NA,NA,63.65684617242176,19
G-MB-A-EPA_03,MB-A-EPA_03,G-MB-A-EPA,Gaica,Gaica mbd,2013-10-16,13-14,2013,10,16,289,65,07:05:00,00:00:00,2,11,7,Late,3,1,"Ronald Fernandez-Gomez, Yuri Rosero-Mora",NA,NA,NA,63.65684617242176,19
G-MB-A-EPA_03,MB-A-EPA_03,G-MB-A-EPA,Gaica,Gaica mbd,2013-10-17,13-14,2013,10,17,290,66,07:10:00,00:00:00,2,11,8,Late,4,1,"Ronald Fernandez-Gomez, Yuri Rosero-Mora",NA,NA,NA,63.65684617242176,19
G-MB-A-EPA_03,MB-A-EPA_03,G-MB-A-EPA,Gaica,Gaica mbd,2016-11-07,16-17,2016,11,7,312,52,07:35:00,00:00:00,2,11,1,Early,1,1,"Yuri Rosero-Mora, Robert Rodriguez",NA,NA,NA,67.53320453996604,19
G-MB-A-EPA_03,MB-A-EPA_03,G-MB-A-EPA,Gaica,Gaica mbd,2016-11-08,16-17,2016,11,8,313,53,06:45:00,00:00:00,2,11,2,Early,2,1,"Yuri Rosero-Mora, Robert Rodriguez",NA,NA,NA,67.53320453996604,19
G-MB-A-EPA_03,MB-A-EPA_03,G-MB-A-EPA,Gaica,Gaica mbd,2016-11-09,16-17,2016,11,9,314,54,06:55:00,00:00:00,2,11,3,Early,3,1,"Yuri Rosero-Mora, Robert Rodriguez",NA,NA,NA,67.53320453996604,19
G-MB-A-EPA_04,MB-A-EPA_04,G-MB-A-EPA,Gaica,Gaica mbd,2013-06-24,13-14,2013,6,24,175,32,08:35:00,00:00:00,2,11,1,Early,1,1,"Ronald Fernandez-Gomez, Yuri Rosero-Mora",NA,NA,NA,65.73243177976305,16
G-MB-A-EPA_04,MB-A-EPA_04,G-MB-A-EPA,Gaica,Gaica mbd,2013-06-25,13-14,2013,6,25,176,33,07:50:00,00:00:00,2,11,2,Early,2,1,"Ronald Fernandez-Gomez, Yuri Rosero-Mora",NA,NA,NA,65.73243177976305,16
G-MB-A-EPA_04,MB-A-EPA_04,G-MB-A-EPA,Gaica,Gaica mbd,2013-06-26,13-14,2013,6,26,177,34,07:53:00,00:00:00,2,11,3,Early,3,1,"Ronald Fernandez-Gomez, Yuri Rosero-Mora",NA,NA,NA,65.73243177976305,16
G-MB-A-EPA_04,MB-A-EPA_04,G-MB-A-EPA,Gaica,Gaica mbd,2013-06-27,13-14,2013,6,27,178,35,07:20:00,00:00:00,2,11,4,Early,4,1,"Ronald Fernandez-Gomez, Yuri Rosero-Mora",NA,NA,NA,65.73243177976305,16
G-MB-A-EPA_04,MB-A-EPA_04,G-MB-A-EPA,Gaica,Gaica mbd,2013-10-14,13-14,2013,10,14,287,63,07:24:00,00:00:00,2,11,5,Late,1,1,"Ronald Fernandez-Gomez, Yuri Rosero-Mora",NA,NA,NA,65.73243177976305,16
G-MB-A-EPA_04,MB-A-EPA_04,G-MB-A-EPA,Gaica,Gaica mbd,2013-10-15,13-14,2013,10,15,288,64,09:50:00,00:00:00,2,11,6,Late,2,1,"Ronald Fernandez-Gomez, Yuri Rosero-Mora",NA,NA,NA,65.73243177976305,16
G-MB-A-EPA_04,MB-A-EPA_04,G-MB-A-EPA,Gaica,Gaica mbd,2013-10-16,13-14,2013,10,16,289,65,07:30:00,00:00:00,2,11,7,Late,3,1,"Ronald Fernandez-Gomez, Yuri Rosero-Mora",NA,NA,NA,65.73243177976305,16
G-MB-A-EPA_04,MB-A-EPA_04,G-MB-A-EPA,Gaica,Gaica mbd,2013-10-17,13-14,2013,10,17,290,66,07:30:00,00:00:00,2,11,8,Late,4,1,"Ronald Fernandez-Gomez, Yuri Rosero-Mora",NA,NA,NA,65.73243177976305,16
G-MB-A-EPA_04,MB-A-EPA_04,G-MB-A-EPA,Gaica,Gaica mbd,2016-11-07,16-17,2016,11,7,312,52,07:55:00,00:00:00,2,11,1,Early,1,1,"Yuri Rosero-Mora, Robert Rodriguez",NA,NA,NA,69.16469451823205,16
G-MB-A-EPA_04,MB-A-EPA_04,G-MB-A-EPA,Gaica,Gaica mbd,2016-11-08,16-17,2016,11,8,313,53,07:15:00,00:00:00,2,11,2,Early,2,1,"Yuri Rosero-Mora, Robert Rodriguez",NA,NA,NA,69.16469451823205,16
G-MB-A-EPA_04,MB-A-EPA_04,G-MB-A-EPA,Gaica,Gaica mbd,2016-11-09,16-17,2016,11,9,314,54,07:20:00,00:00:00,2,11,3,Early,3,1,"Yuri Rosero-Mora, Robert Rodriguez",NA,NA,NA,69.16469451823205,16
G-MB-A-EPA_05,MB-A-EPA_05,G-MB-A-EPA,Gaica,Gaica mbd,2013-06-24,13-14,2013,6,24,175,32,09:10:00,00:00:00,2,11,1,Early,1,1,"Ronald Fernandez-Gomez, Yuri Rosero-Mora",NA,NA,NA,66.97004830917828,14.1
G-MB-A-EPA_05,MB-A-EPA_05,G-MB-A-EPA,Gaica,Gaica mbd,2013-06-25,13-14,2013,6,25,176,33,08:25:00,00:00:00,2,11,2,Early,2,1,"Ronald Fernandez-Gomez, Yuri Rosero-Mora",NA,NA,NA,66.97004830917828,14.1
G-MB-A-EPA_05,MB-A-EPA_05,G-MB-A-EPA,Gaica,Gaica mbd,2013-06-26,13-14,2013,6,26,177,34,08:30:00,00:00:00,2,11,3,Early,3,1,"Ronald Fernandez-Gomez, Yuri Rosero-Mora",NA,NA,NA,66.97004830917828,14.1
G-MB-A-EPA_05,MB-A-EPA_05,G-MB-A-EPA,Gaica,Gaica mbd,2013-06-27,13-14,2013,6,27,178,35,07:45:00,00:00:00,2,11,4,Early,4,1,"Ronald Fernandez-Gomez, Yuri Rosero-Mora",NA,NA,NA,66.97004830917828,14.1
G-MB-A-EPA_05,MB-A-EPA_05,G-MB-A-EPA,Gaica,Gaica mbd,2013-10-14,13-14,2013,10,14,287,63,07:45:00,00:00:00,2,11,5,Late,1,1,"Ronald Fernandez-Gomez, Yuri Rosero-Mora",NA,NA,NA,66.97004830917828,14.1
G-MB-A-EPA_05,MB-A-EPA_05,G-MB-A-EPA,Gaica,Gaica mbd,2013-10-15,13-14,2013,10,15,288,64,10:15:00,00:00:00,2,11,6,Late,2,1,"Ronald Fernandez-Gomez, Yuri Rosero-Mora",NA,NA,NA,66.97004830917828,14.1
G-MB-A-EPA_05,MB-A-EPA_05,G-MB-A-EPA,Gaica,Gaica mbd,2013-10-16,13-14,2013,10,16,289,65,07:55:00,00:00:00,2,11,7,Late,3,1,"Ronald Fernandez-Gomez, Yuri Rosero-Mora",NA,NA,NA,66.97004830917828,14.1
G-MB-A-EPA_05,MB-A-EPA_05,G-MB-A-EPA,Gaica,Gaica mbd,2013-10-17,13-14,2013,10,17,290,66,07:55:00,00:00:00,2,11,8,Late,4,1,"Ronald Fernandez-Gomez, Yuri Rosero-Mora",NA,NA,NA,66.97004830917828,14.1
G-MB-A-EPA_05,MB-A-EPA_05,G-MB-A-EPA,Gaica,Gaica mbd,2016-11-07,16-17,2016,11,7,312,52,08:10:00,00:00:00,2,11,1,Early,1,1,"Yuri Rosero-Mora, Robert Rodriguez",NA,NA,NA,70.02391304347815,14.1
G-MB-A-EPA_05,MB-A-EPA_05,G-MB-A-EPA,Gaica,Gaica mbd,2016-11-08,16-17,2016,11,8,313,53,07:40:00,00:00:00,2,11,2,Early,2,1,"Yuri Rosero-Mora, Robert Rodriguez",NA,NA,NA,70.02391304347815,14.1
G-MB-A-EPA_05,MB-A-EPA_05,G-MB-A-EPA,Gaica,Gaica mbd,2016-11-09,16-17,2016,11,9,314,54,07:40:00,00:00:00,2,11,3,Early,3,1,"Yuri Rosero-Mora, Robert Rodriguez",NA,NA,NA,70.02391304347815,14.1
G-MB-A-EPA_06,MB-A-EPA_06,G-MB-A-EPA,Gaica,Gaica mbd,2013-06-24,13-14,2013,6,24,175,32,09:35:00,00:00:00,2,11,1,Early,1,0,"Ronald Fernandez-Gomez, Yuri Rosero-Mora",NA,NA,NA,68.63414634146297,16.6
G-MB-A-EPA_06,MB-A-EPA_06,G-MB-A-EPA,Gaica,Gaica mbd,2013-06-25,13-14,2013,6,25,176,33,08:50:00,00:00:00,2,11,2,Early,2,1,"Ronald Fernandez-Gomez, Yuri Rosero-Mora",NA,NA,NA,68.63414634146297,16.6
G-MB-A-EPA_06,MB-A-EPA_06,G-MB-A-EPA,Gaica,Gaica mbd,2013-06-26,13-14,2013,6,26,177,34,08:50:00,00:00:00,2,11,3,Early,3,1,"Ronald Fernandez-Gomez, Yuri Rosero-Mora",NA,NA,NA,68.63414634146297,16.6
G-MB-A-EPA_06,MB-A-EPA_06,G-MB-A-EPA,Gaica,Gaica mbd,2013-06-27,13-14,2013,6,27,178,35,08:10:00,00:00:00,2,11,4,Early,4,1,"Ronald Fernandez-Gomez, Yuri Rosero-Mora",NA,NA,NA,68.63414634146297,16.6
G-MB-A-EPA_06,MB-A-EPA_06,G-MB-A-EPA,Gaica,Gaica mbd,2013-10-14,13-14,2013,10,14,287,63,08:03:00,00:00:00,2,11,5,Late,1,1,"Ronald Fernandez-Gomez, Yuri Rosero-Mora",NA,NA,NA,68.63414634146297,16.6
G-MB-A-EPA_06,MB-A-EPA_06,G-MB-A-EPA,Gaica,Gaica mbd,2013-10-15,13-14,2013,10,15,288,64,10:35:00,00:00:00,2,11,6,Late,2,1,"Ronald Fernandez-Gomez, Yuri Rosero-Mora",NA,NA,NA,68.63414634146297,16.6
G-MB-A-EPA_06,MB-A-EPA_06,G-MB-A-EPA,Gaica,Gaica mbd,2013-10-16,13-14,2013,10,16,289,65,08:17:00,00:00:00,2,11,7,Late,3,1,"Ronald Fernandez-Gomez, Yuri Rosero-Mora",NA,NA,NA,68.63414634146297,16.6
G-MB-A-EPA_06,MB-A-EPA_06,G-MB-A-EPA,Gaica,Gaica mbd,2013-10-17,13-14,2013,10,17,290,66,08:20:00,00:00:00,2,11,8,Late,4,1,"Ronald Fernandez-Gomez, Yuri Rosero-Mora",NA,NA,NA,68.63414634146297,16.6
G-MB-A-EPA_06,MB-A-EPA_06,G-MB-A-EPA,Gaica,Gaica mbd,2016-11-07,16-17,2016,11,7,312,52,08:35:00,00:00:00,2,11,1,Early,1,1,"Yuri Rosero-Mora, Robert Rodriguez",NA,NA,NA,71.44361265394868,16.6
G-MB-A-EPA_06,MB-A-EPA_06,G-MB-A-EPA,Gaica,Gaica mbd,2016-11-08,16-17,2016,11,8,313,53,08:15:00,00:00:00,2,11,2,Early,2,1,"Yuri Rosero-Mora, Robert Rodriguez",NA,NA,NA,71.44361265394868,16.6
G-MB-A-EPA_06,MB-A-EPA_06,G-MB-A-EPA,Gaica,Gaica mbd,2016-11-09,16-17,2016,11,9,314,54,08:15:00,00:00:00,2,11,3,Early,3,1,"Yuri Rosero-Mora, Robert Rodriguez",NA,NA,NA,71.44361265394868,16.6
G-MB-A-ET_01,MB-A-ET_01,G-MB-A-ET,Gaica,Gaica mbd,2013-07-02,13-14,2013,7,2,183,40,06:40:00,00:00:00,2,11,1,Early,1,1,"Ronald Fernandez-Gomez, Yuri Rosero-Mora",NA,NA,NA,15.615961305925271,7.5
G-MB-A-ET_01,MB-A-ET_01,G-MB-A-ET,Gaica,Gaica mbd,2013-07-03,13-14,2013,7,3,184,41,06:40:00,00:00:00,2,11,2,Early,2,1,"Ronald Fernandez-Gomez, Yuri Rosero-Mora",NA,NA,NA,15.615961305925271,7.5
G-MB-A-ET_01,MB-A-ET_01,G-MB-A-ET,Gaica,Gaica mbd,2013-07-04,13-14,2013,7,4,185,42,06:22:00,00:00:00,2,11,3,Early,3,1,"Ronald Fernandez-Gomez, Yuri Rosero-Mora",NA,NA,NA,15.615961305925271,7.5
G-MB-A-ET_01,MB-A-ET_01,G-MB-A-ET,Gaica,Gaica mbd,2013-07-05,13-14,2013,7,5,186,43,06:27:00,00:00:00,2,11,4,Early,4,1,"Ronald Fernandez-Gomez, Yuri Rosero-Mora",NA,NA,NA,15.615961305925271,7.5
G-MB-A-ET_01,MB-A-ET_01,G-MB-A-ET,Gaica,Gaica mbd,2013-10-10,13-14,2013,10,10,283,59,07:00:00,00:00:00,2,11,5,Late,1,1,"Ronald Fernandez-Gomez, Yuri Rosero-Mora",NA,NA,NA,15.615961305925271,7.5
G-MB-A-ET_01,MB-A-ET_01,G-MB-A-ET,Gaica,Gaica mbd,2013-10-11,13-14,2013,10,11,284,60,09:35:00,00:00:00,2,11,6,Late,2,1,"Ronald Fernandez-Gomez, Yuri Rosero-Mora",NA,NA,NA,15.615961305925271,7.5
G-MB-A-ET_01,MB-A-ET_01,G-MB-A-ET,Gaica,Gaica mbd,2013-10-12,13-14,2013,10,12,285,61,08:30:00,00:00:00,2,11,7,Late,3,1,"Ronald Fernandez-Gomez, Yuri Rosero-Mora",NA,NA,NA,15.615961305925271,7.5
G-MB-A-ET_01,MB-A-ET_01,G-MB-A-ET,Gaica,Gaica mbd,2013-10-13,13-14,2013,10,13,286,62,06:57:00,00:00:00,2,11,8,Late,4,1,"Ronald Fernandez-Gomez, Yuri Rosero-Mora",NA,NA,NA,15.615961305925271,7.5
G-MB-A-ET_01,MB-A-ET_01,G-MB-A-ET,Gaica,Gaica mbd,2016-11-13,16-17,2016,11,13,318,58,07:05:00,00:00:00,2,11,1,Early,1,1,"Yuri Rosero-Mora, Robert Rodriguez",NA,NA,NA,15.916807738815065,7.5
G-MB-A-ET_01,MB-A-ET_01,G-MB-A-ET,Gaica,Gaica mbd,2016-11-14,16-17,2016,11,14,319,59,06:52:00,00:00:00,2,11,2,Early,2,1,"Yuri Rosero-Mora, Robert Rodriguez",NA,NA,NA,15.916807738815065,7.5
G-MB-A-ET_01,MB-A-ET_01,G-MB-A-ET,Gaica,Gaica mbd,2016-11-15,16-17,2016,11,15,320,60,06:45:00,00:00:00,2,11,3,Early,3,1,"Yuri Rosero-Mora, Robert Rodriguez",NA,NA,NA,15.916807738815065,7.5
G-MB-A-ET_02,MB-A-ET_02,G-MB-A-ET,Gaica,Gaica mbd,2013-07-02,13-14,2013,7,2,183,40,07:10:00,00:00:00,2,11,1,Early,1,1,"Ronald Fernandez-Gomez, Yuri Rosero-Mora",NA,NA,NA,16.573429951690333,9.6
G-MB-A-ET_02,MB-A-ET_02,G-MB-A-ET,Gaica,Gaica mbd,2013-07-03,13-14,2013,7,3,184,41,07:04:00,00:00:00,2,11,2,Early,2,1,"Ronald Fernandez-Gomez, Yuri Rosero-Mora",NA,NA,NA,16.573429951690333,9.6
G-MB-A-ET_02,MB-A-ET_02,G-MB-A-ET,Gaica,Gaica mbd,2013-07-04,13-14,2013,7,4,185,42,06:46:00,00:00:00,2,11,3,Early,3,1,"Ronald Fernandez-Gomez, Yuri Rosero-Mora",NA,NA,NA,16.573429951690333,9.6
G-MB-A-ET_02,MB-A-ET_02,G-MB-A-ET,Gaica,Gaica mbd,2013-07-05,13-14,2013,7,5,186,43,06:52:00,00:00:00,2,11,4,Early,4,1,"Ronald Fernandez-Gomez, Yuri Rosero-Mora",NA,NA,NA,16.573429951690333,9.6
G-MB-A-ET_02,MB-A-ET_02,G-MB-A-ET,Gaica,Gaica mbd,2013-10-10,13-14,2013,10,10,283,59,07:30:00,00:00:00,2,11,5,Late,1,1,"Ronald Fernandez-Gomez, Yuri Rosero-Mora",NA,NA,NA,16.573429951690333,9.6
G-MB-A-ET_02,MB-A-ET_02,G-MB-A-ET,Gaica,Gaica mbd,2013-10-11,13-14,2013,10,11,284,60,09:11:00,00:00:00,2,11,6,Late,2,1,"Ronald Fernandez-Gomez, Yuri Rosero-Mora",NA,NA,NA,16.573429951690333,9.6
G-MB-A-ET_02,MB-A-ET_02,G-MB-A-ET,Gaica,Gaica mbd,2013-10-12,13-14,2013,10,12,285,61,10:25:00,00:00:00,2,11,7,Late,3,1,"Ronald Fernandez-Gomez, Yuri Rosero-Mora",NA,NA,NA,16.573429951690333,9.6
G-MB-A-ET_02,MB-A-ET_02,G-MB-A-ET,Gaica,Gaica mbd,2013-10-13,13-14,2013,10,13,286,62,09:10:00,00:00:00,2,11,8,Late,4,1,"Ronald Fernandez-Gomez, Yuri Rosero-Mora",NA,NA,NA,16.573429951690333,9.6
G-MB-A-ET_02,MB-A-ET_02,G-MB-A-ET,Gaica,Gaica mbd,2016-11-13,16-17,2016,11,13,318,58,07:25:00,00:00:00,2,11,1,Early,1,1,"Yuri Rosero-Mora, Robert Rodriguez",NA,NA,NA,16.937439613526365,8.4
G-MB-A-ET_02,MB-A-ET_02,G-MB-A-ET,Gaica,Gaica mbd,2016-11-14,16-17,2016,11,14,319,59,07:13:00,00:00:00,2,11,2,Early,2,1,"Yuri Rosero-Mora, Robert Rodriguez",NA,NA,NA,16.937439613526365,8.4
G-MB-A-ET_02,MB-A-ET_02,G-MB-A-ET,Gaica,Gaica mbd,2016-11-15,16-17,2016,11,15,320,60,07:00:00,00:00:00,2,11,3,Early,3,1,"Yuri Rosero-Mora, Robert Rodriguez",NA,NA,NA,16.937439613526365,8.4
G-MB-A-ET_03,MB-A-ET_03,G-MB-A-ET,Gaica,Gaica mbd,2013-07-02,13-14,2013,7,2,183,40,07:30:00,00:00:00,2,11,1,Early,1,1,"Ronald Fernandez-Gomez, Yuri Rosero-Mora",NA,NA,NA,14.744804253261922,9.8
G-MB-A-ET_03,MB-A-ET_03,G-MB-A-ET,Gaica,Gaica mbd,2013-07-03,13-14,2013,7,3,184,41,07:24:00,00:00:00,2,11,2,Early,2,1,"Ronald Fernandez-Gomez, Yuri Rosero-Mora",NA,NA,NA,14.744804253261922,9.8
G-MB-A-ET_03,MB-A-ET_03,G-MB-A-ET,Gaica,Gaica mbd,2013-07-04,13-14,2013,7,4,185,42,07:10:00,00:00:00,2,11,3,Early,3,1,"Ronald Fernandez-Gomez, Yuri Rosero-Mora",NA,NA,NA,14.744804253261922,9.8
G-MB-A-ET_03,MB-A-ET_03,G-MB-A-ET,Gaica,Gaica mbd,2013-07-05,13-14,2013,7,5,186,43,07:15:00,00:00:00,2,11,4,Early,4,1,"Ronald Fernandez-Gomez, Yuri Rosero-Mora",NA,NA,NA,14.744804253261922,9.8
G-MB-A-ET_03,MB-A-ET_03,G-MB-A-ET,Gaica,Gaica mbd,2013-10-10,13-14,2013,10,10,283,59,07:55:00,00:00:00,2,11,5,Late,1,1,"Ronald Fernandez-Gomez, Yuri Rosero-Mora",NA,NA,NA,14.744804253261922,9.8
G-MB-A-ET_03,MB-A-ET_03,G-MB-A-ET,Gaica,Gaica mbd,2013-10-11,13-14,2013,10,11,284,60,08:54:00,00:00:00,2,11,6,Late,2,1,"Ronald Fernandez-Gomez, Yuri Rosero-Mora",NA,NA,NA,14.744804253261922,9.8
G-MB-A-ET_03,MB-A-ET_03,G-MB-A-ET,Gaica,Gaica mbd,2013-10-12,13-14,2013,10,12,285,61,09:54:00,00:00:00,2,11,7,Late,3,1,"Ronald Fernandez-Gomez, Yuri Rosero-Mora",NA,NA,NA,14.744804253261922,9.8
G-MB-A-ET_03,MB-A-ET_03,G-MB-A-ET,Gaica,Gaica mbd,2013-10-13,13-14,2013,10,13,286,62,08:47:00,00:00:00,2,11,8,Late,4,1,"Ronald Fernandez-Gomez, Yuri Rosero-Mora",NA,NA,NA,14.744804253261922,9.8
G-MB-A-ET_03,MB-A-ET_03,G-MB-A-ET,Gaica,Gaica mbd,2016-11-13,16-17,2016,11,13,318,58,07:50:00,00:00:00,2,11,1,Early,1,1,"Yuri Rosero-Mora, Robert Rodriguez",NA,NA,NA,14.89270178830365,9.4
G-MB-A-ET_03,MB-A-ET_03,G-MB-A-ET,Gaica,Gaica mbd,2016-11-14,16-17,2016,11,14,319,59,07:28:00,00:00:00,2,11,2,Early,2,1,"Yuri Rosero-Mora, Robert Rodriguez",NA,NA,NA,14.89270178830365,9.4
G-MB-A-ET_03,MB-A-ET_03,G-MB-A-ET,Gaica,Gaica mbd,2016-11-15,16-17,2016,11,15,320,60,07:15:00,00:00:00,2,11,3,Early,3,1,"Yuri Rosero-Mora, Robert Rodriguez",NA,NA,NA,14.89270178830365,9.4
G-MB-A-ET_04,MB-A-ET_04,G-MB-A-ET,Gaica,Gaica mbd,2013-07-02,13-14,2013,7,2,183,40,07:50:00,00:00:00,2,11,1,Early,1,1,"Ronald Fernandez-Gomez, Yuri Rosero-Mora",NA,NA,NA,12.1082125603867,9
G-MB-A-ET_04,MB-A-ET_04,G-MB-A-ET,Gaica,Gaica mbd,2013-07-03,13-14,2013,7,3,184,41,07:47:00,00:00:00,2,11,2,Early,2,1,"Ronald Fernandez-Gomez, Yuri Rosero-Mora",NA,NA,NA,12.1082125603867,9
G-MB-A-ET_04,MB-A-ET_04,G-MB-A-ET,Gaica,Gaica mbd,2013-07-04,13-14,2013,7,4,185,42,07:31:00,00:00:00,2,11,3,Early,3,1,"Ronald Fernandez-Gomez, Yuri Rosero-Mora",NA,NA,NA,12.1082125603867,9
G-MB-A-ET_04,MB-A-ET_04,G-MB-A-ET,Gaica,Gaica mbd,2013-07-05,13-14,2013,7,5,186,43,07:40:00,00:00:00,2,11,4,Early,4,1,"Ronald Fernandez-Gomez, Yuri Rosero-Mora",NA,NA,NA,12.1082125603867,9
G-MB-A-ET_04,MB-A-ET_04,G-MB-A-ET,Gaica,Gaica mbd,2013-10-10,13-14,2013,10,10,283,59,08:20:00,00:00:00,2,11,5,Late,1,1,"Ronald Fernandez-Gomez, Yuri Rosero-Mora",NA,NA,NA,12.1082125603867,9
G-MB-A-ET_04,MB-A-ET_04,G-MB-A-ET,Gaica,Gaica mbd,2013-10-11,13-14,2013,10,11,284,60,08:34:00,00:00:00,2,11,6,Late,2,1,"Ronald Fernandez-Gomez, Yuri Rosero-Mora",NA,NA,NA,12.1082125603867,9
G-MB-A-ET_04,MB-A-ET_04,G-MB-A-ET,Gaica,Gaica mbd,2013-10-12,13-14,2013,10,12,285,61,09:35:00,00:00:00,2,11,7,Late,3,1,"Ronald Fernandez-Gomez, Yuri Rosero-Mora",NA,NA,NA,12.1082125603867,9
G-MB-A-ET_04,MB-A-ET_04,G-MB-A-ET,Gaica,Gaica mbd,2013-10-13,13-14,2013,10,13,286,62,08:25:00,00:00:00,2,11,8,Late,4,1,"Ronald Fernandez-Gomez, Yuri Rosero-Mora",NA,NA,NA,12.1082125603867,9
G-MB-A-ET_04,MB-A-ET_04,G-MB-A-ET,Gaica,Gaica mbd,2016-11-13,16-17,2016,11,13,318,58,08:10:00,00:00:00,2,11,1,Early,1,1,"Yuri Rosero-Mora, Robert Rodriguez",NA,NA,NA,12.361352657005016,9
G-MB-A-ET_04,MB-A-ET_04,G-MB-A-ET,Gaica,Gaica mbd,2016-11-14,16-17,2016,11,14,319,59,07:40:00,00:00:00,2,11,2,Early,2,1,"Yuri Rosero-Mora, Robert Rodriguez",NA,NA,NA,12.361352657005016,9
G-MB-A-ET_04,MB-A-ET_04,G-MB-A-ET,Gaica,Gaica mbd,2016-11-15,16-17,2016,11,15,320,60,07:30:00,00:00:00,2,11,3,Early,3,1,"Yuri Rosero-Mora, Robert Rodriguez",NA,NA,NA,12.361352657005016,9
G-MB-A-ET_05,MB-A-ET_05,G-MB-A-ET,Gaica,Gaica mbd,2013-07-02,13-14,2013,7,2,183,40,08:15:00,00:00:00,2,11,1,Early,1,1,"Ronald Fernandez-Gomez, Yuri Rosero-Mora",NA,NA,NA,13.144685990337813,9.6
G-MB-A-ET_05,MB-A-ET_05,G-MB-A-ET,Gaica,Gaica mbd,2013-07-03,13-14,2013,7,3,184,41,08:15:00,00:00:00,2,11,2,Early,2,1,"Ronald Fernandez-Gomez, Yuri Rosero-Mora",NA,NA,NA,13.144685990337813,9.6
G-MB-A-ET_05,MB-A-ET_05,G-MB-A-ET,Gaica,Gaica mbd,2013-07-04,13-14,2013,7,4,185,42,07:51:00,00:00:00,2,11,3,Early,3,1,"Ronald Fernandez-Gomez, Yuri Rosero-Mora",NA,NA,NA,13.144685990337813,9.6
G-MB-A-ET_05,MB-A-ET_05,G-MB-A-ET,Gaica,Gaica mbd,2013-07-05,13-14,2013,7,5,186,43,07:52:00,00:00:00,2,11,4,Early,4,1,"Ronald Fernandez-Gomez, Yuri Rosero-Mora",NA,NA,NA,13.144685990337813,9.6
G-MB-A-ET_05,MB-A-ET_05,G-MB-A-ET,Gaica,Gaica mbd,2013-10-10,13-14,2013,10,10,283,59,08:50:00,00:00:00,2,11,5,Late,1,1,"Ronald Fernandez-Gomez, Yuri Rosero-Mora",NA,NA,NA,13.144685990337813,9.6
G-MB-A-ET_05,MB-A-ET_05,G-MB-A-ET,Gaica,Gaica mbd,2013-10-11,13-14,2013,10,11,284,60,08:14:00,00:00:00,2,11,6,Late,2,1,"Ronald Fernandez-Gomez, Yuri Rosero-Mora",NA,NA,NA,13.144685990337813,9.6
G-MB-A-ET_05,MB-A-ET_05,G-MB-A-ET,Gaica,Gaica mbd,2013-10-12,13-14,2013,10,12,285,61,09:18:00,00:00:00,2,11,7,Late,3,1,"Ronald Fernandez-Gomez, Yuri Rosero-Mora",NA,NA,NA,13.144685990337813,9.6
G-MB-A-ET_05,MB-A-ET_05,G-MB-A-ET,Gaica,Gaica mbd,2013-10-13,13-14,2013,10,13,286,62,07:30:00,00:00:00,2,11,8,Late,4,1,"Ronald Fernandez-Gomez, Yuri Rosero-Mora",NA,NA,NA,13.144685990337813,9.6
G-MB-A-ET_05,MB-A-ET_05,G-MB-A-ET,Gaica,Gaica mbd,2016-11-13,16-17,2016,11,13,318,58,08:25:00,00:00:00,2,11,1,Early,1,1,"Yuri Rosero-Mora, Robert Rodriguez",NA,NA,NA,13.342270531401248,9.6
G-MB-A-ET_05,MB-A-ET_05,G-MB-A-ET,Gaica,Gaica mbd,2016-11-14,16-17,2016,11,14,319,59,07:55:00,00:00:00,2,11,2,Early,2,1,"Yuri Rosero-Mora, Robert Rodriguez",NA,NA,NA,13.342270531401248,9.6
G-MB-A-ET_05,MB-A-ET_05,G-MB-A-ET,Gaica,Gaica mbd,2016-11-15,16-17,2016,11,15,320,60,07:45:00,00:00:00,2,11,3,Early,3,1,"Yuri Rosero-Mora, Robert Rodriguez",NA,NA,NA,13.342270531401248,9.6
G-MB-A-ET_06,MB-A-ET_06,G-MB-A-ET,Gaica,Gaica mbd,2013-07-02,13-14,2013,7,2,183,40,08:39:00,00:00:00,2,11,1,Early,1,1,"Ronald Fernandez-Gomez, Yuri Rosero-Mora",NA,NA,NA,12.60857973824505,8.8
G-MB-A-ET_06,MB-A-ET_06,G-MB-A-ET,Gaica,Gaica mbd,2013-07-03,13-14,2013,7,3,184,41,08:42:00,00:00:00,2,11,2,Early,2,1,"Ronald Fernandez-Gomez, Yuri Rosero-Mora",NA,NA,NA,12.60857973824505,8.8
G-MB-A-ET_06,MB-A-ET_06,G-MB-A-ET,Gaica,Gaica mbd,2013-07-04,13-14,2013,7,4,185,42,08:11:00,00:00:00,2,11,3,Early,3,1,"Ronald Fernandez-Gomez, Yuri Rosero-Mora",NA,NA,NA,12.60857973824505,8.8
G-MB-A-ET_06,MB-A-ET_06,G-MB-A-ET,Gaica,Gaica mbd,2013-07-05,13-14,2013,7,5,186,43,08:10:00,00:00:00,2,11,4,Early,4,1,"Ronald Fernandez-Gomez, Yuri Rosero-Mora",NA,NA,NA,12.60857973824505,8.8
G-MB-A-ET_06,MB-A-ET_06,G-MB-A-ET,Gaica,Gaica mbd,2013-10-10,13-14,2013,10,10,283,59,09:20:00,00:00:00,2,11,5,Late,1,0,"Ronald Fernandez-Gomez, Yuri Rosero-Mora",NA,NA,NA,12.60857973824505,8.8
G-MB-A-ET_06,MB-A-ET_06,G-MB-A-ET,Gaica,Gaica mbd,2013-10-11,13-14,2013,10,11,284,60,07:55:00,00:00:00,2,11,6,Late,2,1,"Ronald Fernandez-Gomez, Yuri Rosero-Mora",NA,NA,NA,12.60857973824505,8.8
G-MB-A-ET_06,MB-A-ET_06,G-MB-A-ET,Gaica,Gaica mbd,2013-10-12,13-14,2013,10,12,285,61,09:00:00,00:00:00,2,11,7,Late,3,1,"Ronald Fernandez-Gomez, Yuri Rosero-Mora",NA,NA,NA,12.60857973824505,8.8
G-MB-A-ET_06,MB-A-ET_06,G-MB-A-ET,Gaica,Gaica mbd,2013-10-13,13-14,2013,10,13,286,62,07:55:00,00:00:00,2,11,8,Late,4,1,"Ronald Fernandez-Gomez, Yuri Rosero-Mora",NA,NA,NA,12.60857973824505,8.8
G-MB-A-ET_06,MB-A-ET_06,G-MB-A-ET,Gaica,Gaica mbd,2016-11-13,16-17,2016,11,13,318,58,06:40:00,00:00:00,2,11,1,Early,1,1,"Yuri Rosero-Mora, Robert Rodriguez",NA,NA,NA,13.134028114396427,6
G-MB-A-ET_06,MB-A-ET_06,G-MB-A-ET,Gaica,Gaica mbd,2016-11-14,16-17,2016,11,14,319,59,06:30:00,00:00:00,2,11,2,Early,2,1,"Yuri Rosero-Mora, Robert Rodriguez",NA,NA,NA,13.134028114396427,6
G-MB-A-ET_06,MB-A-ET_06,G-MB-A-ET,Gaica,Gaica mbd,2016-11-15,16-17,2016,11,15,320,60,06:30:00,00:00:00,2,11,3,Early,3,1,"Yuri Rosero-Mora, Robert Rodriguez",NA,NA,NA,13.134028114396427,6
G-MB-A-LRE_01,MB-A-LRE_01,G-MB-A-LRE,Gaica,Gaica mbd,2013-07-12,13-14,2013,7,12,193,50,07:00:00,00:00:00,2,11,1,Early,1,1,"Ronald Fernandez-Gomez, Yuri Rosero-Mora",NA,NA,NA,25.90265700483071,10.7
G-MB-A-LRE_01,MB-A-LRE_01,G-MB-A-LRE,Gaica,Gaica mbd,2013-07-13,13-14,2013,7,13,194,51,05:35:00,00:00:00,2,11,2,Early,2,1,"Ronald Fernandez-Gomez, Yuri Rosero-Mora",NA,NA,NA,25.90265700483071,10.7
G-MB-A-LRE_01,MB-A-LRE_01,G-MB-A-LRE,Gaica,Gaica mbd,2013-07-14,13-14,2013,7,14,195,52,05:36:00,00:00:00,2,11,3,Early,3,1,"Ronald Fernandez-Gomez, Yuri Rosero-Mora",NA,NA,NA,25.90265700483071,10.7
G-MB-A-LRE_01,MB-A-LRE_01,G-MB-A-LRE,Gaica,Gaica mbd,2013-07-15,13-14,2013,7,15,196,53,08:25:00,00:00:00,2,11,4,Early,4,1,"Ronald Fernandez-Gomez, Yuri Rosero-Mora",NA,NA,NA,25.90265700483071,10.7
G-MB-A-LRE_01,MB-A-LRE_01,G-MB-A-LRE,Gaica,Gaica mbd,2013-10-02,13-14,2013,10,2,275,51,05:50:00,00:00:00,2,11,5,Late,1,1,"Ronald Fernandez-Gomez, Yuri Rosero-Mora",NA,NA,NA,25.90265700483071,10.7
G-MB-A-LRE_01,MB-A-LRE_01,G-MB-A-LRE,Gaica,Gaica mbd,2013-10-03,13-14,2013,10,3,276,52,05:45:00,00:00:00,2,11,6,Late,2,1,"Ronald Fernandez-Gomez, Yuri Rosero-Mora",NA,NA,NA,25.90265700483071,10.7
G-MB-A-LRE_01,MB-A-LRE_01,G-MB-A-LRE,Gaica,Gaica mbd,2013-10-04,13-14,2013,10,4,277,53,09:05:00,00:00:00,2,11,7,Late,3,1,"Ronald Fernandez-Gomez, Yuri Rosero-Mora",NA,NA,NA,25.90265700483071,10.7
G-MB-A-LRE_01,MB-A-LRE_01,G-MB-A-LRE,Gaica,Gaica mbd,2013-10-05,13-14,2013,10,5,278,54,05:50:00,00:00:00,2,11,8,Late,4,1,"Ronald Fernandez-Gomez, Yuri Rosero-Mora",NA,NA,NA,25.90265700483071,10.7
G-MB-A-LRE_01,MB-A-LRE_01,G-MB-A-LRE,Gaica,Gaica mbd,2016-11-21,16-17,2016,11,21,326,66,05:55:00,00:00:00,2,11,1,Early,1,1,"Yuri Rosero-Mora, Robert Rodriguez",NA,NA,NA,25.21714975845383,10.7
G-MB-A-LRE_01,MB-A-LRE_01,G-MB-A-LRE,Gaica,Gaica mbd,2016-11-22,16-17,2016,11,22,327,67,05:45:00,00:00:00,2,11,2,Early,2,1,"Yuri Rosero-Mora, Robert Rodriguez",NA,NA,NA,25.21714975845383,10.7
G-MB-A-LRE_01,MB-A-LRE_01,G-MB-A-LRE,Gaica,Gaica mbd,2016-11-23,16-17,2016,11,23,328,68,05:45:00,00:00:00,2,11,3,Early,3,1,"Yuri Rosero-Mora, Robert Rodriguez",NA,NA,NA,25.21714975845383,10.7
G-MB-A-LRE_02,MB-A-LRE_02,G-MB-A-LRE,Gaica,Gaica mbd,2013-07-12,13-14,2013,7,12,193,50,07:30:00,00:00:00,2,11,1,Early,1,1,"Ronald Fernandez-Gomez, Yuri Rosero-Mora",NA,NA,NA,25.552657004830717,13.2
G-MB-A-LRE_02,MB-A-LRE_02,G-MB-A-LRE,Gaica,Gaica mbd,2013-07-13,13-14,2013,7,13,194,51,06:00:00,00:00:00,2,11,2,Early,2,1,"Ronald Fernandez-Gomez, Yuri Rosero-Mora",NA,NA,NA,25.552657004830717,13.2
G-MB-A-LRE_02,MB-A-LRE_02,G-MB-A-LRE,Gaica,Gaica mbd,2013-07-14,13-14,2013,7,14,195,52,06:00:00,00:00:00,2,11,3,Early,3,1,"Ronald Fernandez-Gomez, Yuri Rosero-Mora",NA,NA,NA,25.552657004830717,13.2
G-MB-A-LRE_02,MB-A-LRE_02,G-MB-A-LRE,Gaica,Gaica mbd,2013-07-15,13-14,2013,7,15,196,53,05:50:00,00:00:00,2,11,4,Early,4,1,"Ronald Fernandez-Gomez, Yuri Rosero-Mora",NA,NA,NA,25.552657004830717,13.2
G-MB-A-LRE_02,MB-A-LRE_02,G-MB-A-LRE,Gaica,Gaica mbd,2013-10-02,13-14,2013,10,2,275,51,06:16:00,00:00:00,2,11,5,Late,1,1,"Ronald Fernandez-Gomez, Yuri Rosero-Mora",NA,NA,NA,25.552657004830717,13.2
G-MB-A-LRE_02,MB-A-LRE_02,G-MB-A-LRE,Gaica,Gaica mbd,2013-10-03,13-14,2013,10,3,276,52,06:10:00,00:00:00,2,11,6,Late,2,1,"Ronald Fernandez-Gomez, Yuri Rosero-Mora",NA,NA,NA,25.552657004830717,13.2
G-MB-A-LRE_02,MB-A-LRE_02,G-MB-A-LRE,Gaica,Gaica mbd,2013-10-04,13-14,2013,10,4,277,53,09:33:00,00:00:00,2,11,7,Late,3,1,"Ronald Fernandez-Gomez, Yuri Rosero-Mora",NA,NA,NA,25.552657004830717,13.2
G-MB-A-LRE_02,MB-A-LRE_02,G-MB-A-LRE,Gaica,Gaica mbd,2013-10-05,13-14,2013,10,5,278,54,06:14:00,00:00:00,2,11,8,Late,4,1,"Ronald Fernandez-Gomez, Yuri Rosero-Mora",NA,NA,NA,25.552657004830717,13.2
G-MB-A-LRE_02,MB-A-LRE_02,G-MB-A-LRE,Gaica,Gaica mbd,2016-11-21,16-17,2016,11,21,326,66,06:15:00,00:00:00,2,11,1,Early,1,1,"Yuri Rosero-Mora, Robert Rodriguez",NA,NA,NA,24.844444444444093,13.2
G-MB-A-LRE_02,MB-A-LRE_02,G-MB-A-LRE,Gaica,Gaica mbd,2016-11-22,16-17,2016,11,22,327,67,06:10:00,00:00:00,2,11,2,Early,2,1,"Yuri Rosero-Mora, Robert Rodriguez",NA,NA,NA,24.844444444444093,13.2
G-MB-A-LRE_02,MB-A-LRE_02,G-MB-A-LRE,Gaica,Gaica mbd,2016-11-23,16-17,2016,11,23,328,68,06:10:00,00:00:00,2,11,3,Early,3,1,"Yuri Rosero-Mora, Robert Rodriguez",NA,NA,NA,24.844444444444093,13.2
G-MB-A-LRE_03,MB-A-LRE_03,G-MB-A-LRE,Gaica,Gaica mbd,2013-07-12,13-14,2013,7,12,193,50,08:05:00,00:00:00,2,11,1,Early,1,1,"Ronald Fernandez-Gomez, Yuri Rosero-Mora",NA,NA,NA,23.451004113235307,2
G-MB-A-LRE_03,MB-A-LRE_03,G-MB-A-LRE,Gaica,Gaica mbd,2013-07-13,13-14,2013,7,13,194,51,06:53:00,00:00:00,2,11,2,Early,2,1,"Ronald Fernandez-Gomez, Yuri Rosero-Mora",NA,NA,NA,23.451004113235307,2
G-MB-A-LRE_03,MB-A-LRE_03,G-MB-A-LRE,Gaica,Gaica mbd,2013-07-14,13-14,2013,7,14,195,52,06:25:00,00:00:00,2,11,3,Early,3,1,"Ronald Fernandez-Gomez, Yuri Rosero-Mora",NA,NA,NA,23.451004113235307,2
G-MB-A-LRE_03,MB-A-LRE_03,G-MB-A-LRE,Gaica,Gaica mbd,2013-07-15,13-14,2013,7,15,196,53,06:28:00,00:00:00,2,11,4,Early,4,1,"Ronald Fernandez-Gomez, Yuri Rosero-Mora",NA,NA,NA,23.451004113235307,2
G-MB-A-LRE_03,MB-A-LRE_03,G-MB-A-LRE,Gaica,Gaica mbd,2013-10-02,13-14,2013,10,2,275,51,06:45:00,00:00:00,2,11,5,Late,1,1,"Ronald Fernandez-Gomez, Yuri Rosero-Mora",NA,NA,NA,23.451004113235307,2
G-MB-A-LRE_03,MB-A-LRE_03,G-MB-A-LRE,Gaica,Gaica mbd,2013-10-03,13-14,2013,10,3,276,52,06:40:00,00:00:00,2,11,6,Late,2,1,"Ronald Fernandez-Gomez, Yuri Rosero-Mora",NA,NA,NA,23.451004113235307,2
G-MB-A-LRE_03,MB-A-LRE_03,G-MB-A-LRE,Gaica,Gaica mbd,2013-10-04,13-14,2013,10,4,277,53,10:05:00,00:00:00,2,11,7,Late,3,1,"Ronald Fernandez-Gomez, Yuri Rosero-Mora",NA,NA,NA,23.451004113235307,2
G-MB-A-LRE_03,MB-A-LRE_03,G-MB-A-LRE,Gaica,Gaica mbd,2013-10-05,13-14,2013,10,5,278,54,06:40:00,00:00:00,2,11,8,Late,4,1,"Ronald Fernandez-Gomez, Yuri Rosero-Mora",NA,NA,NA,23.451004113235307,2
G-MB-A-LRE_03,MB-A-LRE_03,G-MB-A-LRE,Gaica,Gaica mbd,2016-11-21,16-17,2016,11,21,326,66,06:35:00,00:00:00,2,11,1,Early,1,1,"Yuri Rosero-Mora, Robert Rodriguez",NA,NA,NA,22.651584805226488,2
G-MB-A-LRE_03,MB-A-LRE_03,G-MB-A-LRE,Gaica,Gaica mbd,2016-11-22,16-17,2016,11,22,327,67,06:35:00,00:00:00,2,11,2,Early,2,1,"Yuri Rosero-Mora, Robert Rodriguez",NA,NA,NA,22.651584805226488,2
G-MB-A-LRE_03,MB-A-LRE_03,G-MB-A-LRE,Gaica,Gaica mbd,2016-11-23,16-17,2016,11,23,328,68,06:25:00,00:00:00,2,11,3,Early,3,1,"Yuri Rosero-Mora, Robert Rodriguez",NA,NA,NA,22.651584805226488,2
G-MB-A-LRE_04,MB-A-LRE_04,G-MB-A-LRE,Gaica,Gaica mbd,2013-07-12,13-14,2013,7,12,193,50,08:40:00,00:00:00,2,11,1,Early,1,1,"Ronald Fernandez-Gomez, Yuri Rosero-Mora",NA,NA,NA,22.25024154589374,9.8
G-MB-A-LRE_04,MB-A-LRE_04,G-MB-A-LRE,Gaica,Gaica mbd,2013-07-13,13-14,2013,7,13,194,51,07:12:00,00:00:00,2,11,2,Early,2,1,"Ronald Fernandez-Gomez, Yuri Rosero-Mora",NA,NA,NA,22.25024154589374,9.8
G-MB-A-LRE_04,MB-A-LRE_04,G-MB-A-LRE,Gaica,Gaica mbd,2013-07-14,13-14,2013,7,14,195,52,06:50:00,00:00:00,2,11,3,Early,3,1,"Ronald Fernandez-Gomez, Yuri Rosero-Mora",NA,NA,NA,22.25024154589374,9.8
G-MB-A-LRE_04,MB-A-LRE_04,G-MB-A-LRE,Gaica,Gaica mbd,2013-07-15,13-14,2013,7,15,196,53,06:59:00,00:00:00,2,11,4,Early,4,1,"Ronald Fernandez-Gomez, Yuri Rosero-Mora",NA,NA,NA,22.25024154589374,9.8
G-MB-A-LRE_04,MB-A-LRE_04,G-MB-A-LRE,Gaica,Gaica mbd,2013-10-02,13-14,2013,10,2,275,51,07:06:00,00:00:00,2,11,5,Late,1,1,"Ronald Fernandez-Gomez, Yuri Rosero-Mora",NA,NA,NA,22.25024154589374,9.8
G-MB-A-LRE_04,MB-A-LRE_04,G-MB-A-LRE,Gaica,Gaica mbd,2013-10-03,13-14,2013,10,3,276,52,07:10:00,00:00:00,2,11,6,Late,2,1,"Ronald Fernandez-Gomez, Yuri Rosero-Mora",NA,NA,NA,22.25024154589374,9.8
G-MB-A-LRE_04,MB-A-LRE_04,G-MB-A-LRE,Gaica,Gaica mbd,2013-10-04,13-14,2013,10,4,277,53,10:35:00,00:00:00,2,11,7,Late,3,1,"Ronald Fernandez-Gomez, Yuri Rosero-Mora",NA,NA,NA,22.25024154589374,9.8
G-MB-A-LRE_04,MB-A-LRE_04,G-MB-A-LRE,Gaica,Gaica mbd,2013-10-05,13-14,2013,10,5,278,54,07:00:00,00:00:00,2,11,8,Late,4,1,"Ronald Fernandez-Gomez, Yuri Rosero-Mora",NA,NA,NA,22.25024154589374,9.8
G-MB-A-LRE_04,MB-A-LRE_04,G-MB-A-LRE,Gaica,Gaica mbd,2016-11-21,16-17,2016,11,21,326,66,07:05:00,00:00:00,2,11,1,Early,1,1,"Yuri Rosero-Mora, Robert Rodriguez",NA,NA,NA,21.655555555555917,9.8
G-MB-A-LRE_04,MB-A-LRE_04,G-MB-A-LRE,Gaica,Gaica mbd,2016-11-22,16-17,2016,11,22,327,67,06:55:00,00:00:00,2,11,2,Early,2,1,"Yuri Rosero-Mora, Robert Rodriguez",NA,NA,NA,21.655555555555917,9.8
G-MB-A-LRE_04,MB-A-LRE_04,G-MB-A-LRE,Gaica,Gaica mbd,2016-11-23,16-17,2016,11,23,328,68,06:42:00,00:00:00,2,11,3,Early,3,1,"Yuri Rosero-Mora, Robert Rodriguez",NA,NA,NA,21.655555555555917,9.8
G-MB-A-LRE_05,MB-A-LRE_05,G-MB-A-LRE,Gaica,Gaica mbd,2013-07-12,13-14,2013,7,12,193,50,09:10:00,00:00:00,2,11,1,Early,1,1,"Ronald Fernandez-Gomez, Yuri Rosero-Mora",NA,NA,NA,19.27439613526544,7.7
G-MB-A-LRE_05,MB-A-LRE_05,G-MB-A-LRE,Gaica,Gaica mbd,2013-07-13,13-14,2013,7,13,194,51,07:37:00,00:00:00,2,11,2,Early,2,1,"Ronald Fernandez-Gomez, Yuri Rosero-Mora",NA,NA,NA,19.27439613526544,7.7
G-MB-A-LRE_05,MB-A-LRE_05,G-MB-A-LRE,Gaica,Gaica mbd,2013-07-14,13-14,2013,7,14,195,52,07:16:00,00:00:00,2,11,3,Early,3,1,"Ronald Fernandez-Gomez, Yuri Rosero-Mora",NA,NA,NA,19.27439613526544,7.7
G-MB-A-LRE_05,MB-A-LRE_05,G-MB-A-LRE,Gaica,Gaica mbd,2013-07-15,13-14,2013,7,15,196,53,07:25:00,00:00:00,2,11,4,Early,4,1,"Ronald Fernandez-Gomez, Yuri Rosero-Mora",NA,NA,NA,19.27439613526544,7.7
G-MB-A-LRE_05,MB-A-LRE_05,G-MB-A-LRE,Gaica,Gaica mbd,2013-10-02,13-14,2013,10,2,275,51,07:40:00,00:00:00,2,11,5,Late,1,1,"Ronald Fernandez-Gomez, Yuri Rosero-Mora",NA,NA,NA,19.27439613526544,7.7
G-MB-A-LRE_05,MB-A-LRE_05,G-MB-A-LRE,Gaica,Gaica mbd,2013-10-03,13-14,2013,10,3,276,52,07:46:00,00:00:00,2,11,6,Late,2,1,"Ronald Fernandez-Gomez, Yuri Rosero-Mora",NA,NA,NA,19.27439613526544,7.7
G-MB-A-LRE_05,MB-A-LRE_05,G-MB-A-LRE,Gaica,Gaica mbd,2013-10-04,13-14,2013,10,4,277,53,11:05:00,00:00:00,2,11,7,Late,3,1,"Ronald Fernandez-Gomez, Yuri Rosero-Mora",NA,NA,NA,19.27439613526544,7.7
G-MB-A-LRE_05,MB-A-LRE_05,G-MB-A-LRE,Gaica,Gaica mbd,2013-10-05,13-14,2013,10,5,278,54,07:25:00,00:00:00,2,11,8,Late,4,1,"Ronald Fernandez-Gomez, Yuri Rosero-Mora",NA,NA,NA,19.27439613526544,7.7
G-MB-A-LRE_05,MB-A-LRE_05,G-MB-A-LRE,Gaica,Gaica mbd,2016-11-21,16-17,2016,11,21,326,66,07:25:00,00:00:00,2,11,1,Early,1,1,"Yuri Rosero-Mora, Robert Rodriguez",NA,NA,NA,18.83260869565272,7.7
G-MB-A-LRE_05,MB-A-LRE_05,G-MB-A-LRE,Gaica,Gaica mbd,2016-11-22,16-17,2016,11,22,327,67,07:25:00,00:00:00,2,11,2,Early,2,1,"Yuri Rosero-Mora, Robert Rodriguez",NA,NA,NA,18.83260869565272,7.7
G-MB-A-LRE_05,MB-A-LRE_05,G-MB-A-LRE,Gaica,Gaica mbd,2016-11-23,16-17,2016,11,23,328,68,07:05:00,00:00:00,2,11,3,Early,3,1,"Yuri Rosero-Mora, Robert Rodriguez",NA,NA,NA,18.83260869565272,7.7
G-MB-A-LRE_06,MB-A-LRE_06,G-MB-A-LRE,Gaica,Gaica mbd,2013-07-12,13-14,2013,7,12,193,50,09:35:00,00:00:00,2,11,1,Early,1,1,"Ronald Fernandez-Gomez, Yuri Rosero-Mora",NA,NA,NA,19.51475568456655,10.1
G-MB-A-LRE_06,MB-A-LRE_06,G-MB-A-LRE,Gaica,Gaica mbd,2013-07-13,13-14,2013,7,13,194,51,08:00:00,00:00:00,2,11,2,Early,2,1,"Ronald Fernandez-Gomez, Yuri Rosero-Mora",NA,NA,NA,19.51475568456655,10.1
G-MB-A-LRE_06,MB-A-LRE_06,G-MB-A-LRE,Gaica,Gaica mbd,2013-07-14,13-14,2013,7,14,195,52,07:45:00,00:00:00,2,11,3,Early,3,1,"Ronald Fernandez-Gomez, Yuri Rosero-Mora",NA,NA,NA,19.51475568456655,10.1
G-MB-A-LRE_06,MB-A-LRE_06,G-MB-A-LRE,Gaica,Gaica mbd,2013-07-15,13-14,2013,7,15,196,53,07:54:00,00:00:00,2,11,4,Early,4,1,"Ronald Fernandez-Gomez, Yuri Rosero-Mora",NA,NA,NA,19.51475568456655,10.1
G-MB-A-LRE_06,MB-A-LRE_06,G-MB-A-LRE,Gaica,Gaica mbd,2013-10-02,13-14,2013,10,2,275,51,08:02:00,00:00:00,2,11,5,Late,1,1,"Ronald Fernandez-Gomez, Yuri Rosero-Mora",NA,NA,NA,19.51475568456655,10.1
G-MB-A-LRE_06,MB-A-LRE_06,G-MB-A-LRE,Gaica,Gaica mbd,2013-10-03,13-14,2013,10,3,276,52,08:40:00,00:00:00,2,11,6,Late,2,1,"Ronald Fernandez-Gomez, Yuri Rosero-Mora",NA,NA,NA,19.51475568456655,10.1
G-MB-A-LRE_06,MB-A-LRE_06,G-MB-A-LRE,Gaica,Gaica mbd,2013-10-04,13-14,2013,10,4,277,53,11:35:00,00:00:00,2,11,7,Late,3,1,"Ronald Fernandez-Gomez, Yuri Rosero-Mora",NA,NA,NA,19.51475568456655,10.1
G-MB-A-LRE_06,MB-A-LRE_06,G-MB-A-LRE,Gaica,Gaica mbd,2013-10-05,13-14,2013,10,5,278,54,07:44:00,00:00:00,2,11,8,Late,4,1,"Ronald Fernandez-Gomez, Yuri Rosero-Mora",NA,NA,NA,19.51475568456655,10.1
G-MB-A-LRE_06,MB-A-LRE_06,G-MB-A-LRE,Gaica,Gaica mbd,2016-11-21,16-17,2016,11,21,326,66,07:45:00,00:00:00,2,11,1,Early,1,1,"Yuri Rosero-Mora, Robert Rodriguez",NA,NA,NA,18.749153362360595,10.5
G-MB-A-LRE_06,MB-A-LRE_06,G-MB-A-LRE,Gaica,Gaica mbd,2016-11-22,16-17,2016,11,22,327,67,07:50:00,00:00:00,2,11,2,Early,2,1,"Yuri Rosero-Mora, Robert Rodriguez",NA,NA,NA,18.749153362360595,10.5
G-MB-A-LRE_06,MB-A-LRE_06,G-MB-A-LRE,Gaica,Gaica mbd,2016-11-23,16-17,2016,11,23,328,68,07:35:00,00:00:00,2,11,3,Early,3,1,"Yuri Rosero-Mora, Robert Rodriguez",NA,NA,NA,18.749153362360595,10.5
G-MB-G-CB_01,MB-G-CB_01,G-MB-G-CB,Gaica,Gaica mbd,2016-09-24,16-17,2016,9,24,268,8,06:05:00,00:00:00,1,6,1,Early,1,1,"Yuri Rosero-Mora, Robert Rodriguez",NA,NA,NA,67.30125422093558,20.2
G-MB-G-CB_01,MB-G-CB_01,G-MB-G-CB,Gaica,Gaica mbd,2016-09-25,16-17,2016,9,25,269,9,06:15:00,00:00:00,1,6,2,Early,2,1,"Yuri Rosero-Mora, Robert Rodriguez",NA,NA,NA,67.30125422093558,20.2
G-MB-G-CB_01,MB-G-CB_01,G-MB-G-CB,Gaica,Gaica mbd,2016-09-26,16-17,2016,9,26,270,10,06:00:00,00:00:00,1,6,3,Early,3,1,"Yuri Rosero-Mora, Robert Rodriguez",NA,NA,NA,67.30125422093558,20.2
G-MB-G-CB_01,MB-G-CB_01,G-MB-G-CB,Gaica,Gaica mbd,2017-04-25,16-17,2017,4,25,115,42,05:40:00,00:00:00,1,6,4,Late,1,1,"Yuri Rosero-Mora, Robert Rodriguez",NA,NA,NA,69.13796430294236,20.2
G-MB-G-CB_01,MB-G-CB_01,G-MB-G-CB,Gaica,Gaica mbd,2017-04-26,16-17,2017,4,26,116,43,08:30:00,00:00:00,1,6,5,Late,2,1,"Yuri Rosero-Mora, Robert Rodriguez",NA,NA,NA,69.13796430294236,20.2
G-MB-G-CB_01,MB-G-CB_01,G-MB-G-CB,Gaica,Gaica mbd,2017-04-27,16-17,2017,4,27,117,44,08:35:00,00:00:00,1,6,6,Late,3,1,"Yuri Rosero-Mora, Robert Rodriguez",NA,NA,NA,69.13796430294236,20.2
G-MB-G-CB_02,MB-G-CB_02,G-MB-G-CB,Gaica,Gaica mbd,2016-09-24,16-17,2016,9,24,268,8,06:29:00,00:00:00,1,6,1,Early,1,1,"Yuri Rosero-Mora, Robert Rodriguez",NA,NA,NA,67.48067632850207,21.4
G-MB-G-CB_02,MB-G-CB_02,G-MB-G-CB,Gaica,Gaica mbd,2016-09-25,16-17,2016,9,25,269,9,06:50:00,00:00:00,1,6,2,Early,2,1,"Yuri Rosero-Mora, Robert Rodriguez",NA,NA,NA,67.48067632850207,21.4
G-MB-G-CB_02,MB-G-CB_02,G-MB-G-CB,Gaica,Gaica mbd,2016-09-26,16-17,2016,9,26,270,10,06:19:00,00:00:00,1,6,3,Early,3,1,"Yuri Rosero-Mora, Robert Rodriguez",NA,NA,NA,67.48067632850207,21.4
G-MB-G-CB_02,MB-G-CB_02,G-MB-G-CB,Gaica,Gaica mbd,2017-04-25,16-17,2017,4,25,115,42,06:00:00,00:00:00,1,6,4,Late,1,1,"Yuri Rosero-Mora, Robert Rodriguez",NA,NA,NA,68.88888888888856,21.4
G-MB-G-CB_02,MB-G-CB_02,G-MB-G-CB,Gaica,Gaica mbd,2017-04-26,16-17,2017,4,26,116,43,08:00:00,00:00:00,1,6,5,Late,2,1,"Yuri Rosero-Mora, Robert Rodriguez",NA,NA,NA,68.88888888888856,21.4
G-MB-G-CB_02,MB-G-CB_02,G-MB-G-CB,Gaica,Gaica mbd,2017-04-27,16-17,2017,4,27,117,44,08:15:00,00:00:00,1,6,6,Late,3,1,"Yuri Rosero-Mora, Robert Rodriguez",NA,NA,NA,68.88888888888856,21.4
G-MB-G-CB_03,MB-G-CB_03,G-MB-G-CB,Gaica,Gaica mbd,2016-09-24,16-17,2016,9,24,268,8,06:50:00,00:00:00,1,6,1,Early,1,1,"Yuri Rosero-Mora, Robert Rodriguez",NA,NA,NA,68.07391304347854,24.5
G-MB-G-CB_03,MB-G-CB_03,G-MB-G-CB,Gaica,Gaica mbd,2016-09-25,16-17,2016,9,25,269,9,07:05:00,00:00:00,1,6,2,Early,2,1,"Yuri Rosero-Mora, Robert Rodriguez",NA,NA,NA,68.07391304347854,24.5
G-MB-G-CB_03,MB-G-CB_03,G-MB-G-CB,Gaica,Gaica mbd,2016-09-26,16-17,2016,9,26,270,10,06:33:00,00:00:00,1,6,3,Early,3,1,"Yuri Rosero-Mora, Robert Rodriguez",NA,NA,NA,68.07391304347854,24.5
G-MB-G-CB_03,MB-G-CB_03,G-MB-G-CB,Gaica,Gaica mbd,2017-04-25,16-17,2017,4,25,115,42,06:25:00,00:00:00,1,6,4,Late,1,1,"Yuri Rosero-Mora, Robert Rodriguez",NA,NA,NA,69.58067632850208,24.5
G-MB-G-CB_03,MB-G-CB_03,G-MB-G-CB,Gaica,Gaica mbd,2017-04-26,16-17,2017,4,26,116,43,07:35:00,00:00:00,1,6,5,Late,2,1,"Yuri Rosero-Mora, Robert Rodriguez",NA,NA,NA,69.58067632850208,24.5
G-MB-G-CB_03,MB-G-CB_03,G-MB-G-CB,Gaica,Gaica mbd,2017-04-27,16-17,2017,4,27,117,44,07:45:00,00:00:00,1,6,6,Late,3,1,"Yuri Rosero-Mora, Robert Rodriguez",NA,NA,NA,69.58067632850208,24.5
G-MB-G-CB_04,MB-G-CB_04,G-MB-G-CB,Gaica,Gaica mbd,2016-09-24,16-17,2016,9,24,268,8,07:15:00,00:00:00,1,6,1,Early,1,1,"Yuri Rosero-Mora, Robert Rodriguez",NA,NA,NA,68.56228874939697,23.2
G-MB-G-CB_04,MB-G-CB_04,G-MB-G-CB,Gaica,Gaica mbd,2016-09-25,16-17,2016,9,25,269,9,07:25:00,00:00:00,1,6,2,Early,2,1,"Yuri Rosero-Mora, Robert Rodriguez",NA,NA,NA,68.56228874939697,23.2
G-MB-G-CB_04,MB-G-CB_04,G-MB-G-CB,Gaica,Gaica mbd,2016-09-26,16-17,2016,9,26,270,10,06:50:00,00:00:00,1,6,3,Early,3,1,"Yuri Rosero-Mora, Robert Rodriguez",NA,NA,NA,68.56228874939697,23.2
G-MB-G-CB_04,MB-G-CB_04,G-MB-G-CB,Gaica,Gaica mbd,2017-04-25,16-17,2017,4,25,115,42,06:50:00,00:00:00,1,6,4,Late,1,1,"Yuri Rosero-Mora, Robert Rodriguez",NA,NA,NA,69.46716562047293,23.2
G-MB-G-CB_04,MB-G-CB_04,G-MB-G-CB,Gaica,Gaica mbd,2017-04-26,16-17,2017,4,26,116,43,07:10:00,00:00:00,1,6,5,Late,2,1,"Yuri Rosero-Mora, Robert Rodriguez",NA,NA,NA,69.46716562047293,23.2
G-MB-G-CB_04,MB-G-CB_04,G-MB-G-CB,Gaica,Gaica mbd,2017-04-27,16-17,2017,4,27,117,44,07:05:00,00:00:00,1,6,6,Late,3,1,"Yuri Rosero-Mora, Robert Rodriguez",NA,NA,NA,69.46716562047293,23.2
G-MB-G-CB_05,MB-G-CB_05,G-MB-G-CB,Gaica,Gaica mbd,2016-09-24,16-17,2016,9,24,268,8,07:42:00,00:00:00,1,6,1,Early,1,1,"Yuri Rosero-Mora, Robert Rodriguez",NA,NA,NA,60.847322720694784,6.4
G-MB-G-CB_05,MB-G-CB_05,G-MB-G-CB,Gaica,Gaica mbd,2016-09-25,16-17,2016,9,25,269,9,07:43:00,00:00:00,1,6,2,Early,2,1,"Yuri Rosero-Mora, Robert Rodriguez",NA,NA,NA,60.847322720694784,6.4
G-MB-G-CB_05,MB-G-CB_05,G-MB-G-CB,Gaica,Gaica mbd,2016-09-26,16-17,2016,9,26,270,10,07:10:00,00:00:00,1,6,3,Early,3,1,"Yuri Rosero-Mora, Robert Rodriguez",NA,NA,NA,60.847322720694784,6.4
G-MB-G-CB_05,MB-G-CB_05,G-MB-G-CB,Gaica,Gaica mbd,2017-04-25,16-17,2017,4,25,115,42,07:15:00,00:00:00,1,6,4,Late,1,1,"Yuri Rosero-Mora, Robert Rodriguez",NA,NA,NA,64.51929570670536,7.8
G-MB-G-CB_05,MB-G-CB_05,G-MB-G-CB,Gaica,Gaica mbd,2017-04-26,16-17,2017,4,26,116,43,06:00:00,00:00:00,1,6,5,Late,2,1,"Yuri Rosero-Mora, Robert Rodriguez",NA,NA,NA,64.51929570670536,7.8
G-MB-G-CB_05,MB-G-CB_05,G-MB-G-CB,Gaica,Gaica mbd,2017-04-27,16-17,2017,4,27,117,44,05:55:00,00:00:00,1,6,6,Late,3,1,"Yuri Rosero-Mora, Robert Rodriguez",NA,NA,NA,64.51929570670536,7.8
G-MB-G-CB_06,MB-G-CB_06,G-MB-G-CB,Gaica,Gaica mbd,2016-09-24,16-17,2016,9,24,268,8,08:11:00,00:00:00,1,6,1,Early,1,1,"Yuri Rosero-Mora, Robert Rodriguez",NA,NA,NA,61.889076848718986,10.5
G-MB-G-CB_06,MB-G-CB_06,G-MB-G-CB,Gaica,Gaica mbd,2016-09-25,16-17,2016,9,25,269,9,08:10:00,00:00:00,1,6,2,Early,2,1,"Yuri Rosero-Mora, Robert Rodriguez",NA,NA,NA,61.889076848718986,10.5
G-MB-G-CB_06,MB-G-CB_06,G-MB-G-CB,Gaica,Gaica mbd,2016-09-26,16-17,2016,9,26,270,10,07:31:00,00:00:00,1,6,3,Early,3,1,"Yuri Rosero-Mora, Robert Rodriguez",NA,NA,NA,61.889076848718986,10.5
G-MB-G-CB_06,MB-G-CB_06,G-MB-G-CB,Gaica,Gaica mbd,2017-04-25,16-17,2017,4,25,115,42,07:35:00,00:00:00,1,6,4,Late,1,1,"Yuri Rosero-Mora, Robert Rodriguez",NA,NA,NA,65.53431609473168,11.9
G-MB-G-CB_06,MB-G-CB_06,G-MB-G-CB,Gaica,Gaica mbd,2017-04-26,16-17,2017,4,26,116,43,06:40:00,00:00:00,1,6,5,Late,2,1,"Yuri Rosero-Mora, Robert Rodriguez",NA,NA,NA,65.53431609473168,11.9
G-MB-G-CB_06,MB-G-CB_06,G-MB-G-CB,Gaica,Gaica mbd,2017-04-27,16-17,2017,4,27,117,44,06:20:00,00:00:00,1,6,6,Late,3,1,"Yuri Rosero-Mora, Robert Rodriguez",NA,NA,NA,65.53431609473168,11.9
G-MB-G-ECO_01,MB-G-ECO_01,G-MB-G-ECO,Gaica,Gaica mbd,2016-09-17,16-17,2016,9,17,261,1,11:25:00,00:00:00,1,6,1,Early,1,1,"Yuri Rosero-Mora, Robert Rodriguez",NA,NA,NA,78.99758337361042,21.5
G-MB-G-ECO_01,MB-G-ECO_01,G-MB-G-ECO,Gaica,Gaica mbd,2016-09-18,16-17,2016,9,18,262,2,05:40:00,00:00:00,1,6,2,Early,2,1,"Yuri Rosero-Mora, Robert Rodriguez",NA,NA,NA,78.99758337361042,21.5
G-MB-G-ECO_01,MB-G-ECO_01,G-MB-G-ECO,Gaica,Gaica mbd,2016-09-19,16-17,2016,9,19,263,3,15:30:00,00:00:00,1,6,3,Early,3,1,"Yuri Rosero-Mora, Robert Rodriguez",NA,NA,NA,78.99758337361042,21.5
G-MB-G-ECO_01,MB-G-ECO_01,G-MB-G-ECO,Gaica,Gaica mbd,2017-04-19,16-17,2017,4,19,109,36,06:24:00,00:00:00,1,6,4,Late,1,1,"Yuri Rosero-Mora, Robert Rodriguez",NA,NA,NA,79.7957950700822,21.5
G-MB-G-ECO_01,MB-G-ECO_01,G-MB-G-ECO,Gaica,Gaica mbd,2017-04-20,16-17,2017,4,20,110,37,10:15:00,00:00:00,1,6,5,Late,2,1,"Yuri Rosero-Mora, Robert Rodriguez",NA,NA,NA,79.7957950700822,21.5
G-MB-G-ECO_01,MB-G-ECO_01,G-MB-G-ECO,Gaica,Gaica mbd,2017-04-21,16-17,2017,4,21,111,38,05:50:00,00:00:00,1,6,6,Late,3,1,"Yuri Rosero-Mora, Robert Rodriguez",NA,NA,NA,79.7957950700822,21.5
G-MB-G-ECO_02,MB-G-ECO_02,G-MB-G-ECO,Gaica,Gaica mbd,2016-09-17,16-17,2016,9,17,261,1,11:10:00,00:00:00,1,6,1,Early,1,1,"Yuri Rosero-Mora, Robert Rodriguez",NA,NA,NA,78.88250904704468,21.3
G-MB-G-ECO_02,MB-G-ECO_02,G-MB-G-ECO,Gaica,Gaica mbd,2016-09-18,16-17,2016,9,18,262,2,06:08:00,00:00:00,1,6,2,Early,2,1,"Yuri Rosero-Mora, Robert Rodriguez",NA,NA,NA,78.88250904704468,21.3
G-MB-G-ECO_02,MB-G-ECO_02,G-MB-G-ECO,Gaica,Gaica mbd,2016-09-19,16-17,2016,9,19,263,3,15:50:00,00:00:00,1,6,3,Early,3,1,"Yuri Rosero-Mora, Robert Rodriguez",NA,NA,NA,78.88250904704468,21.3
G-MB-G-ECO_02,MB-G-ECO_02,G-MB-G-ECO,Gaica,Gaica mbd,2017-04-19,16-17,2017,4,19,109,36,06:52:00,00:00:00,1,6,4,Late,1,1,"Yuri Rosero-Mora, Robert Rodriguez",NA,NA,NA,79.71483715319661,21.3
G-MB-G-ECO_02,MB-G-ECO_02,G-MB-G-ECO,Gaica,Gaica mbd,2017-04-20,16-17,2017,4,20,110,37,10:40:00,00:00:00,1,6,5,Late,2,1,"Yuri Rosero-Mora, Robert Rodriguez",NA,NA,NA,79.71483715319661,21.3
G-MB-G-ECO_02,MB-G-ECO_02,G-MB-G-ECO,Gaica,Gaica mbd,2017-04-21,16-17,2017,4,21,111,38,06:12:00,00:00:00,1,6,6,Late,3,1,"Yuri Rosero-Mora, Robert Rodriguez",NA,NA,NA,79.71483715319661,21.3
G-MB-G-ECO_03,MB-G-ECO_03,G-MB-G-ECO,Gaica,Gaica mbd,2016-09-17,16-17,2016,9,17,261,1,10:30:00,00:00:00,1,6,1,Early,1,1,"Yuri Rosero-Mora, Robert Rodriguez",NA,NA,NA,79.22377960367321,20.7
G-MB-G-ECO_03,MB-G-ECO_03,G-MB-G-ECO,Gaica,Gaica mbd,2016-09-18,16-17,2016,9,18,262,2,06:28:00,00:00:00,1,6,2,Early,2,1,"Yuri Rosero-Mora, Robert Rodriguez",NA,NA,NA,79.22377960367321,20.7
G-MB-G-ECO_03,MB-G-ECO_03,G-MB-G-ECO,Gaica,Gaica mbd,2016-09-19,16-17,2016,9,19,263,3,16:15:00,00:00:00,1,6,3,Early,3,1,"Yuri Rosero-Mora, Robert Rodriguez",NA,NA,NA,79.22377960367321,20.7
G-MB-G-ECO_03,MB-G-ECO_03,G-MB-G-ECO,Gaica,Gaica mbd,2017-04-19,16-17,2017,4,19,109,36,07:18:00,00:00:00,1,6,4,Late,1,1,"Yuri Rosero-Mora, Robert Rodriguez",NA,NA,NA,79.8832769453842,20.7
G-MB-G-ECO_03,MB-G-ECO_03,G-MB-G-ECO,Gaica,Gaica mbd,2017-04-20,16-17,2017,4,20,110,37,11:10:00,00:00:00,1,6,5,Late,2,1,"Yuri Rosero-Mora, Robert Rodriguez",NA,NA,NA,79.8832769453842,20.7
G-MB-G-ECO_03,MB-G-ECO_03,G-MB-G-ECO,Gaica,Gaica mbd,2017-04-21,16-17,2017,4,21,111,38,06:40:00,00:00:00,1,6,6,Late,3,1,"Yuri Rosero-Mora, Robert Rodriguez",NA,NA,NA,79.8832769453842,20.7
G-MB-G-ECO_04,MB-G-ECO_04,G-MB-G-ECO,Gaica,Gaica mbd,2016-09-17,16-17,2016,9,17,261,1,07:04:00,00:00:00,1,6,1,Early,1,1,"Yuri Rosero-Mora, Robert Rodriguez",NA,NA,NA,78.45895702559154,23.1
G-MB-G-ECO_04,MB-G-ECO_04,G-MB-G-ECO,Gaica,Gaica mbd,2016-09-18,16-17,2016,9,18,262,2,06:58:00,00:00:00,1,6,2,Early,2,1,"Yuri Rosero-Mora, Robert Rodriguez",NA,NA,NA,78.45895702559154,23.1
G-MB-G-ECO_04,MB-G-ECO_04,G-MB-G-ECO,Gaica,Gaica mbd,2016-09-19,16-17,2016,9,19,263,3,16:40:00,00:00:00,1,6,3,Early,3,1,"Yuri Rosero-Mora, Robert Rodriguez",NA,NA,NA,78.45895702559154,23.1
G-MB-G-ECO_04,MB-G-ECO_04,G-MB-G-ECO,Gaica,Gaica mbd,2017-04-19,16-17,2017,4,19,109,36,09:55:00,00:00:00,1,6,4,Late,1,1,"Yuri Rosero-Mora, Robert Rodriguez",NA,NA,NA,78.98213423466926,23.1
G-MB-G-ECO_04,MB-G-ECO_04,G-MB-G-ECO,Gaica,Gaica mbd,2017-04-20,16-17,2017,4,20,110,37,11:45:00,00:00:00,1,6,5,Late,2,1,"Yuri Rosero-Mora, Robert Rodriguez",NA,NA,NA,78.98213423466926,23.1
G-MB-G-ECO_04,MB-G-ECO_04,G-MB-G-ECO,Gaica,Gaica mbd,2017-04-21,16-17,2017,4,21,111,38,07:20:00,00:00:00,1,6,6,Late,3,1,"Yuri Rosero-Mora, Robert Rodriguez",NA,NA,NA,78.98213423466926,23.1
G-MB-G-ECO_05,MB-G-ECO_05,G-MB-G-ECO,Gaica,Gaica mbd,2016-09-17,16-17,2016,9,17,261,1,08:12:00,00:00:00,1,6,1,Early,1,1,"Yuri Rosero-Mora, Robert Rodriguez",NA,NA,NA,77.68583856935732,19.8
G-MB-G-ECO_05,MB-G-ECO_05,G-MB-G-ECO,Gaica,Gaica mbd,2016-09-18,16-17,2016,9,18,262,2,07:45:00,00:00:00,1,6,2,Early,2,1,"Yuri Rosero-Mora, Robert Rodriguez",NA,NA,NA,77.68583856935732,19.8
G-MB-G-ECO_05,MB-G-ECO_05,G-MB-G-ECO,Gaica,Gaica mbd,2016-09-19,16-17,2016,9,19,263,3,16:55:00,00:00:00,1,6,3,Early,3,0,"Yuri Rosero-Mora, Robert Rodriguez",NA,NA,NA,77.68583856935732,19.8
G-MB-G-ECO_05,MB-G-ECO_05,G-MB-G-ECO,Gaica,Gaica mbd,2017-04-19,16-17,2017,4,19,109,36,08:33:00,00:00:00,1,6,4,Late,1,1,"Yuri Rosero-Mora, Robert Rodriguez",NA,NA,NA,78.26027066215569,19.8
G-MB-G-ECO_05,MB-G-ECO_05,G-MB-G-ECO,Gaica,Gaica mbd,2017-04-20,16-17,2017,4,20,110,37,12:08:00,00:00:00,1,6,5,Late,2,1,"Yuri Rosero-Mora, Robert Rodriguez",NA,NA,NA,78.26027066215569,19.8
G-MB-G-ECO_05,MB-G-ECO_05,G-MB-G-ECO,Gaica,Gaica mbd,2017-04-21,16-17,2017,4,21,111,38,07:50:00,00:00:00,1,6,6,Late,3,1,"Yuri Rosero-Mora, Robert Rodriguez",NA,NA,NA,78.26027066215569,19.8
G-MB-G-ECO_06,MB-G-ECO_06,G-MB-G-ECO,Gaica,Gaica mbd,2016-09-17,16-17,2016,9,17,261,1,09:50:00,00:00:00,1,6,1,Early,1,1,"Yuri Rosero-Mora, Robert Rodriguez",NA,NA,NA,77.42822677925213,15.5
G-MB-G-ECO_06,MB-G-ECO_06,G-MB-G-ECO,Gaica,Gaica mbd,2016-09-18,16-17,2016,9,18,262,2,08:15:00,00:00:00,1,6,2,Early,2,1,"Yuri Rosero-Mora, Robert Rodriguez",NA,NA,NA,77.42822677925213,15.5
G-MB-G-ECO_06,MB-G-ECO_06,G-MB-G-ECO,Gaica,Gaica mbd,2016-09-19,16-17,2016,9,19,263,3,17:15:00,00:00:00,1,6,3,Early,3,0,"Yuri Rosero-Mora, Robert Rodriguez",NA,NA,NA,77.42822677925213,15.5
G-MB-G-ECO_06,MB-G-ECO_06,G-MB-G-ECO,Gaica,Gaica mbd,2017-04-19,16-17,2017,4,19,109,36,09:00:00,00:00:00,1,6,4,Late,1,1,"Yuri Rosero-Mora, Robert Rodriguez",NA,NA,NA,77.95657418576603,15.5
G-MB-G-ECO_06,MB-G-ECO_06,G-MB-G-ECO,Gaica,Gaica mbd,2017-04-20,16-17,2017,4,20,110,37,12:25:00,00:00:00,1,6,5,Late,2,1,"Yuri Rosero-Mora, Robert Rodriguez",NA,NA,NA,77.95657418576603,15.5
G-MB-G-ECO_06,MB-G-ECO_06,G-MB-G-ECO,Gaica,Gaica mbd,2017-04-21,16-17,2017,4,21,111,38,08:20:00,00:00:00,1,6,6,Late,3,1,"Yuri Rosero-Mora, Robert Rodriguez",NA,NA,NA,77.95657418576603,15.5
G-MB-G-EPAR_01,MB-G-EPAR_01,G-MB-G-EPAR,Gaica,Gaica mbd,2016-09-28,16-17,2016,9,28,272,12,05:45:00,00:00:00,1,6,1,Early,1,1,"Yuri Rosero-Mora, Robert Rodriguez",NA,NA,NA,46.83115942028998,12.4
G-MB-G-EPAR_01,MB-G-EPAR_01,G-MB-G-EPAR,Gaica,Gaica mbd,2016-09-29,16-17,2016,9,29,273,13,05:45:00,00:00:00,1,6,2,Early,2,1,"Yuri Rosero-Mora, Robert Rodriguez",NA,NA,NA,46.83115942028998,12.4
G-MB-G-EPAR_01,MB-G-EPAR_01,G-MB-G-EPAR,Gaica,Gaica mbd,2016-09-30,16-17,2016,9,30,274,14,06:42:00,00:00:00,1,6,3,Early,3,1,"Yuri Rosero-Mora, Robert Rodriguez",NA,NA,NA,46.83115942028998,12.4
G-MB-G-EPAR_01,MB-G-EPAR_01,G-MB-G-EPAR,Gaica,Gaica mbd,2017-04-28,16-17,2017,4,28,118,45,05:50:00,00:00:00,1,6,4,Late,1,1,"Yuri Rosero-Mora, Robert Rodriguez",NA,NA,NA,50.65990338164282,12.4
G-MB-G-EPAR_01,MB-G-EPAR_01,G-MB-G-EPAR,Gaica,Gaica mbd,2017-04-29,16-17,2017,4,29,119,46,08:05:00,00:00:00,1,6,5,Late,2,1,"Yuri Rosero-Mora, Robert Rodriguez",NA,NA,NA,50.65990338164282,12.4
G-MB-G-EPAR_01,MB-G-EPAR_01,G-MB-G-EPAR,Gaica,Gaica mbd,2017-04-30,16-17,2017,4,30,120,47,05:50:00,00:00:00,1,6,6,Late,3,1,"Yuri Rosero-Mora, Robert Rodriguez",NA,NA,NA,50.65990338164282,12.4
G-MB-G-EPAR_02,MB-G-EPAR_02,G-MB-G-EPAR,Gaica,Gaica mbd,2016-09-28,16-17,2016,9,28,272,12,06:15:00,00:00:00,1,6,1,Early,1,1,"Yuri Rosero-Mora, Robert Rodriguez",NA,NA,NA,45.577600772387214,12.4
G-MB-G-EPAR_02,MB-G-EPAR_02,G-MB-G-EPAR,Gaica,Gaica mbd,2016-09-29,16-17,2016,9,29,273,13,06:10:00,00:00:00,1,6,2,Early,2,1,"Yuri Rosero-Mora, Robert Rodriguez",NA,NA,NA,45.577600772387214,12.4
G-MB-G-EPAR_02,MB-G-EPAR_02,G-MB-G-EPAR,Gaica,Gaica mbd,2016-09-30,16-17,2016,9,30,274,14,06:11:00,00:00:00,1,6,3,Early,3,1,"Yuri Rosero-Mora, Robert Rodriguez",NA,NA,NA,45.577600772387214,12.4
G-MB-G-EPAR_02,MB-G-EPAR_02,G-MB-G-EPAR,Gaica,Gaica mbd,2017-04-28,16-17,2017,4,28,118,45,06:10:00,00:00:00,1,6,4,Late,1,1,"Yuri Rosero-Mora, Robert Rodriguez",NA,NA,NA,50.022447501810746,12.9
G-MB-G-EPAR_02,MB-G-EPAR_02,G-MB-G-EPAR,Gaica,Gaica mbd,2017-04-29,16-17,2017,4,29,119,46,07:40:00,00:00:00,1,6,5,Late,2,1,"Yuri Rosero-Mora, Robert Rodriguez",NA,NA,NA,50.022447501810746,12.9
G-MB-G-EPAR_02,MB-G-EPAR_02,G-MB-G-EPAR,Gaica,Gaica mbd,2017-04-30,16-17,2017,4,30,120,47,06:10:00,00:00:00,1,6,6,Late,3,1,"Yuri Rosero-Mora, Robert Rodriguez",NA,NA,NA,50.022447501810746,12.9
G-MB-G-EPAR_03,MB-G-EPAR_03,G-MB-G-EPAR,Gaica,Gaica mbd,2016-09-28,16-17,2016,9,28,272,12,06:30:00,00:00:00,1,6,1,Early,1,1,"Yuri Rosero-Mora, Robert Rodriguez",NA,NA,NA,44.38736131210792,13.6
G-MB-G-EPAR_03,MB-G-EPAR_03,G-MB-G-EPAR,Gaica,Gaica mbd,2016-09-29,16-17,2016,9,29,273,13,06:23:00,00:00:00,1,6,2,Early,2,1,"Yuri Rosero-Mora, Robert Rodriguez",NA,NA,NA,44.38736131210792,13.6
G-MB-G-EPAR_03,MB-G-EPAR_03,G-MB-G-EPAR,Gaica,Gaica mbd,2016-09-30,16-17,2016,9,30,274,14,06:33:00,00:00:00,1,6,3,Early,3,1,"Yuri Rosero-Mora, Robert Rodriguez",NA,NA,NA,44.38736131210792,13.6
G-MB-G-EPAR_03,MB-G-EPAR_03,G-MB-G-EPAR,Gaica,Gaica mbd,2017-04-28,16-17,2017,4,28,118,45,06:40:00,00:00:00,1,6,4,Late,1,1,"Yuri Rosero-Mora, Robert Rodriguez",NA,NA,NA,48.87192474674402,13.6
G-MB-G-EPAR_03,MB-G-EPAR_03,G-MB-G-EPAR,Gaica,Gaica mbd,2017-04-29,16-17,2017,4,29,119,46,07:15:00,00:00:00,1,6,5,Late,2,1,"Yuri Rosero-Mora, Robert Rodriguez",NA,NA,NA,48.87192474674402,13.6
G-MB-G-EPAR_03,MB-G-EPAR_03,G-MB-G-EPAR,Gaica,Gaica mbd,2017-04-30,16-17,2017,4,30,120,47,06:30:00,00:00:00,1,6,6,Late,3,1,"Yuri Rosero-Mora, Robert Rodriguez",NA,NA,NA,48.87192474674402,13.6
G-MB-G-EPAR_04,MB-G-EPAR_04,G-MB-G-EPAR,Gaica,Gaica mbd,2016-09-28,16-17,2016,9,28,272,12,06:50:00,00:00:00,1,6,1,Early,1,1,"Yuri Rosero-Mora, Robert Rodriguez",NA,NA,NA,44.881004103306886,13.5
G-MB-G-EPAR_04,MB-G-EPAR_04,G-MB-G-EPAR,Gaica,Gaica mbd,2016-09-29,16-17,2016,9,29,273,13,06:40:00,00:00:00,1,6,2,Early,2,1,"Yuri Rosero-Mora, Robert Rodriguez",NA,NA,NA,44.881004103306886,13.5
G-MB-G-EPAR_04,MB-G-EPAR_04,G-MB-G-EPAR,Gaica,Gaica mbd,2016-09-30,16-17,2016,9,30,274,14,06:55:00,00:00:00,1,6,3,Early,3,1,"Yuri Rosero-Mora, Robert Rodriguez",NA,NA,NA,44.881004103306886,13.5
G-MB-G-EPAR_04,MB-G-EPAR_04,G-MB-G-EPAR,Gaica,Gaica mbd,2017-04-28,16-17,2017,4,28,118,45,07:05:00,00:00:00,1,6,4,Late,1,1,"Yuri Rosero-Mora, Robert Rodriguez",NA,NA,NA,49.322471638909256,13.5
G-MB-G-EPAR_04,MB-G-EPAR_04,G-MB-G-EPAR,Gaica,Gaica mbd,2017-04-29,16-17,2017,4,29,119,46,06:00:00,00:00:00,1,6,5,Late,2,1,"Yuri Rosero-Mora, Robert Rodriguez",NA,NA,NA,49.322471638909256,13.5
G-MB-G-EPAR_04,MB-G-EPAR_04,G-MB-G-EPAR,Gaica,Gaica mbd,2017-04-30,16-17,2017,4,30,120,47,06:50:00,00:00:00,1,6,6,Late,3,1,"Yuri Rosero-Mora, Robert Rodriguez",NA,NA,NA,49.322471638909256,13.5
G-MB-G-EPAR_05,MB-G-EPAR_05,G-MB-G-EPAR,Gaica,Gaica mbd,2016-09-28,16-17,2016,9,28,272,12,07:15:00,00:00:00,1,6,1,Early,1,1,"Yuri Rosero-Mora, Robert Rodriguez",NA,NA,NA,43.955587738354,22
G-MB-G-EPAR_05,MB-G-EPAR_05,G-MB-G-EPAR,Gaica,Gaica mbd,2016-09-29,16-17,2016,9,29,273,13,07:05:00,00:00:00,1,6,2,Early,2,1,"Yuri Rosero-Mora, Robert Rodriguez",NA,NA,NA,43.955587738354,22
G-MB-G-EPAR_05,MB-G-EPAR_05,G-MB-G-EPAR,Gaica,Gaica mbd,2016-09-30,16-17,2016,9,30,274,14,06:30:00,00:00:00,1,6,3,Early,3,1,"Yuri Rosero-Mora, Robert Rodriguez",NA,NA,NA,43.955587738354,22
G-MB-G-EPAR_05,MB-G-EPAR_05,G-MB-G-EPAR,Gaica,Gaica mbd,2017-04-28,16-17,2017,4,28,118,45,07:30:00,00:00:00,1,6,4,Late,1,1,"Yuri Rosero-Mora, Robert Rodriguez",NA,NA,NA,48.18682114409867,22
G-MB-G-EPAR_05,MB-G-EPAR_05,G-MB-G-EPAR,Gaica,Gaica mbd,2017-04-29,16-17,2017,4,29,119,46,06:50:00,00:00:00,1,6,5,Late,2,1,"Yuri Rosero-Mora, Robert Rodriguez",NA,NA,NA,48.18682114409867,22
G-MB-G-EPAR_05,MB-G-EPAR_05,G-MB-G-EPAR,Gaica,Gaica mbd,2017-04-30,16-17,2017,4,30,120,47,07:40:00,00:00:00,1,6,6,Late,3,1,"Yuri Rosero-Mora, Robert Rodriguez",NA,NA,NA,48.18682114409867,22
G-MB-G-EPAR_06,MB-G-EPAR_06,G-MB-G-EPAR,Gaica,Gaica mbd,2016-09-28,16-17,2016,9,28,272,12,07:50:00,00:00:00,1,6,1,Early,1,1,"Yuri Rosero-Mora, Robert Rodriguez",NA,NA,NA,44.77461389961411,18.4
G-MB-G-EPAR_06,MB-G-EPAR_06,G-MB-G-EPAR,Gaica,Gaica mbd,2016-09-29,16-17,2016,9,29,273,13,07:30:00,00:00:00,1,6,2,Early,2,1,"Yuri Rosero-Mora, Robert Rodriguez",NA,NA,NA,44.77461389961411,18.4
G-MB-G-EPAR_06,MB-G-EPAR_06,G-MB-G-EPAR,Gaica,Gaica mbd,2016-09-30,16-17,2016,9,30,274,14,07:05:00,00:00:00,1,6,3,Early,3,1,"Yuri Rosero-Mora, Robert Rodriguez",NA,NA,NA,44.77461389961411,18.4
G-MB-G-EPAR_06,MB-G-EPAR_06,G-MB-G-EPAR,Gaica,Gaica mbd,2017-04-28,16-17,2017,4,28,118,45,08:00:00,00:00:00,1,6,4,Late,1,1,"Yuri Rosero-Mora, Robert Rodriguez",NA,NA,NA,48.8137065637063,18.4
G-MB-G-EPAR_06,MB-G-EPAR_06,G-MB-G-EPAR,Gaica,Gaica mbd,2017-04-29,16-17,2017,4,29,119,46,06:25:00,00:00:00,1,6,5,Late,2,1,"Yuri Rosero-Mora, Robert Rodriguez",NA,NA,NA,48.8137065637063,18.4
G-MB-G-EPAR_06,MB-G-EPAR_06,G-MB-G-EPAR,Gaica,Gaica mbd,2017-04-30,16-17,2017,4,30,120,47,07:20:00,00:00:00,1,6,6,Late,3,1,"Yuri Rosero-Mora, Robert Rodriguez",NA,NA,NA,48.8137065637063,18.4
G-MB-G-LU_01,MB-G-LU_01,G-MB-G-LU,Gaica,Gaica mbd,2016-10-01,16-17,2016,10,1,275,15,06:12:00,00:00:00,1,6,1,Early,1,1,"Yuri Rosero-Mora, Robert Rodriguez",NA,NA,NA,62.46307915057909,17.7
G-MB-G-LU_01,MB-G-LU_01,G-MB-G-LU,Gaica,Gaica mbd,2016-10-02,16-17,2016,10,2,276,16,05:50:00,00:00:00,1,6,2,Early,2,1,"Yuri Rosero-Mora, Robert Rodriguez",NA,NA,NA,62.46307915057909,17.7
G-MB-G-LU_01,MB-G-LU_01,G-MB-G-LU,Gaica,Gaica mbd,2016-10-03,16-17,2016,10,3,277,17,06:03:00,00:00:00,1,6,3,Early,3,1,"Yuri Rosero-Mora, Robert Rodriguez",NA,NA,NA,62.46307915057909,17.7
G-MB-G-LU_01,MB-G-LU_01,G-MB-G-LU,Gaica,Gaica mbd,2017-05-01,16-17,2017,5,1,121,48,06:30:00,00:00:00,1,6,4,Late,1,1,"Yuri Rosero-Mora, Robert Rodriguez",NA,NA,NA,63.51858108108132,17.7
G-MB-G-LU_01,MB-G-LU_01,G-MB-G-LU,Gaica,Gaica mbd,2017-05-02,16-17,2017,5,2,122,49,06:20:00,00:00:00,1,6,5,Late,2,1,"Yuri Rosero-Mora, Robert Rodriguez",NA,NA,NA,63.51858108108132,17.7
G-MB-G-LU_01,MB-G-LU_01,G-MB-G-LU,Gaica,Gaica mbd,2017-05-03,16-17,2017,5,3,123,50,10:20:00,00:00:00,1,6,6,Late,3,1,"Yuri Rosero-Mora, Robert Rodriguez",NA,NA,NA,63.51858108108132,17.7
G-MB-G-LU_02,MB-G-LU_02,G-MB-G-LU,Gaica,Gaica mbd,2016-10-01,16-17,2016,10,1,275,15,06:37:00,00:00:00,1,6,1,Early,1,1,"Yuri Rosero-Mora, Robert Rodriguez",NA,NA,NA,62.73212560386484,17.6
G-MB-G-LU_02,MB-G-LU_02,G-MB-G-LU,Gaica,Gaica mbd,2016-10-02,16-17,2016,10,2,276,16,06:10:00,00:00:00,1,6,2,Early,2,1,"Yuri Rosero-Mora, Robert Rodriguez",NA,NA,NA,62.73212560386484,17.6
G-MB-G-LU_02,MB-G-LU_02,G-MB-G-LU,Gaica,Gaica mbd,2016-10-03,16-17,2016,10,3,277,17,06:18:00,00:00:00,1,6,3,Early,3,1,"Yuri Rosero-Mora, Robert Rodriguez",NA,NA,NA,62.73212560386484,17.6
G-MB-G-LU_02,MB-G-LU_02,G-MB-G-LU,Gaica,Gaica mbd,2017-05-01,16-17,2017,5,1,121,48,07:00:00,00:00:00,1,6,4,Late,1,1,"Yuri Rosero-Mora, Robert Rodriguez",NA,NA,NA,64.13695652173908,17.6
G-MB-G-LU_02,MB-G-LU_02,G-MB-G-LU,Gaica,Gaica mbd,2017-05-02,16-17,2017,5,2,122,49,06:50:00,00:00:00,1,6,5,Late,2,1,"Yuri Rosero-Mora, Robert Rodriguez",NA,NA,NA,64.13695652173908,17.6
G-MB-G-LU_02,MB-G-LU_02,G-MB-G-LU,Gaica,Gaica mbd,2017-05-03,16-17,2017,5,3,123,50,10:40:00,00:00:00,1,6,6,Late,3,1,"Yuri Rosero-Mora, Robert Rodriguez",NA,NA,NA,64.13695652173908,17.6
G-MB-G-LU_03,MB-G-LU_03,G-MB-G-LU,Gaica,Gaica mbd,2016-10-01,16-17,2016,10,1,275,15,07:00:00,00:00:00,1,6,1,Early,1,1,"Yuri Rosero-Mora, Robert Rodriguez",NA,NA,NA,65.29501452081374,17.6
G-MB-G-LU_03,MB-G-LU_03,G-MB-G-LU,Gaica,Gaica mbd,2016-10-02,16-17,2016,10,2,276,16,06:29:00,00:00:00,1,6,2,Early,2,1,"Yuri Rosero-Mora, Robert Rodriguez",NA,NA,NA,65.29501452081374,17.6
G-MB-G-LU_03,MB-G-LU_03,G-MB-G-LU,Gaica,Gaica mbd,2016-10-03,16-17,2016,10,3,277,17,06:33:00,00:00:00,1,6,3,Early,3,1,"Yuri Rosero-Mora, Robert Rodriguez",NA,NA,NA,65.29501452081374,17.6
G-MB-G-LU_03,MB-G-LU_03,G-MB-G-LU,Gaica,Gaica mbd,2017-05-01,16-17,2017,5,1,121,48,07:20:00,00:00:00,1,6,4,Late,1,1,"Yuri Rosero-Mora, Robert Rodriguez",NA,NA,NA,66.75169409486887,17.6
G-MB-G-LU_03,MB-G-LU_03,G-MB-G-LU,Gaica,Gaica mbd,2017-05-02,16-17,2017,5,2,122,49,07:10:00,00:00:00,1,6,5,Late,2,1,"Yuri Rosero-Mora, Robert Rodriguez",NA,NA,NA,66.75169409486887,17.6
G-MB-G-LU_03,MB-G-LU_03,G-MB-G-LU,Gaica,Gaica mbd,2017-05-03,16-17,2017,5,3,123,50,11:00:00,00:00:00,1,6,6,Late,3,1,"Yuri Rosero-Mora, Robert Rodriguez",NA,NA,NA,66.75169409486887,17.6
G-MB-G-LU_04,MB-G-LU_04,G-MB-G-LU,Gaica,Gaica mbd,2016-10-01,16-17,2016,10,1,275,15,07:16:00,00:00:00,1,6,1,Early,1,1,"Yuri Rosero-Mora, Robert Rodriguez",NA,NA,NA,68.22913651712533,18.1
G-MB-G-LU_04,MB-G-LU_04,G-MB-G-LU,Gaica,Gaica mbd,2016-10-02,16-17,2016,10,2,276,16,06:48:00,00:00:00,1,6,2,Early,2,1,"Yuri Rosero-Mora, Robert Rodriguez",NA,NA,NA,68.22913651712533,18.1
G-MB-G-LU_04,MB-G-LU_04,G-MB-G-LU,Gaica,Gaica mbd,2016-10-03,16-17,2016,10,3,277,17,06:48:00,00:00:00,1,6,3,Early,3,1,"Yuri Rosero-Mora, Robert Rodriguez",NA,NA,NA,68.22913651712533,18.1
G-MB-G-LU_04,MB-G-LU_04,G-MB-G-LU,Gaica,Gaica mbd,2017-05-01,16-17,2017,5,1,121,48,09:10:00,00:00:00,1,6,4,Late,1,1,"Yuri Rosero-Mora, Robert Rodriguez",NA,NA,NA,69.70694645441324,18.1
G-MB-G-LU_04,MB-G-LU_04,G-MB-G-LU,Gaica,Gaica mbd,2017-05-02,16-17,2017,5,2,122,49,08:30:00,00:00:00,1,6,5,Late,2,1,"Yuri Rosero-Mora, Robert Rodriguez",NA,NA,NA,69.70694645441324,18.1
G-MB-G-LU_04,MB-G-LU_04,G-MB-G-LU,Gaica,Gaica mbd,2017-05-03,16-17,2017,5,3,123,50,07:20:00,00:00:00,1,6,6,Late,3,1,"Yuri Rosero-Mora, Robert Rodriguez",NA,NA,NA,69.70694645441324,18.1
G-MB-G-LU_05,MB-G-LU_05,G-MB-G-LU,Gaica,Gaica mbd,2016-10-01,16-17,2016,10,1,275,15,07:33:00,00:00:00,1,6,1,Early,1,1,"Yuri Rosero-Mora, Robert Rodriguez",NA,NA,NA,66.10226724553827,18.5
G-MB-G-LU_05,MB-G-LU_05,G-MB-G-LU,Gaica,Gaica mbd,2016-10-02,16-17,2016,10,2,276,16,07:17:00,00:00:00,1,6,2,Early,2,1,"Yuri Rosero-Mora, Robert Rodriguez",NA,NA,NA,66.10226724553827,18.5
G-MB-G-LU_05,MB-G-LU_05,G-MB-G-LU,Gaica,Gaica mbd,2016-10-03,16-17,2016,10,3,277,17,07:10:00,00:00:00,1,6,3,Early,3,1,"Yuri Rosero-Mora, Robert Rodriguez",NA,NA,NA,66.10226724553827,18.5
G-MB-G-LU_05,MB-G-LU_05,G-MB-G-LU,Gaica,Gaica mbd,2017-05-01,16-17,2017,5,1,121,48,09:30:00,00:00:00,1,6,4,Late,1,1,"Yuri Rosero-Mora, Robert Rodriguez",NA,NA,NA,67.21177038108964,18.5
G-MB-G-LU_05,MB-G-LU_05,G-MB-G-LU,Gaica,Gaica mbd,2017-05-02,16-17,2017,5,2,122,49,08:50:00,00:00:00,1,6,5,Late,2,1,"Yuri Rosero-Mora, Robert Rodriguez",NA,NA,NA,67.21177038108964,18.5
G-MB-G-LU_05,MB-G-LU_05,G-MB-G-LU,Gaica,Gaica mbd,2017-05-03,16-17,2017,5,3,123,50,07:00:00,00:00:00,1,6,6,Late,3,1,"Yuri Rosero-Mora, Robert Rodriguez",NA,NA,NA,67.21177038108964,18.5
G-MB-G-LU_06,MB-G-LU_06,G-MB-G-LU,Gaica,Gaica mbd,2016-10-01,16-17,2016,10,1,275,15,07:48:00,00:00:00,1,6,1,Early,1,1,"Yuri Rosero-Mora, Robert Rodriguez",NA,NA,NA,67.50868725868737,18.5
G-MB-G-LU_06,MB-G-LU_06,G-MB-G-LU,Gaica,Gaica mbd,2016-10-02,16-17,2016,10,2,276,16,07:35:00,00:00:00,1,6,2,Early,2,1,"Yuri Rosero-Mora, Robert Rodriguez",NA,NA,NA,67.50868725868737,18.5
G-MB-G-LU_06,MB-G-LU_06,G-MB-G-LU,Gaica,Gaica mbd,2016-10-03,16-17,2016,10,3,277,17,07:25:00,00:00:00,1,6,3,Early,3,1,"Yuri Rosero-Mora, Robert Rodriguez",NA,NA,NA,67.50868725868737,18.5
G-MB-G-LU_06,MB-G-LU_06,G-MB-G-LU,Gaica,Gaica mbd,2017-05-01,16-17,2017,5,1,121,48,09:50:00,00:00:00,1,6,4,Late,1,1,"Yuri Rosero-Mora, Robert Rodriguez",NA,NA,NA,69.29343629343677,18.5
G-MB-G-LU_06,MB-G-LU_06,G-MB-G-LU,Gaica,Gaica mbd,2017-05-02,16-17,2017,5,2,122,49,09:10:00,00:00:00,1,6,5,Late,2,1,"Yuri Rosero-Mora, Robert Rodriguez",NA,NA,NA,69.29343629343677,18.5
G-MB-G-LU_06,MB-G-LU_06,G-MB-G-LU,Gaica,Gaica mbd,2017-05-03,16-17,2017,5,3,123,50,06:40:00,00:00:00,1,6,6,Late,3,1,"Yuri Rosero-Mora, Robert Rodriguez",NA,NA,NA,69.29343629343677,18.5
G-MB-G-MV_01,MB-G-MV_01,G-MB-G-MV,Gaica,Gaica mbd,2016-09-20,16-17,2016,9,20,264,4,06:30:00,00:00:00,1,6,1,Early,1,1,"Yuri Rosero-Mora, Robert Rodriguez",NA,NA,NA,78.01207146306147,24.9
G-MB-G-MV_01,MB-G-MV_01,G-MB-G-MV,Gaica,Gaica mbd,2016-09-21,16-17,2016,9,21,265,5,08:03:00,00:00:00,1,6,2,Early,2,1,"Yuri Rosero-Mora, Robert Rodriguez",NA,NA,NA,78.01207146306147,24.9
G-MB-G-MV_01,MB-G-MV_01,G-MB-G-MV,Gaica,Gaica mbd,2016-09-22,16-17,2016,9,22,266,6,07:35:00,00:00:00,1,6,3,Early,3,1,"Yuri Rosero-Mora, Robert Rodriguez",NA,NA,NA,78.01207146306147,24.9
G-MB-G-MV_01,MB-G-MV_01,G-MB-G-MV,Gaica,Gaica mbd,2017-04-22,16-17,2017,4,22,112,39,06:20:00,00:00:00,1,6,4,Late,1,1,"Yuri Rosero-Mora, Robert Rodriguez",NA,NA,NA,78.61467889908243,24.9
G-MB-G-MV_01,MB-G-MV_01,G-MB-G-MV,Gaica,Gaica mbd,2017-04-23,16-17,2017,4,23,113,40,06:00:00,00:00:00,1,6,5,Late,2,1,"Yuri Rosero-Mora, Robert Rodriguez",NA,NA,NA,78.61467889908243,24.9
G-MB-G-MV_01,MB-G-MV_01,G-MB-G-MV,Gaica,Gaica mbd,2017-04-24,16-17,2017,4,24,114,41,06:00:00,00:00:00,1,6,6,Late,3,1,"Yuri Rosero-Mora, Robert Rodriguez",NA,NA,NA,78.61467889908243,24.9
G-MB-G-MV_02,MB-G-MV_02,G-MB-G-MV,Gaica,Gaica mbd,2016-09-20,16-17,2016,9,20,264,4,07:00:00,00:00:00,1,6,1,Early,1,1,"Yuri Rosero-Mora, Robert Rodriguez",NA,NA,NA,78.35231660231645,24.8
G-MB-G-MV_02,MB-G-MV_02,G-MB-G-MV,Gaica,Gaica mbd,2016-09-21,16-17,2016,9,21,265,5,07:40:00,00:00:00,1,6,2,Early,2,1,"Yuri Rosero-Mora, Robert Rodriguez",NA,NA,NA,78.35231660231645,24.8
G-MB-G-MV_02,MB-G-MV_02,G-MB-G-MV,Gaica,Gaica mbd,2016-09-22,16-17,2016,9,22,266,6,07:20:00,00:00:00,1,6,3,Early,3,1,"Yuri Rosero-Mora, Robert Rodriguez",NA,NA,NA,78.35231660231645,24.8
G-MB-G-MV_02,MB-G-MV_02,G-MB-G-MV,Gaica,Gaica mbd,2017-04-22,16-17,2017,4,22,112,39,06:45:00,00:00:00,1,6,4,Late,1,1,"Yuri Rosero-Mora, Robert Rodriguez",NA,NA,NA,78.90781853281845,24.8
G-MB-G-MV_02,MB-G-MV_02,G-MB-G-MV,Gaica,Gaica mbd,2017-04-23,16-17,2017,4,23,113,40,06:25:00,00:00:00,1,6,5,Late,2,1,"Yuri Rosero-Mora, Robert Rodriguez",NA,NA,NA,78.90781853281845,24.8
G-MB-G-MV_02,MB-G-MV_02,G-MB-G-MV,Gaica,Gaica mbd,2017-04-24,16-17,2017,4,24,114,41,06:35:00,00:00:00,1,6,6,Late,3,1,"Yuri Rosero-Mora, Robert Rodriguez",NA,NA,NA,78.90781853281845,24.8
G-MB-G-MV_03,MB-G-MV_03,G-MB-G-MV,Gaica,Gaica mbd,2016-09-20,16-17,2016,9,20,264,4,07:30:00,00:00:00,1,6,1,Early,1,1,"Yuri Rosero-Mora, Robert Rodriguez",NA,NA,NA,78.53887011105745,25.6
G-MB-G-MV_03,MB-G-MV_03,G-MB-G-MV,Gaica,Gaica mbd,2016-09-21,16-17,2016,9,21,265,5,07:25:00,00:00:00,1,6,2,Early,2,1,"Yuri Rosero-Mora, Robert Rodriguez",NA,NA,NA,78.53887011105745,25.6
G-MB-G-MV_03,MB-G-MV_03,G-MB-G-MV,Gaica,Gaica mbd,2016-09-22,16-17,2016,9,22,266,6,07:02:00,00:00:00,1,6,3,Early,3,1,"Yuri Rosero-Mora, Robert Rodriguez",NA,NA,NA,78.53887011105745,25.6
G-MB-G-MV_03,MB-G-MV_03,G-MB-G-MV,Gaica,Gaica mbd,2017-04-22,16-17,2017,4,22,112,39,07:10:00,00:00:00,1,6,4,Late,1,1,"Yuri Rosero-Mora, Robert Rodriguez",NA,NA,NA,79.05214872042485,25.6
G-MB-G-MV_03,MB-G-MV_03,G-MB-G-MV,Gaica,Gaica mbd,2017-04-23,16-17,2017,4,23,113,40,06:50:00,00:00:00,1,6,5,Late,2,1,"Yuri Rosero-Mora, Robert Rodriguez",NA,NA,NA,79.05214872042485,25.6
G-MB-G-MV_03,MB-G-MV_03,G-MB-G-MV,Gaica,Gaica mbd,2017-04-24,16-17,2017,4,24,114,41,06:55:00,00:00:00,1,6,6,Late,3,1,"Yuri Rosero-Mora, Robert Rodriguez",NA,NA,NA,79.05214872042485,25.6
G-MB-G-MV_04,MB-G-MV_04,G-MB-G-MV,Gaica,Gaica mbd,2016-09-20,16-17,2016,9,20,264,4,07:55:00,00:00:00,1,6,1,Early,1,1,"Yuri Rosero-Mora, Robert Rodriguez",NA,NA,NA,78.98623853211,25.4
G-MB-G-MV_04,MB-G-MV_04,G-MB-G-MV,Gaica,Gaica mbd,2016-09-21,16-17,2016,9,21,265,5,07:10:00,00:00:00,1,6,2,Early,2,1,"Yuri Rosero-Mora, Robert Rodriguez",NA,NA,NA,78.98623853211,25.4
G-MB-G-MV_04,MB-G-MV_04,G-MB-G-MV,Gaica,Gaica mbd,2016-09-22,16-17,2016,9,22,266,6,06:42:00,00:00:00,1,6,3,Early,3,1,"Yuri Rosero-Mora, Robert Rodriguez",NA,NA,NA,78.98623853211,25.4
G-MB-G-MV_04,MB-G-MV_04,G-MB-G-MV,Gaica,Gaica mbd,2017-04-22,16-17,2017,4,22,112,39,07:35:00,00:00:00,1,6,4,Late,1,1,"Yuri Rosero-Mora, Robert Rodriguez",NA,NA,NA,79.52366006760018,25.4
G-MB-G-MV_04,MB-G-MV_04,G-MB-G-MV,Gaica,Gaica mbd,2017-04-23,16-17,2017,4,23,113,40,07:10:00,00:00:00,1,6,5,Late,2,1,"Yuri Rosero-Mora, Robert Rodriguez",NA,NA,NA,79.52366006760018,25.4
G-MB-G-MV_04,MB-G-MV_04,G-MB-G-MV,Gaica,Gaica mbd,2017-04-24,16-17,2017,4,24,114,41,07:15:00,00:00:00,1,6,6,Late,3,1,"Yuri Rosero-Mora, Robert Rodriguez",NA,NA,NA,79.52366006760018,25.4
G-MB-G-MV_05,MB-G-MV_05,G-MB-G-MV,Gaica,Gaica mbd,2016-09-20,16-17,2016,9,20,264,4,08:25:00,00:00:00,1,6,1,Early,1,1,"Yuri Rosero-Mora, Robert Rodriguez",NA,NA,NA,78.90961817303048,23.9
G-MB-G-MV_05,MB-G-MV_05,G-MB-G-MV,Gaica,Gaica mbd,2016-09-21,16-17,2016,9,21,265,5,06:50:00,00:00:00,1,6,2,Early,2,1,"Yuri Rosero-Mora, Robert Rodriguez",NA,NA,NA,78.90961817303048,23.9
G-MB-G-MV_05,MB-G-MV_05,G-MB-G-MV,Gaica,Gaica mbd,2016-09-22,16-17,2016,9,22,266,6,06:20:00,00:00:00,1,6,3,Early,3,1,"Yuri Rosero-Mora, Robert Rodriguez",NA,NA,NA,78.90961817303048,23.9
G-MB-G-MV_05,MB-G-MV_05,G-MB-G-MV,Gaica,Gaica mbd,2017-04-22,16-17,2017,4,22,112,39,08:00:00,00:00:00,1,6,4,Late,1,1,"Yuri Rosero-Mora, Robert Rodriguez",NA,NA,NA,79.68438859352358,23.9
G-MB-G-MV_05,MB-G-MV_05,G-MB-G-MV,Gaica,Gaica mbd,2017-04-23,16-17,2017,4,23,113,40,07:35:00,00:00:00,1,6,5,Late,2,1,"Yuri Rosero-Mora, Robert Rodriguez",NA,NA,NA,79.68438859352358,23.9
G-MB-G-MV_05,MB-G-MV_05,G-MB-G-MV,Gaica,Gaica mbd,2017-04-24,16-17,2017,4,24,114,41,07:35:00,00:00:00,1,6,6,Late,3,1,"Yuri Rosero-Mora, Robert Rodriguez",NA,NA,NA,79.68438859352358,23.9
G-MB-G-MV_06,MB-G-MV_06,G-MB-G-MV,Gaica,Gaica mbd,2016-09-20,16-17,2016,9,20,264,4,08:45:00,00:00:00,1,6,1,Early,1,1,"Yuri Rosero-Mora, Robert Rodriguez",NA,NA,NA,79.0041042974409,22
G-MB-G-MV_06,MB-G-MV_06,G-MB-G-MV,Gaica,Gaica mbd,2016-09-21,16-17,2016,9,21,265,5,06:10:00,00:00:00,1,6,2,Early,2,1,"Yuri Rosero-Mora, Robert Rodriguez",NA,NA,NA,79.0041042974409,22
G-MB-G-MV_06,MB-G-MV_06,G-MB-G-MV,Gaica,Gaica mbd,2016-09-22,16-17,2016,9,22,266,6,05:57:00,00:00:00,1,6,3,Early,3,1,"Yuri Rosero-Mora, Robert Rodriguez",NA,NA,NA,79.0041042974409,22
G-MB-G-MV_06,MB-G-MV_06,G-MB-G-MV,Gaica,Gaica mbd,2017-04-22,16-17,2017,4,22,112,39,08:25:00,00:00:00,1,6,4,Late,1,1,"Yuri Rosero-Mora, Robert Rodriguez",NA,NA,NA,79.77233220666369,22
G-MB-G-MV_06,MB-G-MV_06,G-MB-G-MV,Gaica,Gaica mbd,2017-04-23,16-17,2017,4,23,113,40,08:00:00,00:00:00,1,6,5,Late,2,1,"Yuri Rosero-Mora, Robert Rodriguez",NA,NA,NA,79.77233220666369,22
G-MB-G-MV_06,MB-G-MV_06,G-MB-G-MV,Gaica,Gaica mbd,2017-04-24,16-17,2017,4,24,114,41,08:00:00,00:00:00,1,6,6,Late,3,1,"Yuri Rosero-Mora, Robert Rodriguez",NA,NA,NA,79.77233220666369,22
G-MB-M-A_01-A,MB-M-A_01-A,G-MB-M-A,Gaica,Gaica mbd,2013-06-02,13-14,2013,6,2,153,10,06:05:00,00:00:00,4,12,1,Early,1,1,"Ronald Fernandez-Gomez, Yuri Rosero-Mora",NA,NA,NA,32.02286697811634,18.5
G-MB-M-A_01-A,MB-M-A_01-A,G-MB-M-A,Gaica,Gaica mbd,2013-06-03,13-14,2013,6,3,154,11,07:10:00,00:00:00,4,12,2,Early,2,1,"Ronald Fernandez-Gomez, Yuri Rosero-Mora",NA,NA,NA,32.02286697811634,18.5
G-MB-M-A_01-A,MB-M-A_01-A,G-MB-M-A,Gaica,Gaica mbd,2013-06-04,13-14,2013,6,4,155,12,05:40:00,00:00:00,4,12,3,Early,3,1,"Ronald Fernandez-Gomez, Yuri Rosero-Mora",NA,NA,NA,32.02286697811634,18.5
G-MB-M-A_01-A,MB-M-A_01-A,G-MB-M-A,Gaica,Gaica mbd,2013-06-05,13-14,2013,6,5,156,13,05:55:00,00:00:00,4,12,4,Early,4,1,"Ronald Fernandez-Gomez, Yuri Rosero-Mora",NA,NA,NA,32.02286697811634,18.5
G-MB-M-A_01-A,MB-M-A_01-A,G-MB-M-A,Gaica,Gaica mbd,2013-09-11,13-14,2013,9,11,254,30,05:57:00,00:00:00,4,12,5,Late,1,1,"Ronald Fernandez-Gomez, Yuri Rosero-Mora",NA,NA,NA,32.02286697811634,18.5
G-MB-M-A_01-A,MB-M-A_01-A,G-MB-M-A,Gaica,Gaica mbd,2013-09-12,13-14,2013,9,12,255,31,06:16:00,00:00:00,4,12,6,Late,2,1,"Ronald Fernandez-Gomez, Yuri Rosero-Mora",NA,NA,NA,32.02286697811634,18.5
G-MB-M-A_01-A,MB-M-A_01-A,G-MB-M-A,Gaica,Gaica mbd,2013-09-13,13-14,2013,9,13,256,32,06:10:00,00:00:00,4,12,7,Late,3,1,"Ronald Fernandez-Gomez, Yuri Rosero-Mora",NA,NA,NA,32.02286697811634,18.5
G-MB-M-A_01-A,MB-M-A_01-A,G-MB-M-A,Gaica,Gaica mbd,2013-09-14,13-14,2013,9,14,257,33,06:01:00,00:00:00,4,12,8,Late,4,1,"Ronald Fernandez-Gomez, Yuri Rosero-Mora",NA,NA,NA,32.02286697811634,18.5
G-MB-M-A_01-A,MB-M-A_01-A,G-MB-M-A,Gaica,Gaica mbd,2017-12-02,16-17,2017,12,2,336,135,05:55:00,00:00:00,4,12,1,Early,1,1,"Yuri Rosero-Mora, Robert Rodriguez",NA,NA,NA,32.684779936070875,18.5
G-MB-M-A_01-A,MB-M-A_01-A,G-MB-M-A,Gaica,Gaica mbd,2017-12-03,16-17,2017,12,3,337,136,06:23:00,00:00:00,4,12,2,Early,2,1,"Yuri Rosero-Mora, Robert Rodriguez",NA,NA,NA,32.684779936070875,18.5
G-MB-M-A_01-A,MB-M-A_01-A,G-MB-M-A,Gaica,Gaica mbd,2017-12-04,16-17,2017,12,4,338,137,06:40:00,00:00:00,4,12,3,Early,3,1,"Yuri Rosero-Mora, Robert Rodriguez",NA,NA,NA,32.684779936070875,18.5
G-MB-M-A_01-A,MB-M-A_01-A,G-MB-M-A,Gaica,Gaica mbd,2017-12-05,16-17,2017,12,5,339,138,06:16:00,00:00:00,4,12,4,Early,4,1,"Yuri Rosero-Mora, Robert Rodriguez",NA,NA,NA,32.684779936070875,18.5
G-MB-M-A_01-B,MB-M-A_01-B,G-MB-M-A,Gaica,Gaica mbd,2013-05-29,13-14,2013,5,29,149,6,05:40:00,00:00:00,4,12,1,Early,1,1,"Ronald Fernandez-Gomez, Yuri Rosero-Mora",NA,NA,NA,26.910985777342557,17.4
G-MB-M-A_01-B,MB-M-A_01-B,G-MB-M-A,Gaica,Gaica mbd,2013-05-30,13-14,2013,5,30,150,7,05:30:00,00:00:00,4,12,2,Early,2,1,"Ronald Fernandez-Gomez, Yuri Rosero-Mora",NA,NA,NA,26.910985777342557,17.4
G-MB-M-A_01-B,MB-M-A_01-B,G-MB-M-A,Gaica,Gaica mbd,2013-05-31,13-14,2013,5,31,151,8,05:50:00,00:00:00,4,12,3,Early,3,1,"Ronald Fernandez-Gomez, Yuri Rosero-Mora",NA,NA,NA,26.910985777342557,17.4
G-MB-M-A_01-B,MB-M-A_01-B,G-MB-M-A,Gaica,Gaica mbd,2013-06-01,13-14,2013,6,1,152,9,05:40:00,00:00:00,4,12,4,Early,4,1,"Ronald Fernandez-Gomez, Yuri Rosero-Mora",NA,NA,NA,26.910985777342557,17.4
G-MB-M-A_01-B,MB-M-A_01-B,G-MB-M-A,Gaica,Gaica mbd,2013-09-07,13-14,2013,9,7,250,26,05:45:00,00:00:00,4,12,5,Late,1,1,"Ronald Fernandez-Gomez, Yuri Rosero-Mora",NA,NA,NA,26.910985777342557,17.4
G-MB-M-A_01-B,MB-M-A_01-B,G-MB-M-A,Gaica,Gaica mbd,2013-09-08,13-14,2013,9,8,251,27,06:02:00,00:00:00,4,12,6,Late,2,1,"Ronald Fernandez-Gomez, Yuri Rosero-Mora",NA,NA,NA,26.910985777342557,17.4
G-MB-M-A_01-B,MB-M-A_01-B,G-MB-M-A,Gaica,Gaica mbd,2013-09-09,13-14,2013,9,9,252,28,05:43:00,00:00:00,4,12,7,Late,3,1,"Ronald Fernandez-Gomez, Yuri Rosero-Mora",NA,NA,NA,26.910985777342557,17.4
G-MB-M-A_01-B,MB-M-A_01-B,G-MB-M-A,Gaica,Gaica mbd,2013-09-10,13-14,2013,9,10,253,29,05:50:00,00:00:00,4,12,8,Late,4,1,"Ronald Fernandez-Gomez, Yuri Rosero-Mora",NA,NA,NA,26.910985777342557,17.4
G-MB-M-A_01-B,MB-M-A_01-B,G-MB-M-A,Gaica,Gaica mbd,2017-12-02,16-17,2017,12,2,336,135,06:20:00,00:00:00,4,12,1,Early,1,1,"Yuri Rosero-Mora, Robert Rodriguez",NA,NA,NA,26.61819519372241,17.4
G-MB-M-A_01-B,MB-M-A_01-B,G-MB-M-A,Gaica,Gaica mbd,2017-12-03,16-17,2017,12,3,337,136,05:55:00,00:00:00,4,12,2,Early,2,1,"Yuri Rosero-Mora, Robert Rodriguez",NA,NA,NA,26.61819519372241,17.4
G-MB-M-A_01-B,MB-M-A_01-B,G-MB-M-A,Gaica,Gaica mbd,2017-12-04,16-17,2017,12,4,338,137,06:06:00,00:00:00,4,12,3,Early,3,1,"Yuri Rosero-Mora, Robert Rodriguez",NA,NA,NA,26.61819519372241,17.4
G-MB-M-A_01-B,MB-M-A_01-B,G-MB-M-A,Gaica,Gaica mbd,2017-12-05,16-17,2017,12,5,339,138,06:00:00,00:00:00,4,12,4,Early,4,1,"Yuri Rosero-Mora, Robert Rodriguez",NA,NA,NA,26.61819519372241,17.4
G-MB-M-A_02-A,MB-M-A_02-A,G-MB-M-A,Gaica,Gaica mbd,2013-06-02,13-14,2013,6,2,153,10,06:25:00,00:00:00,4,12,1,Early,1,1,"Ronald Fernandez-Gomez, Yuri Rosero-Mora",NA,NA,NA,32.79323031640922,24.4
G-MB-M-A_02-A,MB-M-A_02-A,G-MB-M-A,Gaica,Gaica mbd,2013-06-03,13-14,2013,6,3,154,11,07:35:00,00:00:00,4,12,2,Early,2,1,"Ronald Fernandez-Gomez, Yuri Rosero-Mora",NA,NA,NA,32.79323031640922,24.4
G-MB-M-A_02-A,MB-M-A_02-A,G-MB-M-A,Gaica,Gaica mbd,2013-06-04,13-14,2013,6,4,155,12,08:17:00,00:00:00,4,12,3,Early,3,1,"Ronald Fernandez-Gomez, Yuri Rosero-Mora",NA,NA,NA,32.79323031640922,24.4
G-MB-M-A_02-A,MB-M-A_02-A,G-MB-M-A,Gaica,Gaica mbd,2013-06-05,13-14,2013,6,5,156,13,06:15:00,00:00:00,4,12,4,Early,4,1,"Ronald Fernandez-Gomez, Yuri Rosero-Mora",NA,NA,NA,32.79323031640922,24.4
G-MB-M-A_02-A,MB-M-A_02-A,G-MB-M-A,Gaica,Gaica mbd,2013-09-11,13-14,2013,9,11,254,30,06:16:00,00:00:00,4,12,5,Late,1,1,"Ronald Fernandez-Gomez, Yuri Rosero-Mora",NA,NA,NA,32.79323031640922,24.4
G-MB-M-A_02-A,MB-M-A_02-A,G-MB-M-A,Gaica,Gaica mbd,2013-09-12,13-14,2013,9,12,255,31,06:35:00,00:00:00,4,12,6,Late,2,1,"Ronald Fernandez-Gomez, Yuri Rosero-Mora",NA,NA,NA,32.79323031640922,24.4
G-MB-M-A_02-A,MB-M-A_02-A,G-MB-M-A,Gaica,Gaica mbd,2013-09-13,13-14,2013,9,13,256,32,06:33:00,00:00:00,4,12,7,Late,3,1,"Ronald Fernandez-Gomez, Yuri Rosero-Mora",NA,NA,NA,32.79323031640922,24.4
G-MB-M-A_02-A,MB-M-A_02-A,G-MB-M-A,Gaica,Gaica mbd,2013-09-14,13-14,2013,9,14,257,33,06:30:00,00:00:00,4,12,8,Late,4,1,"Ronald Fernandez-Gomez, Yuri Rosero-Mora",NA,NA,NA,32.79323031640922,24.4
G-MB-M-A_02-A,MB-M-A_02-A,G-MB-M-A,Gaica,Gaica mbd,2017-12-02,16-17,2017,12,2,336,135,06:20:00,00:00:00,4,12,1,Early,1,1,"Yuri Rosero-Mora, Robert Rodriguez",NA,NA,NA,33.61712043168995,24.4
G-MB-M-A_02-A,MB-M-A_02-A,G-MB-M-A,Gaica,Gaica mbd,2017-12-03,16-17,2017,12,3,337,136,06:48:00,00:00:00,4,12,2,Early,2,1,"Yuri Rosero-Mora, Robert Rodriguez",NA,NA,NA,33.61712043168995,24.4
G-MB-M-A_02-A,MB-M-A_02-A,G-MB-M-A,Gaica,Gaica mbd,2017-12-04,16-17,2017,12,4,338,137,07:20:00,00:00:00,4,12,3,Early,3,1,"Yuri Rosero-Mora, Robert Rodriguez",NA,NA,NA,33.61712043168995,24.4
G-MB-M-A_02-A,MB-M-A_02-A,G-MB-M-A,Gaica,Gaica mbd,2017-12-05,16-17,2017,12,5,339,138,06:30:00,00:00:00,4,12,4,Early,4,1,"Yuri Rosero-Mora, Robert Rodriguez",NA,NA,NA,33.61712043168995,24.4
G-MB-M-A_02-B,MB-M-A_02-B,G-MB-M-A,Gaica,Gaica mbd,2013-05-29,13-14,2013,5,29,149,6,06:05:00,00:00:00,4,12,1,Early,1,1,"Ronald Fernandez-Gomez, Yuri Rosero-Mora",NA,NA,NA,30.483402999753704,17
G-MB-M-A_02-B,MB-M-A_02-B,G-MB-M-A,Gaica,Gaica mbd,2013-05-30,13-14,2013,5,30,150,7,05:55:00,00:00:00,4,12,2,Early,2,1,"Ronald Fernandez-Gomez, Yuri Rosero-Mora",NA,NA,NA,30.483402999753704,17
G-MB-M-A_02-B,MB-M-A_02-B,G-MB-M-A,Gaica,Gaica mbd,2013-05-31,13-14,2013,5,31,151,8,06:15:00,00:00:00,4,12,3,Early,3,1,"Ronald Fernandez-Gomez, Yuri Rosero-Mora",NA,NA,NA,30.483402999753704,17
G-MB-M-A_02-B,MB-M-A_02-B,G-MB-M-A,Gaica,Gaica mbd,2013-06-01,13-14,2013,6,1,152,9,06:06:00,00:00:00,4,12,4,Early,4,1,"Ronald Fernandez-Gomez, Yuri Rosero-Mora",NA,NA,NA,30.483402999753704,17
G-MB-M-A_02-B,MB-M-A_02-B,G-MB-M-A,Gaica,Gaica mbd,2013-09-07,13-14,2013,9,7,250,26,06:10:00,00:00:00,4,12,5,Late,1,1,"Ronald Fernandez-Gomez, Yuri Rosero-Mora",NA,NA,NA,30.483402999753704,17
G-MB-M-A_02-B,MB-M-A_02-B,G-MB-M-A,Gaica,Gaica mbd,2013-09-08,13-14,2013,9,8,251,27,06:22:00,00:00:00,4,12,6,Late,2,1,"Ronald Fernandez-Gomez, Yuri Rosero-Mora",NA,NA,NA,30.483402999753704,17
G-MB-M-A_02-B,MB-M-A_02-B,G-MB-M-A,Gaica,Gaica mbd,2013-09-09,13-14,2013,9,9,252,28,06:05:00,00:00:00,4,12,7,Late,3,1,"Ronald Fernandez-Gomez, Yuri Rosero-Mora",NA,NA,NA,30.483402999753704,17
G-MB-M-A_02-B,MB-M-A_02-B,G-MB-M-A,Gaica,Gaica mbd,2013-09-10,13-14,2013,9,10,253,29,06:12:00,00:00:00,4,12,8,Late,4,1,"Ronald Fernandez-Gomez, Yuri Rosero-Mora",NA,NA,NA,30.483402999753704,17
G-MB-M-A_02-B,MB-M-A_02-B,G-MB-M-A,Gaica,Gaica mbd,2017-12-02,16-17,2017,12,2,336,135,06:38:00,00:00:00,4,12,1,Early,1,1,"Yuri Rosero-Mora, Robert Rodriguez",NA,NA,NA,30.384558642734213,17
G-MB-M-A_02-B,MB-M-A_02-B,G-MB-M-A,Gaica,Gaica mbd,2017-12-03,16-17,2017,12,3,337,136,06:20:00,00:00:00,4,12,2,Early,2,1,"Yuri Rosero-Mora, Robert Rodriguez",NA,NA,NA,30.384558642734213,17
G-MB-M-A_02-B,MB-M-A_02-B,G-MB-M-A,Gaica,Gaica mbd,2017-12-04,16-17,2017,12,4,338,137,06:25:00,00:00:00,4,12,3,Early,3,1,"Yuri Rosero-Mora, Robert Rodriguez",NA,NA,NA,30.384558642734213,17
G-MB-M-A_02-B,MB-M-A_02-B,G-MB-M-A,Gaica,Gaica mbd,2017-12-05,16-17,2017,12,5,339,138,06:24:00,00:00:00,4,12,4,Early,4,1,"Yuri Rosero-Mora, Robert Rodriguez",NA,NA,NA,30.384558642734213,17
G-MB-M-A_03-A,MB-M-A_03-A,G-MB-M-A,Gaica,Gaica mbd,2013-06-02,13-14,2013,6,2,153,10,06:55:00,00:00:00,4,12,1,Early,1,1,"Ronald Fernandez-Gomez, Yuri Rosero-Mora",NA,NA,NA,34.902648357037705,24.2
G-MB-M-A_03-A,MB-M-A_03-A,G-MB-M-A,Gaica,Gaica mbd,2013-06-03,13-14,2013,6,3,154,11,08:05:00,00:00:00,4,12,2,Early,2,1,"Ronald Fernandez-Gomez, Yuri Rosero-Mora",NA,NA,NA,34.902648357037705,24.2
G-MB-M-A_03-A,MB-M-A_03-A,G-MB-M-A,Gaica,Gaica mbd,2013-06-04,13-14,2013,6,4,155,12,07:38:00,00:00:00,4,12,3,Early,3,1,"Ronald Fernandez-Gomez, Yuri Rosero-Mora",NA,NA,NA,34.902648357037705,24.2
G-MB-M-A_03-A,MB-M-A_03-A,G-MB-M-A,Gaica,Gaica mbd,2013-06-05,13-14,2013,6,5,156,13,06:55:00,00:00:00,4,12,4,Early,4,1,"Ronald Fernandez-Gomez, Yuri Rosero-Mora",NA,NA,NA,34.902648357037705,24.2
G-MB-M-A_03-A,MB-M-A_03-A,G-MB-M-A,Gaica,Gaica mbd,2013-09-11,13-14,2013,9,11,254,30,06:51:00,00:00:00,4,12,5,Late,1,1,"Ronald Fernandez-Gomez, Yuri Rosero-Mora",NA,NA,NA,34.902648357037705,24.2
G-MB-M-A_03-A,MB-M-A_03-A,G-MB-M-A,Gaica,Gaica mbd,2013-09-12,13-14,2013,9,12,255,31,07:05:00,00:00:00,4,12,6,Late,2,1,"Ronald Fernandez-Gomez, Yuri Rosero-Mora",NA,NA,NA,34.902648357037705,24.2
G-MB-M-A_03-A,MB-M-A_03-A,G-MB-M-A,Gaica,Gaica mbd,2013-09-13,13-14,2013,9,13,256,32,07:10:00,00:00:00,4,12,7,Late,3,1,"Ronald Fernandez-Gomez, Yuri Rosero-Mora",NA,NA,NA,34.902648357037705,24.2
G-MB-M-A_03-A,MB-M-A_03-A,G-MB-M-A,Gaica,Gaica mbd,2013-09-14,13-14,2013,9,14,257,33,06:57:00,00:00:00,4,12,8,Late,4,1,"Ronald Fernandez-Gomez, Yuri Rosero-Mora",NA,NA,NA,34.902648357037705,24.2
G-MB-M-A_03-A,MB-M-A_03-A,G-MB-M-A,Gaica,Gaica mbd,2017-12-02,16-17,2017,12,2,336,135,06:51:00,00:00:00,4,12,1,Early,1,1,"Yuri Rosero-Mora, Robert Rodriguez",NA,NA,NA,36.17900931829316,24.2
G-MB-M-A_03-A,MB-M-A_03-A,G-MB-M-A,Gaica,Gaica mbd,2017-12-03,16-17,2017,12,3,337,136,07:15:00,00:00:00,4,12,2,Early,2,1,"Yuri Rosero-Mora, Robert Rodriguez",NA,NA,NA,36.17900931829316,24.2
G-MB-M-A_03-A,MB-M-A_03-A,G-MB-M-A,Gaica,Gaica mbd,2017-12-04,16-17,2017,12,4,338,137,07:45:00,00:00:00,4,12,3,Early,3,1,"Yuri Rosero-Mora, Robert Rodriguez",NA,NA,NA,36.17900931829316,24.2
G-MB-M-A_03-A,MB-M-A_03-A,G-MB-M-A,Gaica,Gaica mbd,2017-12-05,16-17,2017,12,5,339,138,06:48:00,00:00:00,4,12,4,Early,4,1,"Yuri Rosero-Mora, Robert Rodriguez",NA,NA,NA,36.17900931829316,24.2
G-MB-M-A_03-B,MB-M-A_03-B,G-MB-M-A,Gaica,Gaica mbd,2013-05-29,13-14,2013,5,29,149,6,06:30:00,00:00:00,4,12,1,Early,1,1,"Ronald Fernandez-Gomez, Yuri Rosero-Mora",NA,NA,NA,32.813343144468575,23.7
G-MB-M-A_03-B,MB-M-A_03-B,G-MB-M-A,Gaica,Gaica mbd,2013-05-30,13-14,2013,5,30,150,7,06:25:00,00:00:00,4,12,2,Early,2,1,"Ronald Fernandez-Gomez, Yuri Rosero-Mora",NA,NA,NA,32.813343144468575,23.7
G-MB-M-A_03-B,MB-M-A_03-B,G-MB-M-A,Gaica,Gaica mbd,2013-05-31,13-14,2013,5,31,151,8,06:47:00,00:00:00,4,12,3,Early,3,1,"Ronald Fernandez-Gomez, Yuri Rosero-Mora",NA,NA,NA,32.813343144468575,23.7
G-MB-M-A_03-B,MB-M-A_03-B,G-MB-M-A,Gaica,Gaica mbd,2013-06-01,13-14,2013,6,1,152,9,06:30:00,00:00:00,4,12,4,Early,4,1,"Ronald Fernandez-Gomez, Yuri Rosero-Mora",NA,NA,NA,32.813343144468575,23.7
G-MB-M-A_03-B,MB-M-A_03-B,G-MB-M-A,Gaica,Gaica mbd,2013-09-07,13-14,2013,9,7,250,26,06:37:00,00:00:00,4,12,5,Late,1,1,"Ronald Fernandez-Gomez, Yuri Rosero-Mora",NA,NA,NA,32.813343144468575,23.7
G-MB-M-A_03-B,MB-M-A_03-B,G-MB-M-A,Gaica,Gaica mbd,2013-09-08,13-14,2013,9,8,251,27,06:40:00,00:00:00,4,12,6,Late,2,1,"Ronald Fernandez-Gomez, Yuri Rosero-Mora",NA,NA,NA,32.813343144468575,23.7
G-MB-M-A_03-B,MB-M-A_03-B,G-MB-M-A,Gaica,Gaica mbd,2013-09-09,13-14,2013,9,9,252,28,06:28:00,00:00:00,4,12,7,Late,3,1,"Ronald Fernandez-Gomez, Yuri Rosero-Mora",NA,NA,NA,32.813343144468575,23.7
G-MB-M-A_03-B,MB-M-A_03-B,G-MB-M-A,Gaica,Gaica mbd,2013-09-10,13-14,2013,9,10,253,29,06:40:00,00:00:00,4,12,8,Late,4,1,"Ronald Fernandez-Gomez, Yuri Rosero-Mora",NA,NA,NA,32.813343144468575,23.7
G-MB-M-A_03-B,MB-M-A_03-B,G-MB-M-A,Gaica,Gaica mbd,2017-12-02,16-17,2017,12,2,336,135,06:55:00,00:00:00,4,12,1,Early,1,1,"Yuri Rosero-Mora, Robert Rodriguez",NA,NA,NA,32.89158695118901,23.7
G-MB-M-A_03-B,MB-M-A_03-B,G-MB-M-A,Gaica,Gaica mbd,2017-12-03,16-17,2017,12,3,337,136,06:35:00,00:00:00,4,12,2,Early,2,1,"Yuri Rosero-Mora, Robert Rodriguez",NA,NA,NA,32.89158695118901,23.7
G-MB-M-A_03-B,MB-M-A_03-B,G-MB-M-A,Gaica,Gaica mbd,2017-12-04,16-17,2017,12,4,338,137,06:38:00,00:00:00,4,12,3,Early,3,1,"Yuri Rosero-Mora, Robert Rodriguez",NA,NA,NA,32.89158695118901,23.7
G-MB-M-A_03-B,MB-M-A_03-B,G-MB-M-A,Gaica,Gaica mbd,2017-12-05,16-17,2017,12,5,339,138,06:45:00,00:00:00,4,12,4,Early,4,1,"Yuri Rosero-Mora, Robert Rodriguez",NA,NA,NA,32.89158695118901,23.7
G-MB-M-A_04-A,MB-M-A_04-A,G-MB-M-A,Gaica,Gaica mbd,2013-06-02,13-14,2013,6,2,153,10,07:20:00,00:00:00,4,12,1,Early,1,1,"Ronald Fernandez-Gomez, Yuri Rosero-Mora",NA,NA,NA,33.057654563297206,23.8
G-MB-M-A_04-A,MB-M-A_04-A,G-MB-M-A,Gaica,Gaica mbd,2013-06-03,13-14,2013,6,3,154,11,08:30:00,00:00:00,4,12,2,Early,2,1,"Ronald Fernandez-Gomez, Yuri Rosero-Mora",NA,NA,NA,33.057654563297206,23.8
G-MB-M-A_04-A,MB-M-A_04-A,G-MB-M-A,Gaica,Gaica mbd,2013-06-04,13-14,2013,6,4,155,12,07:15:00,00:00:00,4,12,3,Early,3,1,"Ronald Fernandez-Gomez, Yuri Rosero-Mora",NA,NA,NA,33.057654563297206,23.8
G-MB-M-A_04-A,MB-M-A_04-A,G-MB-M-A,Gaica,Gaica mbd,2013-06-05,13-14,2013,6,5,156,13,07:28:00,00:00:00,4,12,4,Early,4,1,"Ronald Fernandez-Gomez, Yuri Rosero-Mora",NA,NA,NA,33.057654563297206,23.8
G-MB-M-A_04-A,MB-M-A_04-A,G-MB-M-A,Gaica,Gaica mbd,2013-09-11,13-14,2013,9,11,254,30,07:15:00,00:00:00,4,12,5,Late,1,1,"Ronald Fernandez-Gomez, Yuri Rosero-Mora",NA,NA,NA,33.057654563297206,23.8
G-MB-M-A_04-A,MB-M-A_04-A,G-MB-M-A,Gaica,Gaica mbd,2013-09-12,13-14,2013,9,12,255,31,07:25:00,00:00:00,4,12,6,Late,2,1,"Ronald Fernandez-Gomez, Yuri Rosero-Mora",NA,NA,NA,33.057654563297206,23.8
G-MB-M-A_04-A,MB-M-A_04-A,G-MB-M-A,Gaica,Gaica mbd,2013-09-13,13-14,2013,9,13,256,32,07:25:00,00:00:00,4,12,7,Late,3,1,"Ronald Fernandez-Gomez, Yuri Rosero-Mora",NA,NA,NA,33.057654563297206,23.8
G-MB-M-A_04-A,MB-M-A_04-A,G-MB-M-A,Gaica,Gaica mbd,2013-09-14,13-14,2013,9,14,257,33,07:22:00,00:00:00,4,12,8,Late,4,1,"Ronald Fernandez-Gomez, Yuri Rosero-Mora",NA,NA,NA,33.057654563297206,23.8
G-MB-M-A_04-A,MB-M-A_04-A,G-MB-M-A,Gaica,Gaica mbd,2017-12-02,16-17,2017,12,2,336,135,07:17:00,00:00:00,4,12,1,Early,1,1,"Yuri Rosero-Mora, Robert Rodriguez",NA,NA,NA,34.263002944062954,23.8
G-MB-M-A_04-A,MB-M-A_04-A,G-MB-M-A,Gaica,Gaica mbd,2017-12-03,16-17,2017,12,3,337,136,07:30:00,00:00:00,4,12,2,Early,2,1,"Yuri Rosero-Mora, Robert Rodriguez",NA,NA,NA,34.263002944062954,23.8
G-MB-M-A_04-A,MB-M-A_04-A,G-MB-M-A,Gaica,Gaica mbd,2017-12-04,16-17,2017,12,4,338,137,08:00:00,00:00:00,4,12,3,Early,3,1,"Yuri Rosero-Mora, Robert Rodriguez",NA,NA,NA,34.263002944062954,23.8
G-MB-M-A_04-A,MB-M-A_04-A,G-MB-M-A,Gaica,Gaica mbd,2017-12-05,16-17,2017,12,5,339,138,07:10:00,00:00:00,4,12,4,Early,4,1,"Yuri Rosero-Mora, Robert Rodriguez",NA,NA,NA,34.263002944062954,23.8
G-MB-M-A_04-B,MB-M-A_04-B,G-MB-M-A,Gaica,Gaica mbd,2013-05-29,13-14,2013,5,29,149,6,07:10:00,00:00:00,4,12,1,Early,1,1,"Ronald Fernandez-Gomez, Yuri Rosero-Mora",NA,NA,NA,34.86190826588195,23.2
G-MB-M-A_04-B,MB-M-A_04-B,G-MB-M-A,Gaica,Gaica mbd,2013-05-30,13-14,2013,5,30,150,7,06:55:00,00:00:00,4,12,2,Early,2,1,"Ronald Fernandez-Gomez, Yuri Rosero-Mora",NA,NA,NA,34.86190826588195,23.2
G-MB-M-A_04-B,MB-M-A_04-B,G-MB-M-A,Gaica,Gaica mbd,2013-05-31,13-14,2013,5,31,151,8,07:08:00,00:00:00,4,12,3,Early,3,1,"Ronald Fernandez-Gomez, Yuri Rosero-Mora",NA,NA,NA,34.86190826588195,23.2
G-MB-M-A_04-B,MB-M-A_04-B,G-MB-M-A,Gaica,Gaica mbd,2013-06-01,13-14,2013,6,1,152,9,07:05:00,00:00:00,4,12,4,Early,4,1,"Ronald Fernandez-Gomez, Yuri Rosero-Mora",NA,NA,NA,34.86190826588195,23.2
G-MB-M-A_04-B,MB-M-A_04-B,G-MB-M-A,Gaica,Gaica mbd,2013-09-07,13-14,2013,9,7,250,26,07:00:00,00:00:00,4,12,5,Late,1,1,"Ronald Fernandez-Gomez, Yuri Rosero-Mora",NA,NA,NA,34.86190826588195,23.2
G-MB-M-A_04-B,MB-M-A_04-B,G-MB-M-A,Gaica,Gaica mbd,2013-09-08,13-14,2013,9,8,251,27,07:05:00,00:00:00,4,12,6,Late,2,1,"Ronald Fernandez-Gomez, Yuri Rosero-Mora",NA,NA,NA,34.86190826588195,23.2
G-MB-M-A_04-B,MB-M-A_04-B,G-MB-M-A,Gaica,Gaica mbd,2013-09-09,13-14,2013,9,9,252,28,07:00:00,00:00:00,4,12,7,Late,3,1,"Ronald Fernandez-Gomez, Yuri Rosero-Mora",NA,NA,NA,34.86190826588195,23.2
G-MB-M-A_04-B,MB-M-A_04-B,G-MB-M-A,Gaica,Gaica mbd,2013-09-10,13-14,2013,9,10,253,29,07:14:00,00:00:00,4,12,8,Late,4,1,"Ronald Fernandez-Gomez, Yuri Rosero-Mora",NA,NA,NA,34.86190826588195,23.2
G-MB-M-A_04-B,MB-M-A_04-B,G-MB-M-A,Gaica,Gaica mbd,2017-12-02,16-17,2017,12,2,336,135,07:10:00,00:00:00,4,12,1,Early,1,1,"Yuri Rosero-Mora, Robert Rodriguez",NA,NA,NA,35.184449350011754,23.2
G-MB-M-A_04-B,MB-M-A_04-B,G-MB-M-A,Gaica,Gaica mbd,2017-12-03,16-17,2017,12,3,337,136,06:55:00,00:00:00,4,12,2,Early,2,1,"Yuri Rosero-Mora, Robert Rodriguez",NA,NA,NA,35.184449350011754,23.2
G-MB-M-A_04-B,MB-M-A_04-B,G-MB-M-A,Gaica,Gaica mbd,2017-12-04,16-17,2017,12,4,338,137,06:55:00,00:00:00,4,12,3,Early,3,1,"Yuri Rosero-Mora, Robert Rodriguez",NA,NA,NA,35.184449350011754,23.2
G-MB-M-A_04-B,MB-M-A_04-B,G-MB-M-A,Gaica,Gaica mbd,2017-12-05,16-17,2017,12,5,339,138,07:01:00,00:00:00,4,12,4,Early,4,1,"Yuri Rosero-Mora, Robert Rodriguez",NA,NA,NA,35.184449350011754,23.2
G-MB-M-A_05-A,MB-M-A_05-A,G-MB-M-A,Gaica,Gaica mbd,2013-06-02,13-14,2013,6,2,153,10,07:50:00,00:00:00,4,12,1,Early,1,1,"Ronald Fernandez-Gomez, Yuri Rosero-Mora",NA,NA,NA,31.5749325484424,18.2
G-MB-M-A_05-A,MB-M-A_05-A,G-MB-M-A,Gaica,Gaica mbd,2013-06-03,13-14,2013,6,3,154,11,09:30:00,00:00:00,4,12,2,Early,2,1,"Ronald Fernandez-Gomez, Yuri Rosero-Mora",NA,NA,NA,31.5749325484424,18.2
G-MB-M-A_05-A,MB-M-A_05-A,G-MB-M-A,Gaica,Gaica mbd,2013-06-04,13-14,2013,6,4,155,12,06:35:00,00:00:00,4,12,3,Early,3,1,"Ronald Fernandez-Gomez, Yuri Rosero-Mora",NA,NA,NA,31.5749325484424,18.2
G-MB-M-A_05-A,MB-M-A_05-A,G-MB-M-A,Gaica,Gaica mbd,2013-06-05,13-14,2013,6,5,156,13,07:50:00,00:00:00,4,12,4,Early,4,1,"Ronald Fernandez-Gomez, Yuri Rosero-Mora",NA,NA,NA,31.5749325484424,18.2
G-MB-M-A_05-A,MB-M-A_05-A,G-MB-M-A,Gaica,Gaica mbd,2013-09-11,13-14,2013,9,11,254,30,07:36:00,00:00:00,4,12,5,Late,1,1,"Ronald Fernandez-Gomez, Yuri Rosero-Mora",NA,NA,NA,31.5749325484424,18.2
G-MB-M-A_05-A,MB-M-A_05-A,G-MB-M-A,Gaica,Gaica mbd,2013-09-12,13-14,2013,9,12,255,31,07:49:00,00:00:00,4,12,6,Late,2,1,"Ronald Fernandez-Gomez, Yuri Rosero-Mora",NA,NA,NA,31.5749325484424,18.2
G-MB-M-A_05-A,MB-M-A_05-A,G-MB-M-A,Gaica,Gaica mbd,2013-09-13,13-14,2013,9,13,256,32,07:50:00,00:00:00,4,12,7,Late,3,1,"Ronald Fernandez-Gomez, Yuri Rosero-Mora",NA,NA,NA,31.5749325484424,18.2
G-MB-M-A_05-A,MB-M-A_05-A,G-MB-M-A,Gaica,Gaica mbd,2013-09-14,13-14,2013,9,14,257,33,07:48:00,00:00:00,4,12,8,Late,4,0,"Ronald Fernandez-Gomez, Yuri Rosero-Mora",NA,NA,NA,31.5749325484424,18.2
G-MB-M-A_05-A,MB-M-A_05-A,G-MB-M-A,Gaica,Gaica mbd,2017-12-02,16-17,2017,12,2,336,135,07:38:00,00:00:00,4,12,1,Early,1,1,"Yuri Rosero-Mora, Robert Rodriguez",NA,NA,NA,32.55212165808195,18.2
G-MB-M-A_05-A,MB-M-A_05-A,G-MB-M-A,Gaica,Gaica mbd,2017-12-03,16-17,2017,12,3,337,136,07:50:00,00:00:00,4,12,2,Early,2,1,"Yuri Rosero-Mora, Robert Rodriguez",NA,NA,NA,32.55212165808195,18.2
G-MB-M-A_05-A,MB-M-A_05-A,G-MB-M-A,Gaica,Gaica mbd,2017-12-04,16-17,2017,12,4,338,137,06:15:00,00:00:00,4,12,3,Early,3,1,"Yuri Rosero-Mora, Robert Rodriguez",NA,NA,NA,32.55212165808195,18.2
G-MB-M-A_05-A,MB-M-A_05-A,G-MB-M-A,Gaica,Gaica mbd,2017-12-05,16-17,2017,12,5,339,138,07:25:00,00:00:00,4,12,4,Early,4,1,"Yuri Rosero-Mora, Robert Rodriguez",NA,NA,NA,32.55212165808195,18.2
G-MB-M-A_05-B,MB-M-A_05-B,G-MB-M-A,Gaica,Gaica mbd,2013-05-29,13-14,2013,5,29,149,6,07:30:00,00:00:00,4,12,1,Early,1,1,"Ronald Fernandez-Gomez, Yuri Rosero-Mora",NA,NA,NA,37.67018146150071,23.6
G-MB-M-A_05-B,MB-M-A_05-B,G-MB-M-A,Gaica,Gaica mbd,2013-05-30,13-14,2013,5,30,150,7,07:20:00,00:00:00,4,12,2,Early,2,1,"Ronald Fernandez-Gomez, Yuri Rosero-Mora",NA,NA,NA,37.67018146150071,23.6
G-MB-M-A_05-B,MB-M-A_05-B,G-MB-M-A,Gaica,Gaica mbd,2013-05-31,13-14,2013,5,31,151,8,07:40:00,00:00:00,4,12,3,Early,3,1,"Ronald Fernandez-Gomez, Yuri Rosero-Mora",NA,NA,NA,37.67018146150071,23.6
G-MB-M-A_05-B,MB-M-A_05-B,G-MB-M-A,Gaica,Gaica mbd,2013-06-01,13-14,2013,6,1,152,9,07:35:00,00:00:00,4,12,4,Early,4,1,"Ronald Fernandez-Gomez, Yuri Rosero-Mora",NA,NA,NA,37.67018146150071,23.6
G-MB-M-A_05-B,MB-M-A_05-B,G-MB-M-A,Gaica,Gaica mbd,2013-09-07,13-14,2013,9,7,250,26,07:25:00,00:00:00,4,12,5,Late,1,1,"Ronald Fernandez-Gomez, Yuri Rosero-Mora",NA,NA,NA,37.67018146150071,23.6
G-MB-M-A_05-B,MB-M-A_05-B,G-MB-M-A,Gaica,Gaica mbd,2013-09-08,13-14,2013,9,8,251,27,07:30:00,00:00:00,4,12,6,Late,2,1,"Ronald Fernandez-Gomez, Yuri Rosero-Mora",NA,NA,NA,37.67018146150071,23.6
G-MB-M-A_05-B,MB-M-A_05-B,G-MB-M-A,Gaica,Gaica mbd,2013-09-09,13-14,2013,9,9,252,28,07:35:00,00:00:00,4,12,7,Late,3,1,"Ronald Fernandez-Gomez, Yuri Rosero-Mora",NA,NA,NA,37.67018146150071,23.6
G-MB-M-A_05-B,MB-M-A_05-B,G-MB-M-A,Gaica,Gaica mbd,2013-09-10,13-14,2013,9,10,253,29,07:44:00,00:00:00,4,12,8,Late,4,1,"Ronald Fernandez-Gomez, Yuri Rosero-Mora",NA,NA,NA,37.67018146150071,23.6
G-MB-M-A_05-B,MB-M-A_05-B,G-MB-M-A,Gaica,Gaica mbd,2017-12-02,16-17,2017,12,2,336,135,07:30:00,00:00:00,4,12,1,Early,1,1,"Yuri Rosero-Mora, Robert Rodriguez",NA,NA,NA,37.947768513976776,23.6
G-MB-M-A_05-B,MB-M-A_05-B,G-MB-M-A,Gaica,Gaica mbd,2017-12-03,16-17,2017,12,3,337,136,08:10:00,00:00:00,4,12,2,Early,2,1,"Yuri Rosero-Mora, Robert Rodriguez",NA,NA,NA,37.947768513976776,23.6
G-MB-M-A_05-B,MB-M-A_05-B,G-MB-M-A,Gaica,Gaica mbd,2017-12-04,16-17,2017,12,4,338,137,08:00:00,00:00:00,4,12,3,Early,3,1,"Yuri Rosero-Mora, Robert Rodriguez",NA,NA,NA,37.947768513976776,23.6
G-MB-M-A_05-B,MB-M-A_05-B,G-MB-M-A,Gaica,Gaica mbd,2017-12-05,16-17,2017,12,5,339,138,07:20:00,00:00:00,4,12,4,Early,4,1,"Yuri Rosero-Mora, Robert Rodriguez",NA,NA,NA,37.947768513976776,23.6
G-MB-M-A_06-A,MB-M-A_06-A,G-MB-M-A,Gaica,Gaica mbd,2013-06-02,13-14,2013,6,2,153,10,08:20:00,00:00:00,4,12,1,Early,1,1,"Ronald Fernandez-Gomez, Yuri Rosero-Mora",NA,NA,NA,31.113045610593428,24.4
G-MB-M-A_06-A,MB-M-A_06-A,G-MB-M-A,Gaica,Gaica mbd,2013-06-03,13-14,2013,6,3,154,11,10:00:00,00:00:00,4,12,2,Early,2,1,"Ronald Fernandez-Gomez, Yuri Rosero-Mora",NA,NA,NA,31.113045610593428,24.4
G-MB-M-A_06-A,MB-M-A_06-A,G-MB-M-A,Gaica,Gaica mbd,2013-06-04,13-14,2013,6,4,155,12,06:05:00,00:00:00,4,12,3,Early,3,1,"Ronald Fernandez-Gomez, Yuri Rosero-Mora",NA,NA,NA,31.113045610593428,24.4
G-MB-M-A_06-A,MB-M-A_06-A,G-MB-M-A,Gaica,Gaica mbd,2013-06-05,13-14,2013,6,5,156,13,08:15:00,00:00:00,4,12,4,Early,4,1,"Ronald Fernandez-Gomez, Yuri Rosero-Mora",NA,NA,NA,31.113045610593428,24.4
G-MB-M-A_06-A,MB-M-A_06-A,G-MB-M-A,Gaica,Gaica mbd,2013-09-11,13-14,2013,9,11,254,30,08:03:00,00:00:00,4,12,5,Late,1,1,"Ronald Fernandez-Gomez, Yuri Rosero-Mora",NA,NA,NA,31.113045610593428,24.4
G-MB-M-A_06-A,MB-M-A_06-A,G-MB-M-A,Gaica,Gaica mbd,2013-09-12,13-14,2013,9,12,255,31,08:17:00,00:00:00,4,12,6,Late,2,1,"Ronald Fernandez-Gomez, Yuri Rosero-Mora",NA,NA,NA,31.113045610593428,24.4
G-MB-M-A_06-A,MB-M-A_06-A,G-MB-M-A,Gaica,Gaica mbd,2013-09-13,13-14,2013,9,13,256,32,08:12:00,00:00:00,4,12,7,Late,3,1,"Ronald Fernandez-Gomez, Yuri Rosero-Mora",NA,NA,NA,31.113045610593428,24.4
G-MB-M-A_06-A,MB-M-A_06-A,G-MB-M-A,Gaica,Gaica mbd,2013-09-14,13-14,2013,9,14,257,33,08:15:00,00:00:00,4,12,8,Late,4,0,"Ronald Fernandez-Gomez, Yuri Rosero-Mora",NA,NA,NA,31.113045610593428,24.4
G-MB-M-A_06-A,MB-M-A_06-A,G-MB-M-A,Gaica,Gaica mbd,2017-12-02,16-17,2017,12,2,336,135,07:55:00,00:00:00,4,12,1,Early,1,1,"Yuri Rosero-Mora, Robert Rodriguez",NA,NA,NA,31.878616969102332,24.4
G-MB-M-A_06-A,MB-M-A_06-A,G-MB-M-A,Gaica,Gaica mbd,2017-12-03,16-17,2017,12,3,337,136,08:10:00,00:00:00,4,12,2,Early,2,1,"Yuri Rosero-Mora, Robert Rodriguez",NA,NA,NA,31.878616969102332,24.4
G-MB-M-A_06-A,MB-M-A_06-A,G-MB-M-A,Gaica,Gaica mbd,2017-12-04,16-17,2017,12,4,338,137,05:55:00,00:00:00,4,12,3,Early,3,1,"Yuri Rosero-Mora, Robert Rodriguez",NA,NA,NA,31.878616969102332,24.4
G-MB-M-A_06-A,MB-M-A_06-A,G-MB-M-A,Gaica,Gaica mbd,2017-12-05,16-17,2017,12,5,339,138,07:49:00,00:00:00,4,12,4,Early,4,1,"Yuri Rosero-Mora, Robert Rodriguez",NA,NA,NA,31.878616969102332,24.4
G-MB-M-A_06-B,MB-M-A_06-B,G-MB-M-A,Gaica,Gaica mbd,2013-05-29,13-14,2013,5,29,149,6,07:57:00,00:00:00,4,12,1,Early,1,1,"Ronald Fernandez-Gomez, Yuri Rosero-Mora",NA,NA,NA,40.68207523973377,23.8
G-MB-M-A_06-B,MB-M-A_06-B,G-MB-M-A,Gaica,Gaica mbd,2013-05-30,13-14,2013,5,30,150,7,07:50:00,00:00:00,4,12,2,Early,2,1,"Ronald Fernandez-Gomez, Yuri Rosero-Mora",NA,NA,NA,40.68207523973377,23.8
G-MB-M-A_06-B,MB-M-A_06-B,G-MB-M-A,Gaica,Gaica mbd,2013-05-31,13-14,2013,5,31,151,8,08:20:00,00:00:00,4,12,3,Early,3,1,"Ronald Fernandez-Gomez, Yuri Rosero-Mora",NA,NA,NA,40.68207523973377,23.8
G-MB-M-A_06-B,MB-M-A_06-B,G-MB-M-A,Gaica,Gaica mbd,2013-06-01,13-14,2013,6,1,152,9,07:30:00,00:00:00,4,12,4,Early,4,1,"Ronald Fernandez-Gomez, Yuri Rosero-Mora",NA,NA,NA,40.68207523973377,23.8
G-MB-M-A_06-B,MB-M-A_06-B,G-MB-M-A,Gaica,Gaica mbd,2013-09-07,13-14,2013,9,7,250,26,07:50:00,00:00:00,4,12,5,Late,1,0,"Ronald Fernandez-Gomez, Yuri Rosero-Mora",NA,NA,NA,40.68207523973377,23.8
G-MB-M-A_06-B,MB-M-A_06-B,G-MB-M-A,Gaica,Gaica mbd,2013-09-08,13-14,2013,9,8,251,27,07:52:00,00:00:00,4,12,6,Late,2,1,"Ronald Fernandez-Gomez, Yuri Rosero-Mora",NA,NA,NA,40.68207523973377,23.8
G-MB-M-A_06-B,MB-M-A_06-B,G-MB-M-A,Gaica,Gaica mbd,2013-09-09,13-14,2013,9,9,252,28,07:58:00,00:00:00,4,12,7,Late,3,1,"Ronald Fernandez-Gomez, Yuri Rosero-Mora",NA,NA,NA,40.68207523973377,23.8
G-MB-M-A_06-B,MB-M-A_06-B,G-MB-M-A,Gaica,Gaica mbd,2013-09-10,13-14,2013,9,10,253,29,08:10:00,00:00:00,4,12,8,Late,4,1,"Ronald Fernandez-Gomez, Yuri Rosero-Mora",NA,NA,NA,40.68207523973377,23.8
G-MB-M-A_06-B,MB-M-A_06-B,G-MB-M-A,Gaica,Gaica mbd,2017-12-02,16-17,2017,12,2,336,135,07:46:00,00:00:00,4,12,1,Early,1,1,"Yuri Rosero-Mora, Robert Rodriguez",NA,NA,NA,40.923776739611384,23.8
G-MB-M-A_06-B,MB-M-A_06-B,G-MB-M-A,Gaica,Gaica mbd,2017-12-03,16-17,2017,12,3,337,136,07:40:00,00:00:00,4,12,2,Early,2,1,"Yuri Rosero-Mora, Robert Rodriguez",NA,NA,NA,40.923776739611384,23.8
G-MB-M-A_06-B,MB-M-A_06-B,G-MB-M-A,Gaica,Gaica mbd,2017-12-04,16-17,2017,12,4,338,137,07:40:00,00:00:00,4,12,3,Early,3,1,"Yuri Rosero-Mora, Robert Rodriguez",NA,NA,NA,40.923776739611384,23.8
G-MB-M-A_06-B,MB-M-A_06-B,G-MB-M-A,Gaica,Gaica mbd,2017-12-05,16-17,2017,12,5,339,138,07:40:00,00:00:00,4,12,4,Early,4,1,"Yuri Rosero-Mora, Robert Rodriguez",NA,NA,NA,40.923776739611384,23.8
G-MB-M-BV_01,MB-M-BV_01,G-MB-M-BV,Gaica,Gaica mbd,2016-10-25,16-17,2016,10,25,299,39,05:50:00,00:00:00,1,6,1,Early,1,1,"Yuri Rosero-Mora, Robert Rodriguez",NA,NA,NA,29.8974674207031,18.2
G-MB-M-BV_01,MB-M-BV_01,G-MB-M-BV,Gaica,Gaica mbd,2016-10-26,16-17,2016,10,26,300,40,07:05:00,00:00:00,1,6,2,Early,2,1,"Yuri Rosero-Mora, Robert Rodriguez",NA,NA,NA,29.8974674207031,18.2
G-MB-M-BV_01,MB-M-BV_01,G-MB-M-BV,Gaica,Gaica mbd,2016-10-27,16-17,2016,10,27,301,41,08:35:00,00:00:00,1,6,3,Early,3,1,"Yuri Rosero-Mora, Robert Rodriguez",NA,NA,NA,29.8974674207031,18.2
G-MB-M-BV_01,MB-M-BV_01,G-MB-M-BV,Gaica,Gaica mbd,2017-03-25,16-17,2017,3,25,84,11,06:37:00,00:00:00,1,6,4,Late,1,1,"Yuri Rosero-Mora, Robert Rodriguez",NA,NA,NA,29.923284976641224,18.2
G-MB-M-BV_01,MB-M-BV_01,G-MB-M-BV,Gaica,Gaica mbd,2017-03-26,16-17,2017,3,26,85,12,06:25:00,00:00:00,1,6,5,Late,2,1,"Yuri Rosero-Mora, Robert Rodriguez",NA,NA,NA,29.923284976641224,18.2
G-MB-M-BV_01,MB-M-BV_01,G-MB-M-BV,Gaica,Gaica mbd,2017-03-27,16-17,2017,3,27,86,13,07:00:00,00:00:00,1,6,6,Late,3,1,"Yuri Rosero-Mora, Robert Rodriguez",NA,NA,NA,29.923284976641224,18.2
G-MB-M-BV_02,MB-M-BV_02,G-MB-M-BV,Gaica,Gaica mbd,2016-10-25,16-17,2016,10,25,299,39,06:20:00,00:00:00,1,6,1,Early,1,1,"Yuri Rosero-Mora, Robert Rodriguez",NA,NA,NA,29.906388206388325,17.2
G-MB-M-BV_02,MB-M-BV_02,G-MB-M-BV,Gaica,Gaica mbd,2016-10-26,16-17,2016,10,26,300,40,06:45:00,00:00:00,1,6,2,Early,2,1,"Yuri Rosero-Mora, Robert Rodriguez",NA,NA,NA,29.906388206388325,17.2
G-MB-M-BV_02,MB-M-BV_02,G-MB-M-BV,Gaica,Gaica mbd,2016-10-27,16-17,2016,10,27,301,41,08:20:00,00:00:00,1,6,3,Early,3,1,"Yuri Rosero-Mora, Robert Rodriguez",NA,NA,NA,29.906388206388325,17.2
G-MB-M-BV_02,MB-M-BV_02,G-MB-M-BV,Gaica,Gaica mbd,2017-03-25,16-17,2017,3,25,84,11,06:58:00,00:00:00,1,6,4,Late,1,1,"Yuri Rosero-Mora, Robert Rodriguez",NA,NA,NA,29.91007371007344,17.2
G-MB-M-BV_02,MB-M-BV_02,G-MB-M-BV,Gaica,Gaica mbd,2017-03-26,16-17,2017,3,26,85,12,06:50:00,00:00:00,1,6,5,Late,2,1,"Yuri Rosero-Mora, Robert Rodriguez",NA,NA,NA,29.91007371007344,17.2
G-MB-M-BV_02,MB-M-BV_02,G-MB-M-BV,Gaica,Gaica mbd,2017-03-27,16-17,2017,3,27,86,13,07:25:00,00:00:00,1,6,6,Late,3,1,"Yuri Rosero-Mora, Robert Rodriguez",NA,NA,NA,29.91007371007344,17.2
G-MB-M-BV_03,MB-M-BV_03,G-MB-M-BV,Gaica,Gaica mbd,2016-10-25,16-17,2016,10,25,299,39,06:45:00,00:00:00,1,6,1,Early,1,1,"Yuri Rosero-Mora, Robert Rodriguez",NA,NA,NA,30.1552825552825,19.8
G-MB-M-BV_03,MB-M-BV_03,G-MB-M-BV,Gaica,Gaica mbd,2016-10-26,16-17,2016,10,26,300,40,06:20:00,00:00:00,1,6,2,Early,2,1,"Yuri Rosero-Mora, Robert Rodriguez",NA,NA,NA,30.1552825552825,19.8
G-MB-M-BV_03,MB-M-BV_03,G-MB-M-BV,Gaica,Gaica mbd,2016-10-27,16-17,2016,10,27,301,41,07:50:00,00:00:00,1,6,3,Early,3,1,"Yuri Rosero-Mora, Robert Rodriguez",NA,NA,NA,30.1552825552825,19.8
G-MB-M-BV_03,MB-M-BV_03,G-MB-M-BV,Gaica,Gaica mbd,2017-03-25,16-17,2017,3,25,84,11,07:35:00,00:00:00,1,6,4,Late,1,1,"Yuri Rosero-Mora, Robert Rodriguez",NA,NA,NA,30.19778869778874,19.8
G-MB-M-BV_03,MB-M-BV_03,G-MB-M-BV,Gaica,Gaica mbd,2017-03-26,16-17,2017,3,26,85,12,07:12:00,00:00:00,1,6,5,Late,2,1,"Yuri Rosero-Mora, Robert Rodriguez",NA,NA,NA,30.19778869778874,19.8
G-MB-M-BV_03,MB-M-BV_03,G-MB-M-BV,Gaica,Gaica mbd,2017-03-27,16-17,2017,3,27,86,13,07:43:00,00:00:00,1,6,6,Late,3,1,"Yuri Rosero-Mora, Robert Rodriguez",NA,NA,NA,30.19778869778874,19.8
G-MB-M-BV_04,MB-M-BV_04,G-MB-M-BV,Gaica,Gaica mbd,2016-10-25,16-17,2016,10,25,299,39,06:20:00,00:00:00,1,6,1,Early,1,1,"Yuri Rosero-Mora, Robert Rodriguez",NA,NA,NA,29.54766584766606,17.9
G-MB-M-BV_04,MB-M-BV_04,G-MB-M-BV,Gaica,Gaica mbd,2016-10-26,16-17,2016,10,26,300,40,07:15:00,00:00:00,1,6,2,Early,2,1,"Yuri Rosero-Mora, Robert Rodriguez",NA,NA,NA,29.54766584766606,17.9
G-MB-M-BV_04,MB-M-BV_04,G-MB-M-BV,Gaica,Gaica mbd,2016-10-27,16-17,2016,10,27,301,41,06:00:00,00:00:00,1,6,3,Early,3,1,"Yuri Rosero-Mora, Robert Rodriguez",NA,NA,NA,29.54766584766606,17.9
G-MB-M-BV_04,MB-M-BV_04,G-MB-M-BV,Gaica,Gaica mbd,2017-03-25,16-17,2017,3,25,84,11,07:52:00,00:00:00,1,6,4,Late,1,1,"Yuri Rosero-Mora, Robert Rodriguez",NA,NA,NA,29.658476658476363,17.9
G-MB-M-BV_04,MB-M-BV_04,G-MB-M-BV,Gaica,Gaica mbd,2017-03-26,16-17,2017,3,26,85,12,07:30:00,00:00:00,1,6,5,Late,2,1,"Yuri Rosero-Mora, Robert Rodriguez",NA,NA,NA,29.658476658476363,17.9
G-MB-M-BV_04,MB-M-BV_04,G-MB-M-BV,Gaica,Gaica mbd,2017-03-27,16-17,2017,3,27,86,13,08:03:00,00:00:00,1,6,6,Late,3,1,"Yuri Rosero-Mora, Robert Rodriguez",NA,NA,NA,29.658476658476363,17.9
G-MB-M-BV_05,MB-M-BV_05,G-MB-M-BV,Gaica,Gaica mbd,2016-10-25,16-17,2016,10,25,299,39,06:40:00,00:00:00,1,6,1,Early,1,1,"Yuri Rosero-Mora, Robert Rodriguez",NA,NA,NA,28.340618860510563,14.8
G-MB-M-BV_05,MB-M-BV_05,G-MB-M-BV,Gaica,Gaica mbd,2016-10-26,16-17,2016,10,26,300,40,06:20:00,00:00:00,1,6,2,Early,2,1,"Yuri Rosero-Mora, Robert Rodriguez",NA,NA,NA,28.340618860510563,14.8
G-MB-M-BV_05,MB-M-BV_05,G-MB-M-BV,Gaica,Gaica mbd,2016-10-27,16-17,2016,10,27,301,41,06:35:00,00:00:00,1,6,3,Early,3,1,"Yuri Rosero-Mora, Robert Rodriguez",NA,NA,NA,28.340618860510563,14.8
G-MB-M-BV_05,MB-M-BV_05,G-MB-M-BV,Gaica,Gaica mbd,2017-03-25,16-17,2017,3,25,84,11,08:15:00,00:00:00,1,6,4,Late,1,1,"Yuri Rosero-Mora, Robert Rodriguez",NA,NA,NA,28.37819253438081,14.8
G-MB-M-BV_05,MB-M-BV_05,G-MB-M-BV,Gaica,Gaica mbd,2017-03-26,16-17,2017,3,26,85,12,07:47:00,00:00:00,1,6,5,Late,2,1,"Yuri Rosero-Mora, Robert Rodriguez",NA,NA,NA,28.37819253438081,14.8
G-MB-M-BV_05,MB-M-BV_05,G-MB-M-BV,Gaica,Gaica mbd,2017-03-27,16-17,2017,3,27,86,13,08:23:00,00:00:00,1,6,6,Late,3,1,"Yuri Rosero-Mora, Robert Rodriguez",NA,NA,NA,28.37819253438081,14.8
G-MB-M-BV_06,MB-M-BV_06,G-MB-M-BV,Gaica,Gaica mbd,2016-10-25,16-17,2016,10,25,299,39,07:05:00,00:00:00,1,6,1,Early,1,1,"Yuri Rosero-Mora, Robert Rodriguez",NA,NA,NA,27.524465207769932,16.5
G-MB-M-BV_06,MB-M-BV_06,G-MB-M-BV,Gaica,Gaica mbd,2016-10-26,16-17,2016,10,26,300,40,06:40:00,00:00:00,1,6,2,Early,2,1,"Yuri Rosero-Mora, Robert Rodriguez",NA,NA,NA,27.524465207769932,16.5
G-MB-M-BV_06,MB-M-BV_06,G-MB-M-BV,Gaica,Gaica mbd,2016-10-27,16-17,2016,10,27,301,41,07:03:00,00:00:00,1,6,3,Early,3,1,"Yuri Rosero-Mora, Robert Rodriguez",NA,NA,NA,27.524465207769932,16.5
G-MB-M-BV_06,MB-M-BV_06,G-MB-M-BV,Gaica,Gaica mbd,2017-03-25,16-17,2017,3,25,84,11,08:50:00,00:00:00,1,6,4,Late,1,1,"Yuri Rosero-Mora, Robert Rodriguez",NA,NA,NA,27.5620850749934,16.5
G-MB-M-BV_06,MB-M-BV_06,G-MB-M-BV,Gaica,Gaica mbd,2017-03-26,16-17,2017,3,26,85,12,06:40:00,00:00:00,1,6,5,Late,2,1,"Yuri Rosero-Mora, Robert Rodriguez",NA,NA,NA,27.5620850749934,16.5
G-MB-M-BV_06,MB-M-BV_06,G-MB-M-BV,Gaica,Gaica mbd,2017-03-27,16-17,2017,3,27,86,13,06:30:00,00:00:00,1,6,6,Late,3,1,"Yuri Rosero-Mora, Robert Rodriguez",NA,NA,NA,27.5620850749934,16.5
G-MB-M-EA_01,MB-M-EA_01,G-MB-M-EA,Gaica,Gaica mbd,2016-10-22,16-17,2016,10,22,296,36,05:48:00,00:00:00,1,6,1,Early,1,1,"Yuri Rosero-Mora, Robert Rodriguez",NA,NA,NA,31.22549019607861,14.9
G-MB-M-EA_01,MB-M-EA_01,G-MB-M-EA,Gaica,Gaica mbd,2016-10-23,16-17,2016,10,23,297,37,05:40:00,00:00:00,1,6,2,Early,2,1,"Yuri Rosero-Mora, Robert Rodriguez",NA,NA,NA,31.22549019607861,14.9
G-MB-M-EA_01,MB-M-EA_01,G-MB-M-EA,Gaica,Gaica mbd,2016-10-24,16-17,2016,10,24,298,38,05:45:00,00:00:00,1,6,3,Early,3,1,"Yuri Rosero-Mora, Robert Rodriguez",NA,NA,NA,31.22549019607861,14.9
G-MB-M-EA_01,MB-M-EA_01,G-MB-M-EA,Gaica,Gaica mbd,2017-03-22,16-17,2017,3,22,81,8,07:55:00,00:00:00,1,6,4,Late,1,1,"Yuri Rosero-Mora, Robert Rodriguez",NA,NA,NA,31.384803921568302,14.9
G-MB-M-EA_01,MB-M-EA_01,G-MB-M-EA,Gaica,Gaica mbd,2017-03-23,16-17,2017,3,23,82,9,06:28:00,00:00:00,1,6,5,Late,2,1,"Yuri Rosero-Mora, Robert Rodriguez",NA,NA,NA,31.384803921568302,14.9
G-MB-M-EA_01,MB-M-EA_01,G-MB-M-EA,Gaica,Gaica mbd,2017-03-24,16-17,2017,3,24,83,10,08:05:00,00:00:00,1,6,6,Late,3,1,"Yuri Rosero-Mora, Robert Rodriguez",NA,NA,NA,31.384803921568302,14.9
G-MB-M-EA_02,MB-M-EA_02,G-MB-M-EA,Gaica,Gaica mbd,2016-10-22,16-17,2016,10,22,296,36,06:25:00,00:00:00,1,6,1,Early,1,1,"Yuri Rosero-Mora, Robert Rodriguez",NA,NA,NA,27.613725490195957,16.9
G-MB-M-EA_02,MB-M-EA_02,G-MB-M-EA,Gaica,Gaica mbd,2016-10-23,16-17,2016,10,23,297,37,06:05:00,00:00:00,1,6,2,Early,2,1,"Yuri Rosero-Mora, Robert Rodriguez",NA,NA,NA,27.613725490195957,16.9
G-MB-M-EA_02,MB-M-EA_02,G-MB-M-EA,Gaica,Gaica mbd,2016-10-24,16-17,2016,10,24,298,38,06:20:00,00:00:00,1,6,3,Early,3,1,"Yuri Rosero-Mora, Robert Rodriguez",NA,NA,NA,27.613725490195957,16.9
G-MB-M-EA_02,MB-M-EA_02,G-MB-M-EA,Gaica,Gaica mbd,2017-03-22,16-17,2017,3,22,81,8,07:34:00,00:00:00,1,6,4,Late,1,1,"Yuri Rosero-Mora, Robert Rodriguez",NA,NA,NA,27.68970588235295,16.9
G-MB-M-EA_02,MB-M-EA_02,G-MB-M-EA,Gaica,Gaica mbd,2017-03-23,16-17,2017,3,23,82,9,06:45:00,00:00:00,1,6,5,Late,2,1,"Yuri Rosero-Mora, Robert Rodriguez",NA,NA,NA,27.68970588235295,16.9
G-MB-M-EA_02,MB-M-EA_02,G-MB-M-EA,Gaica,Gaica mbd,2017-03-24,16-17,2017,3,24,83,10,08:20:00,00:00:00,1,6,6,Late,3,1,"Yuri Rosero-Mora, Robert Rodriguez",NA,NA,NA,27.68970588235295,16.9
G-MB-M-EA_03,MB-M-EA_03,G-MB-M-EA,Gaica,Gaica mbd,2016-10-22,16-17,2016,10,22,296,36,06:55:00,00:00:00,1,6,1,Early,1,1,"Yuri Rosero-Mora, Robert Rodriguez",NA,NA,NA,23.46568627450968,15
G-MB-M-EA_03,MB-M-EA_03,G-MB-M-EA,Gaica,Gaica mbd,2016-10-23,16-17,2016,10,23,297,37,06:23:00,00:00:00,1,6,2,Early,2,1,"Yuri Rosero-Mora, Robert Rodriguez",NA,NA,NA,23.46568627450968,15
G-MB-M-EA_03,MB-M-EA_03,G-MB-M-EA,Gaica,Gaica mbd,2016-10-24,16-17,2016,10,24,298,38,06:50:00,00:00:00,1,6,3,Early,3,1,"Yuri Rosero-Mora, Robert Rodriguez",NA,NA,NA,23.46568627450968,15
G-MB-M-EA_03,MB-M-EA_03,G-MB-M-EA,Gaica,Gaica mbd,2017-03-22,16-17,2017,3,22,81,8,07:20:00,00:00:00,1,6,4,Late,1,1,"Yuri Rosero-Mora, Robert Rodriguez",NA,NA,NA,23.533333333333424,15
G-MB-M-EA_03,MB-M-EA_03,G-MB-M-EA,Gaica,Gaica mbd,2017-03-23,16-17,2017,3,23,82,9,07:17:00,00:00:00,1,6,5,Late,2,1,"Yuri Rosero-Mora, Robert Rodriguez",NA,NA,NA,23.533333333333424,15
G-MB-M-EA_03,MB-M-EA_03,G-MB-M-EA,Gaica,Gaica mbd,2017-03-24,16-17,2017,3,24,83,10,08:36:00,00:00:00,1,6,6,Late,3,1,"Yuri Rosero-Mora, Robert Rodriguez",NA,NA,NA,23.533333333333424,15
G-MB-M-EA_04,MB-M-EA_04,G-MB-M-EA,Gaica,Gaica mbd,2016-10-22,16-17,2016,10,22,296,36,07:20:00,00:00:00,1,6,1,Early,1,1,"Yuri Rosero-Mora, Robert Rodriguez",NA,NA,NA,21.111547911547643,14.4
G-MB-M-EA_04,MB-M-EA_04,G-MB-M-EA,Gaica,Gaica mbd,2016-10-23,16-17,2016,10,23,297,37,06:50:00,00:00:00,1,6,2,Early,2,1,"Yuri Rosero-Mora, Robert Rodriguez",NA,NA,NA,21.111547911547643,14.4
G-MB-M-EA_04,MB-M-EA_04,G-MB-M-EA,Gaica,Gaica mbd,2016-10-24,16-17,2016,10,24,298,38,07:16:00,00:00:00,1,6,3,Early,3,1,"Yuri Rosero-Mora, Robert Rodriguez",NA,NA,NA,21.111547911547643,14.4
G-MB-M-EA_04,MB-M-EA_04,G-MB-M-EA,Gaica,Gaica mbd,2017-03-22,16-17,2017,3,22,81,8,06:55:00,00:00:00,1,6,4,Late,1,1,"Yuri Rosero-Mora, Robert Rodriguez",NA,NA,NA,21.181326781326774,14.4
G-MB-M-EA_04,MB-M-EA_04,G-MB-M-EA,Gaica,Gaica mbd,2017-03-23,16-17,2017,3,23,82,9,07:30:00,00:00:00,1,6,5,Late,2,1,"Yuri Rosero-Mora, Robert Rodriguez",NA,NA,NA,21.181326781326774,14.4
G-MB-M-EA_04,MB-M-EA_04,G-MB-M-EA,Gaica,Gaica mbd,2017-03-24,16-17,2017,3,24,83,10,08:55:00,00:00:00,1,6,6,Late,3,1,"Yuri Rosero-Mora, Robert Rodriguez",NA,NA,NA,21.181326781326774,14.4
G-MB-M-EA_05,MB-M-EA_05,G-MB-M-EA,Gaica,Gaica mbd,2016-10-22,16-17,2016,10,22,296,36,07:50:00,00:00:00,1,6,1,Early,1,1,"Yuri Rosero-Mora, Robert Rodriguez",NA,NA,NA,19.540540540540867,15.1
G-MB-M-EA_05,MB-M-EA_05,G-MB-M-EA,Gaica,Gaica mbd,2016-10-23,16-17,2016,10,23,297,37,06:35:00,00:00:00,1,6,2,Early,2,0,"Yuri Rosero-Mora, Robert Rodriguez",NA,NA,NA,19.540540540540867,15.1
G-MB-M-EA_05,MB-M-EA_05,G-MB-M-EA,Gaica,Gaica mbd,2016-10-24,16-17,2016,10,24,298,38,07:35:00,00:00:00,1,6,3,Early,3,1,"Yuri Rosero-Mora, Robert Rodriguez",NA,NA,NA,19.540540540540867,15.1
G-MB-M-EA_05,MB-M-EA_05,G-MB-M-EA,Gaica,Gaica mbd,2017-03-22,16-17,2017,3,22,81,8,07:18:00,00:00:00,1,6,4,Late,1,1,"Yuri Rosero-Mora, Robert Rodriguez",NA,NA,NA,19.546437346437862,15.1
G-MB-M-EA_05,MB-M-EA_05,G-MB-M-EA,Gaica,Gaica mbd,2017-03-23,16-17,2017,3,23,82,9,07:05:00,00:00:00,1,6,5,Late,2,1,"Yuri Rosero-Mora, Robert Rodriguez",NA,NA,NA,19.546437346437862,15.1
G-MB-M-EA_05,MB-M-EA_05,G-MB-M-EA,Gaica,Gaica mbd,2017-03-24,16-17,2017,3,24,83,10,09:57:00,00:00:00,1,6,6,Late,3,1,"Yuri Rosero-Mora, Robert Rodriguez",NA,NA,NA,19.546437346437862,15.1
G-MB-M-EA_06,MB-M-EA_06,G-MB-M-EA,Gaica,Gaica mbd,2016-10-22,16-17,2016,10,22,296,36,08:05:00,00:00:00,1,6,1,Early,1,1,"Yuri Rosero-Mora, Robert Rodriguez",NA,NA,NA,21.422113022113383,15.7
G-MB-M-EA_06,MB-M-EA_06,G-MB-M-EA,Gaica,Gaica mbd,2016-10-23,16-17,2016,10,23,297,37,06:20:00,00:00:00,1,6,2,Early,2,1,"Yuri Rosero-Mora, Robert Rodriguez",NA,NA,NA,21.422113022113383,15.7
G-MB-M-EA_06,MB-M-EA_06,G-MB-M-EA,Gaica,Gaica mbd,2016-10-24,16-17,2016,10,24,298,38,08:00:00,00:00:00,1,6,3,Early,3,1,"Yuri Rosero-Mora, Robert Rodriguez",NA,NA,NA,21.422113022113383,15.7
G-MB-M-EA_06,MB-M-EA_06,G-MB-M-EA,Gaica,Gaica mbd,2017-03-22,16-17,2017,3,22,81,8,09:30:00,00:00:00,1,6,4,Late,1,1,"Yuri Rosero-Mora, Robert Rodriguez",NA,NA,NA,21.44201474201447,15.7
G-MB-M-EA_06,MB-M-EA_06,G-MB-M-EA,Gaica,Gaica mbd,2017-03-23,16-17,2017,3,23,82,9,07:35:00,00:00:00,1,6,5,Late,2,1,"Yuri Rosero-Mora, Robert Rodriguez",NA,NA,NA,21.44201474201447,15.7
G-MB-M-EA_06,MB-M-EA_06,G-MB-M-EA,Gaica,Gaica mbd,2017-03-24,16-17,2017,3,24,83,10,09:20:00,00:00:00,1,6,6,Late,3,1,"Yuri Rosero-Mora, Robert Rodriguez",NA,NA,NA,21.44201474201447,15.7
G-MB-M-EPO1_01,MB-M-EPO1_01,G-MB-M-EPO1,Gaica,Gaica mbd,2013-06-10,13-14,2013,6,10,161,18,08:45:00,00:00:00,4,11,1,Early,1,1,"Ronald Fernandez-Gomez, Yuri Rosero-Mora",NA,NA,NA,51.023301447142096,13.7
G-MB-M-EPO1_01,MB-M-EPO1_01,G-MB-M-EPO1,Gaica,Gaica mbd,2013-06-11,13-14,2013,6,11,162,19,13:15:00,00:00:00,4,11,2,Early,2,1,"Ronald Fernandez-Gomez, Yuri Rosero-Mora",NA,NA,NA,51.023301447142096,13.7
G-MB-M-EPO1_01,MB-M-EPO1_01,G-MB-M-EPO1,Gaica,Gaica mbd,2013-06-12,13-14,2013,6,12,163,20,06:30:00,00:00:00,4,11,3,Early,3,1,"Ronald Fernandez-Gomez, Yuri Rosero-Mora",NA,NA,NA,51.023301447142096,13.7
G-MB-M-EPO1_01,MB-M-EPO1_01,G-MB-M-EPO1,Gaica,Gaica mbd,2013-06-13,13-14,2013,6,13,164,21,06:15:00,00:00:00,4,11,4,Early,4,1,"Ronald Fernandez-Gomez, Yuri Rosero-Mora",NA,NA,NA,51.023301447142096,13.7
G-MB-M-EPO1_01,MB-M-EPO1_01,G-MB-M-EPO1,Gaica,Gaica mbd,2013-09-15,13-14,2013,9,15,258,34,08:35:00,00:00:00,4,11,5,Late,1,1,"Ronald Fernandez-Gomez, Yuri Rosero-Mora",NA,NA,NA,51.023301447142096,13.7
G-MB-M-EPO1_01,MB-M-EPO1_01,G-MB-M-EPO1,Gaica,Gaica mbd,2013-09-16,13-14,2013,9,16,259,35,06:24:00,00:00:00,4,11,6,Late,2,1,"Ronald Fernandez-Gomez, Yuri Rosero-Mora",NA,NA,NA,51.023301447142096,13.7
G-MB-M-EPO1_01,MB-M-EPO1_01,G-MB-M-EPO1,Gaica,Gaica mbd,2013-09-17,13-14,2013,9,17,260,36,07:55:00,00:00:00,4,11,7,Late,3,1,"Ronald Fernandez-Gomez, Yuri Rosero-Mora",NA,NA,NA,51.023301447142096,13.7
G-MB-M-EPO1_01,MB-M-EPO1_01,G-MB-M-EPO1,Gaica,Gaica mbd,2013-09-18,13-14,2013,9,18,261,37,08:02:00,00:00:00,4,11,8,Late,4,1,"Ronald Fernandez-Gomez, Yuri Rosero-Mora",NA,NA,NA,51.023301447142096,13.7
G-MB-M-EPO1_01,MB-M-EPO1_01,G-MB-M-EPO1,Gaica,Gaica mbd,2017-11-23,16-17,2017,11,23,327,126,07:00:00,00:00:00,4,11,1,Early,1,1,"Yuri Rosero-Mora, Robert Rodriguez",NA,NA,NA,52.41304881039979,13.7
G-MB-M-EPO1_01,MB-M-EPO1_01,G-MB-M-EPO1,Gaica,Gaica mbd,2017-11-25,16-17,2017,11,25,329,128,06:20:00,00:00:00,4,11,2,Early,2,1,"Yuri Rosero-Mora, Robert Rodriguez",NA,NA,NA,52.41304881039979,13.7
G-MB-M-EPO1_01,MB-M-EPO1_01,G-MB-M-EPO1,Gaica,Gaica mbd,2017-11-26,16-17,2017,11,26,330,129,06:10:00,00:00:00,4,11,3,Early,3,1,"Yuri Rosero-Mora, Robert Rodriguez",NA,NA,NA,52.41304881039979,13.7
G-MB-M-EPO1_02,MB-M-EPO1_02,G-MB-M-EPO1,Gaica,Gaica mbd,2013-06-10,13-14,2013,6,10,161,18,09:20:00,00:00:00,4,11,1,Early,1,1,"Ronald Fernandez-Gomez, Yuri Rosero-Mora",NA,NA,NA,50.593818984547525,24
G-MB-M-EPO1_02,MB-M-EPO1_02,G-MB-M-EPO1,Gaica,Gaica mbd,2013-06-11,13-14,2013,6,11,162,19,09:00:00,00:00:00,4,11,2,Early,2,1,"Ronald Fernandez-Gomez, Yuri Rosero-Mora",NA,NA,NA,50.593818984547525,24
G-MB-M-EPO1_02,MB-M-EPO1_02,G-MB-M-EPO1,Gaica,Gaica mbd,2013-06-12,13-14,2013,6,12,163,20,09:30:00,00:00:00,4,11,3,Early,3,1,"Ronald Fernandez-Gomez, Yuri Rosero-Mora",NA,NA,NA,50.593818984547525,24
G-MB-M-EPO1_02,MB-M-EPO1_02,G-MB-M-EPO1,Gaica,Gaica mbd,2013-06-13,13-14,2013,6,13,164,21,08:39:00,00:00:00,4,11,4,Early,4,1,"Ronald Fernandez-Gomez, Yuri Rosero-Mora",NA,NA,NA,50.593818984547525,24
G-MB-M-EPO1_02,MB-M-EPO1_02,G-MB-M-EPO1,Gaica,Gaica mbd,2013-09-15,13-14,2013,9,15,258,34,09:20:00,00:00:00,4,11,5,Late,1,1,"Ronald Fernandez-Gomez, Yuri Rosero-Mora",NA,NA,NA,50.593818984547525,24
G-MB-M-EPO1_02,MB-M-EPO1_02,G-MB-M-EPO1,Gaica,Gaica mbd,2013-09-16,13-14,2013,9,16,259,35,08:12:00,00:00:00,4,11,6,Late,2,1,"Ronald Fernandez-Gomez, Yuri Rosero-Mora",NA,NA,NA,50.593818984547525,24
G-MB-M-EPO1_02,MB-M-EPO1_02,G-MB-M-EPO1,Gaica,Gaica mbd,2013-09-17,13-14,2013,9,17,260,36,09:38:00,00:00:00,4,11,7,Late,3,1,"Ronald Fernandez-Gomez, Yuri Rosero-Mora",NA,NA,NA,50.593818984547525,24
G-MB-M-EPO1_02,MB-M-EPO1_02,G-MB-M-EPO1,Gaica,Gaica mbd,2013-09-18,13-14,2013,9,18,261,37,08:25:00,00:00:00,4,11,8,Late,4,1,"Ronald Fernandez-Gomez, Yuri Rosero-Mora",NA,NA,NA,50.593818984547525,24
G-MB-M-EPO1_02,MB-M-EPO1_02,G-MB-M-EPO1,Gaica,Gaica mbd,2017-11-23,16-17,2017,11,23,327,126,08:10:00,00:00:00,4,11,1,Early,1,1,"Yuri Rosero-Mora, Robert Rodriguez",NA,NA,NA,51.640912435614645,24
G-MB-M-EPO1_02,MB-M-EPO1_02,G-MB-M-EPO1,Gaica,Gaica mbd,2017-11-25,16-17,2017,11,25,329,128,06:40:00,00:00:00,4,11,2,Early,2,1,"Yuri Rosero-Mora, Robert Rodriguez",NA,NA,NA,51.640912435614645,24
G-MB-M-EPO1_02,MB-M-EPO1_02,G-MB-M-EPO1,Gaica,Gaica mbd,2017-11-26,16-17,2017,11,26,330,129,06:35:00,00:00:00,4,11,3,Early,3,1,"Yuri Rosero-Mora, Robert Rodriguez",NA,NA,NA,51.640912435614645,24
G-MB-M-EPO1_03,MB-M-EPO1_03,G-MB-M-EPO1,Gaica,Gaica mbd,2013-06-10,13-14,2013,6,10,161,18,09:50:00,00:00:00,3,8,1,Early,1,1,"Ronald Fernandez-Gomez, Yuri Rosero-Mora",NA,NA,NA,48.24313725490217,24
G-MB-M-EPO1_03,MB-M-EPO1_03,G-MB-M-EPO1,Gaica,Gaica mbd,2013-06-11,13-14,2013,6,11,162,19,09:27:00,00:00:00,3,8,2,Early,2,1,"Ronald Fernandez-Gomez, Yuri Rosero-Mora",NA,NA,NA,48.24313725490217,24
G-MB-M-EPO1_03,MB-M-EPO1_03,G-MB-M-EPO1,Gaica,Gaica mbd,2013-06-12,13-14,2013,6,12,163,20,08:54:00,00:00:00,3,8,3,Early,3,1,"Ronald Fernandez-Gomez, Yuri Rosero-Mora",NA,NA,NA,48.24313725490217,24
G-MB-M-EPO1_03,MB-M-EPO1_03,G-MB-M-EPO1,Gaica,Gaica mbd,2013-06-13,13-14,2013,6,13,164,21,08:15:00,00:00:00,3,8,4,Early,4,1,"Ronald Fernandez-Gomez, Yuri Rosero-Mora",NA,NA,NA,48.24313725490217,24
G-MB-M-EPO1_03,MB-M-EPO1_03,G-MB-M-EPO1,Gaica,Gaica mbd,2013-09-15,13-14,2013,9,15,258,34,10:48:00,00:00:00,3,8,5,Late,1,1,"Ronald Fernandez-Gomez, Yuri Rosero-Mora",NA,NA,NA,48.24313725490217,24
G-MB-M-EPO1_03,MB-M-EPO1_03,G-MB-M-EPO1,Gaica,Gaica mbd,2013-09-16,13-14,2013,9,16,259,35,06:49:00,00:00:00,3,8,6,Late,2,1,"Ronald Fernandez-Gomez, Yuri Rosero-Mora",NA,NA,NA,48.24313725490217,24
G-MB-M-EPO1_03,MB-M-EPO1_03,G-MB-M-EPO1,Gaica,Gaica mbd,2013-09-17,13-14,2013,9,17,260,36,09:18:00,00:00:00,3,8,7,Late,3,1,"Ronald Fernandez-Gomez, Yuri Rosero-Mora",NA,NA,NA,48.24313725490217,24
G-MB-M-EPO1_03,MB-M-EPO1_03,G-MB-M-EPO1,Gaica,Gaica mbd,2013-09-18,13-14,2013,9,18,261,37,08:50:00,00:00:00,3,8,8,Late,4,1,"Ronald Fernandez-Gomez, Yuri Rosero-Mora",NA,NA,NA,48.24313725490217,24
G-MB-M-EPO1_03_(1),MB-M-EPO1_03_(1),G-MB-M-EPO1,Gaica,Gaica mbd,2017-11-23,16-17,2017,11,23,327,126,07:50:00,00:00:00,3,3,1,Early,1,0,"Yuri Rosero-Mora, Robert Rodriguez",NA,NA,NA,45.58876900441336,13.8
G-MB-M-EPO1_03_(1),MB-M-EPO1_03_(1),G-MB-M-EPO1,Gaica,Gaica mbd,2017-11-25,16-17,2017,11,25,329,128,07:05:00,00:00:00,3,3,2,Early,2,1,"Yuri Rosero-Mora, Robert Rodriguez",NA,NA,NA,45.58876900441336,13.8
G-MB-M-EPO1_03_(1),MB-M-EPO1_03_(1),G-MB-M-EPO1,Gaica,Gaica mbd,2017-11-26,16-17,2017,11,26,330,129,06:50:00,00:00:00,3,3,3,Early,3,1,"Yuri Rosero-Mora, Robert Rodriguez",NA,NA,NA,45.58876900441336,13.8
G-MB-M-EPO1_04,MB-M-EPO1_04,G-MB-M-EPO1,Gaica,Gaica mbd,2013-06-10,13-14,2013,6,10,161,18,10:30:00,00:00:00,4,11,1,Early,1,1,"Ronald Fernandez-Gomez, Yuri Rosero-Mora",NA,NA,NA,44.705433980821304,24.1
G-MB-M-EPO1_04,MB-M-EPO1_04,G-MB-M-EPO1,Gaica,Gaica mbd,2013-06-11,13-14,2013,6,11,162,19,10:15:00,00:00:00,4,11,2,Early,2,1,"Ronald Fernandez-Gomez, Yuri Rosero-Mora",NA,NA,NA,44.705433980821304,24.1
G-MB-M-EPO1_04,MB-M-EPO1_04,G-MB-M-EPO1,Gaica,Gaica mbd,2013-06-12,13-14,2013,6,12,163,20,08:20:00,00:00:00,4,11,3,Early,3,1,"Ronald Fernandez-Gomez, Yuri Rosero-Mora",NA,NA,NA,44.705433980821304,24.1
G-MB-M-EPO1_04,MB-M-EPO1_04,G-MB-M-EPO1,Gaica,Gaica mbd,2013-06-13,13-14,2013,6,13,164,21,07:30:00,00:00:00,4,11,4,Early,4,1,"Ronald Fernandez-Gomez, Yuri Rosero-Mora",NA,NA,NA,44.705433980821304,24.1
G-MB-M-EPO1_04,MB-M-EPO1_04,G-MB-M-EPO1,Gaica,Gaica mbd,2013-09-15,13-14,2013,9,15,258,34,10:40:00,00:00:00,4,11,5,Late,1,1,"Ronald Fernandez-Gomez, Yuri Rosero-Mora",NA,NA,NA,44.705433980821304,24.1
G-MB-M-EPO1_04,MB-M-EPO1_04,G-MB-M-EPO1,Gaica,Gaica mbd,2013-09-16,13-14,2013,9,16,259,35,07:12:00,00:00:00,4,11,6,Late,2,1,"Ronald Fernandez-Gomez, Yuri Rosero-Mora",NA,NA,NA,44.705433980821304,24.1
G-MB-M-EPO1_04,MB-M-EPO1_04,G-MB-M-EPO1,Gaica,Gaica mbd,2013-09-17,13-14,2013,9,17,260,36,08:59:00,00:00:00,4,11,7,Late,3,1,"Ronald Fernandez-Gomez, Yuri Rosero-Mora",NA,NA,NA,44.705433980821304,24.1
G-MB-M-EPO1_04,MB-M-EPO1_04,G-MB-M-EPO1,Gaica,Gaica mbd,2013-09-18,13-14,2013,9,18,261,37,09:13:00,00:00:00,4,11,8,Late,4,1,"Ronald Fernandez-Gomez, Yuri Rosero-Mora",NA,NA,NA,44.705433980821304,24.1
G-MB-M-EPO1_04,MB-M-EPO1_04,G-MB-M-EPO1,Gaica,Gaica mbd,2017-11-23,16-17,2017,11,23,327,126,07:30:00,00:00:00,4,11,1,Early,1,1,"Yuri Rosero-Mora, Robert Rodriguez",NA,NA,NA,45.910253257929696,24.1
G-MB-M-EPO1_04,MB-M-EPO1_04,G-MB-M-EPO1,Gaica,Gaica mbd,2017-11-25,16-17,2017,11,25,329,128,07:25:00,00:00:00,4,11,2,Early,2,1,"Yuri Rosero-Mora, Robert Rodriguez",NA,NA,NA,45.910253257929696,24.1
G-MB-M-EPO1_04,MB-M-EPO1_04,G-MB-M-EPO1,Gaica,Gaica mbd,2017-11-26,16-17,2017,11,26,330,129,07:15:00,00:00:00,4,11,3,Early,3,1,"Yuri Rosero-Mora, Robert Rodriguez",NA,NA,NA,45.910253257929696,24.1
G-MB-M-EPO1_05,MB-M-EPO1_05,G-MB-M-EPO1,Gaica,Gaica mbd,2013-06-10,13-14,2013,6,10,161,18,11:10:00,00:00:00,4,11,1,Early,1,1,"Ronald Fernandez-Gomez, Yuri Rosero-Mora",NA,NA,NA,49.19867223998043,23.4
G-MB-M-EPO1_05,MB-M-EPO1_05,G-MB-M-EPO1,Gaica,Gaica mbd,2013-06-11,13-14,2013,6,11,162,19,11:10:00,00:00:00,4,11,2,Early,2,1,"Ronald Fernandez-Gomez, Yuri Rosero-Mora",NA,NA,NA,49.19867223998043,23.4
G-MB-M-EPO1_05,MB-M-EPO1_05,G-MB-M-EPO1,Gaica,Gaica mbd,2013-06-12,13-14,2013,6,12,163,20,07:50:00,00:00:00,4,11,3,Early,3,1,"Ronald Fernandez-Gomez, Yuri Rosero-Mora",NA,NA,NA,49.19867223998043,23.4
G-MB-M-EPO1_05,MB-M-EPO1_05,G-MB-M-EPO1,Gaica,Gaica mbd,2013-06-13,13-14,2013,6,13,164,21,07:08:00,00:00:00,4,11,4,Early,4,1,"Ronald Fernandez-Gomez, Yuri Rosero-Mora",NA,NA,NA,49.19867223998043,23.4
G-MB-M-EPO1_05,MB-M-EPO1_05,G-MB-M-EPO1,Gaica,Gaica mbd,2013-09-15,13-14,2013,9,15,258,34,10:10:00,00:00:00,4,11,5,Late,1,1,"Ronald Fernandez-Gomez, Yuri Rosero-Mora",NA,NA,NA,49.19867223998043,23.4
G-MB-M-EPO1_05,MB-M-EPO1_05,G-MB-M-EPO1,Gaica,Gaica mbd,2013-09-16,13-14,2013,9,16,259,35,07:32:00,00:00:00,4,11,6,Late,2,1,"Ronald Fernandez-Gomez, Yuri Rosero-Mora",NA,NA,NA,49.19867223998043,23.4
G-MB-M-EPO1_05,MB-M-EPO1_05,G-MB-M-EPO1,Gaica,Gaica mbd,2013-09-17,13-14,2013,9,17,260,36,08:43:00,00:00:00,4,11,7,Late,3,1,"Ronald Fernandez-Gomez, Yuri Rosero-Mora",NA,NA,NA,49.19867223998043,23.4
G-MB-M-EPO1_05,MB-M-EPO1_05,G-MB-M-EPO1,Gaica,Gaica mbd,2013-09-18,13-14,2013,9,18,261,37,09:45:00,00:00:00,4,11,8,Late,4,1,"Ronald Fernandez-Gomez, Yuri Rosero-Mora",NA,NA,NA,49.19867223998043,23.4
G-MB-M-EPO1_05,MB-M-EPO1_05,G-MB-M-EPO1,Gaica,Gaica mbd,2017-11-23,16-17,2017,11,23,327,126,08:35:00,00:00:00,4,11,1,Early,1,1,"Yuri Rosero-Mora, Robert Rodriguez",NA,NA,NA,50.32898942709589,23.4
G-MB-M-EPO1_05,MB-M-EPO1_05,G-MB-M-EPO1,Gaica,Gaica mbd,2017-11-25,16-17,2017,11,25,329,128,07:45:00,00:00:00,4,11,2,Early,2,1,"Yuri Rosero-Mora, Robert Rodriguez",NA,NA,NA,50.32898942709589,23.4
G-MB-M-EPO1_05,MB-M-EPO1_05,G-MB-M-EPO1,Gaica,Gaica mbd,2017-11-26,16-17,2017,11,26,330,129,07:30:00,00:00:00,4,11,3,Early,3,1,"Yuri Rosero-Mora, Robert Rodriguez",NA,NA,NA,50.32898942709589,23.4
G-MB-M-EPO1_06,MB-M-EPO1_06,G-MB-M-EPO1,Gaica,Gaica mbd,2013-06-10,13-14,2013,6,10,161,18,11:30:00,00:00:00,4,11,1,Early,1,1,"Ronald Fernandez-Gomez, Yuri Rosero-Mora",NA,NA,NA,50.75919568415896,18.5
G-MB-M-EPO1_06,MB-M-EPO1_06,G-MB-M-EPO1,Gaica,Gaica mbd,2013-06-11,13-14,2013,6,11,162,19,11:45:00,00:00:00,4,11,2,Early,2,1,"Ronald Fernandez-Gomez, Yuri Rosero-Mora",NA,NA,NA,50.75919568415896,18.5
G-MB-M-EPO1_06,MB-M-EPO1_06,G-MB-M-EPO1,Gaica,Gaica mbd,2013-06-12,13-14,2013,6,12,163,20,07:10:00,00:00:00,4,11,3,Early,3,1,"Ronald Fernandez-Gomez, Yuri Rosero-Mora",NA,NA,NA,50.75919568415896,18.5
G-MB-M-EPO1_06,MB-M-EPO1_06,G-MB-M-EPO1,Gaica,Gaica mbd,2013-06-13,13-14,2013,6,13,164,21,06:38:00,00:00:00,4,11,4,Early,4,1,"Ronald Fernandez-Gomez, Yuri Rosero-Mora",NA,NA,NA,50.75919568415896,18.5
G-MB-M-EPO1_06,MB-M-EPO1_06,G-MB-M-EPO1,Gaica,Gaica mbd,2013-09-15,13-14,2013,9,15,258,34,09:50:00,00:00:00,4,11,5,Late,1,1,"Ronald Fernandez-Gomez, Yuri Rosero-Mora",NA,NA,NA,50.75919568415896,18.5
G-MB-M-EPO1_06,MB-M-EPO1_06,G-MB-M-EPO1,Gaica,Gaica mbd,2013-09-16,13-14,2013,9,16,259,35,07:53:00,00:00:00,4,11,6,Late,2,1,"Ronald Fernandez-Gomez, Yuri Rosero-Mora",NA,NA,NA,50.75919568415896,18.5
G-MB-M-EPO1_06,MB-M-EPO1_06,G-MB-M-EPO1,Gaica,Gaica mbd,2013-09-17,13-14,2013,9,17,260,36,08:22:00,00:00:00,4,11,7,Late,3,1,"Ronald Fernandez-Gomez, Yuri Rosero-Mora",NA,NA,NA,50.75919568415896,18.5
G-MB-M-EPO1_06,MB-M-EPO1_06,G-MB-M-EPO1,Gaica,Gaica mbd,2013-09-18,13-14,2013,9,18,261,37,06:10:00,00:00:00,4,11,8,Late,4,1,"Ronald Fernandez-Gomez, Yuri Rosero-Mora",NA,NA,NA,50.75919568415896,18.5
G-MB-M-EPO1_06,MB-M-EPO1_06,G-MB-M-EPO1,Gaica,Gaica mbd,2017-11-23,16-17,2017,11,23,327,126,08:55:00,00:00:00,4,11,1,Early,1,1,"Yuri Rosero-Mora, Robert Rodriguez",NA,NA,NA,51.87371260421765,18.5
G-MB-M-EPO1_06,MB-M-EPO1_06,G-MB-M-EPO1,Gaica,Gaica mbd,2017-11-25,16-17,2017,11,25,329,128,08:05:00,00:00:00,4,11,2,Early,2,1,"Yuri Rosero-Mora, Robert Rodriguez",NA,NA,NA,51.87371260421765,18.5
G-MB-M-EPO1_06,MB-M-EPO1_06,G-MB-M-EPO1,Gaica,Gaica mbd,2017-11-26,16-17,2017,11,26,330,129,07:50:00,00:00:00,4,11,3,Early,3,1,"Yuri Rosero-Mora, Robert Rodriguez",NA,NA,NA,51.87371260421765,18.5
G-MB-M-LCA1_01,MB-M-LCA1_01,G-MB-M-LCA1,Gaica,Gaica mbd,2016-10-28,16-17,2016,10,28,302,42,07:44:00,00:00:00,1,6,1,Early,1,1,"Yuri Rosero-Mora, Robert Rodriguez",NA,NA,NA,18.507253503811512,12.9
G-MB-M-LCA1_01,MB-M-LCA1_01,G-MB-M-LCA1,Gaica,Gaica mbd,2016-10-29,16-17,2016,10,29,303,43,06:05:00,00:00:00,1,6,2,Early,2,1,"Yuri Rosero-Mora, Robert Rodriguez",NA,NA,NA,18.507253503811512,12.9
G-MB-M-LCA1_01,MB-M-LCA1_01,G-MB-M-LCA1,Gaica,Gaica mbd,2016-10-30,16-17,2016,10,30,304,44,06:00:00,00:00:00,1,6,3,Early,3,1,"Yuri Rosero-Mora, Robert Rodriguez",NA,NA,NA,18.507253503811512,12.9
G-MB-M-LCA1_01,MB-M-LCA1_01,G-MB-M-LCA1,Gaica,Gaica mbd,2017-03-28,16-17,2017,3,28,87,14,10:30:00,00:00:00,1,6,4,Late,1,1,"Yuri Rosero-Mora, Robert Rodriguez",NA,NA,NA,18.62871895746215,12.9
G-MB-M-LCA1_01,MB-M-LCA1_01,G-MB-M-LCA1,Gaica,Gaica mbd,2017-03-29,16-17,2017,3,29,88,15,06:25:00,00:00:00,1,6,5,Late,2,1,"Yuri Rosero-Mora, Robert Rodriguez",NA,NA,NA,18.62871895746215,12.9
G-MB-M-LCA1_01,MB-M-LCA1_01,G-MB-M-LCA1,Gaica,Gaica mbd,2017-03-30,16-17,2017,3,30,89,16,06:20:00,00:00:00,1,6,6,Late,3,1,"Yuri Rosero-Mora, Robert Rodriguez",NA,NA,NA,18.62871895746215,12.9
G-MB-M-LCA1_02,MB-M-LCA1_02,G-MB-M-LCA1,Gaica,Gaica mbd,2016-10-28,16-17,2016,10,28,302,42,08:00:00,00:00:00,1,6,1,Early,1,1,"Yuri Rosero-Mora, Robert Rodriguez",NA,NA,NA,18.02524509803928,14.8
G-MB-M-LCA1_02,MB-M-LCA1_02,G-MB-M-LCA1,Gaica,Gaica mbd,2016-10-29,16-17,2016,10,29,303,43,06:25:00,00:00:00,1,6,2,Early,2,1,"Yuri Rosero-Mora, Robert Rodriguez",NA,NA,NA,18.02524509803928,14.8
G-MB-M-LCA1_02,MB-M-LCA1_02,G-MB-M-LCA1,Gaica,Gaica mbd,2016-10-30,16-17,2016,10,30,304,44,06:20:00,00:00:00,1,6,3,Early,3,1,"Yuri Rosero-Mora, Robert Rodriguez",NA,NA,NA,18.02524509803928,14.8
G-MB-M-LCA1_02,MB-M-LCA1_02,G-MB-M-LCA1,Gaica,Gaica mbd,2017-03-28,16-17,2017,3,28,87,14,10:53:00,00:00:00,1,6,4,Late,1,1,"Yuri Rosero-Mora, Robert Rodriguez",NA,NA,NA,17.95490196078464,14.8
G-MB-M-LCA1_02,MB-M-LCA1_02,G-MB-M-LCA1,Gaica,Gaica mbd,2017-03-29,16-17,2017,3,29,88,15,07:03:00,00:00:00,1,6,5,Late,2,1,"Yuri Rosero-Mora, Robert Rodriguez",NA,NA,NA,17.95490196078464,14.8
G-MB-M-LCA1_02,MB-M-LCA1_02,G-MB-M-LCA1,Gaica,Gaica mbd,2017-03-30,16-17,2017,3,30,89,16,06:23:00,00:00:00,1,6,6,Late,3,1,"Yuri Rosero-Mora, Robert Rodriguez",NA,NA,NA,17.95490196078464,14.8
G-MB-M-LCA1_03,MB-M-LCA1_03,G-MB-M-LCA1,Gaica,Gaica mbd,2016-10-28,16-17,2016,10,28,302,42,08:17:00,00:00:00,1,6,1,Early,1,1,"Yuri Rosero-Mora, Robert Rodriguez",NA,NA,NA,17.39671246319892,15.2
G-MB-M-LCA1_03,MB-M-LCA1_03,G-MB-M-LCA1,Gaica,Gaica mbd,2016-10-29,16-17,2016,10,29,303,43,06:50:00,00:00:00,1,6,2,Early,2,1,"Yuri Rosero-Mora, Robert Rodriguez",NA,NA,NA,17.39671246319892,15.2
G-MB-M-LCA1_03,MB-M-LCA1_03,G-MB-M-LCA1,Gaica,Gaica mbd,2016-10-30,16-17,2016,10,30,304,44,06:35:00,00:00:00,1,6,3,Early,3,1,"Yuri Rosero-Mora, Robert Rodriguez",NA,NA,NA,17.39671246319892,15.2
G-MB-M-LCA1_03,MB-M-LCA1_03,G-MB-M-LCA1,Gaica,Gaica mbd,2017-03-28,16-17,2017,3,28,87,14,11:20:00,00:00:00,1,6,4,Late,1,1,"Yuri Rosero-Mora, Robert Rodriguez",NA,NA,NA,17.314278704612136,15.2
G-MB-M-LCA1_03,MB-M-LCA1_03,G-MB-M-LCA1,Gaica,Gaica mbd,2017-03-29,16-17,2017,3,29,88,15,07:25:00,00:00:00,1,6,5,Late,2,1,"Yuri Rosero-Mora, Robert Rodriguez",NA,NA,NA,17.314278704612136,15.2
G-MB-M-LCA1_03,MB-M-LCA1_03,G-MB-M-LCA1,Gaica,Gaica mbd,2017-03-30,16-17,2017,3,30,89,16,06:55:00,00:00:00,1,6,6,Late,3,1,"Yuri Rosero-Mora, Robert Rodriguez",NA,NA,NA,17.314278704612136,15.2
G-MB-M-LCA1_04,MB-M-LCA1_04,G-MB-M-LCA1,Gaica,Gaica mbd,2016-10-28,16-17,2016,10,28,302,42,07:50:00,00:00:00,1,6,1,Early,1,1,"Yuri Rosero-Mora, Robert Rodriguez",NA,NA,NA,19.31744471744463,13.6
G-MB-M-LCA1_04,MB-M-LCA1_04,G-MB-M-LCA1,Gaica,Gaica mbd,2016-10-29,16-17,2016,10,29,303,43,06:15:00,00:00:00,1,6,2,Early,2,1,"Yuri Rosero-Mora, Robert Rodriguez",NA,NA,NA,19.31744471744463,13.6
G-MB-M-LCA1_04,MB-M-LCA1_04,G-MB-M-LCA1,Gaica,Gaica mbd,2016-10-30,16-17,2016,10,30,304,44,06:40:00,00:00:00,1,6,3,Early,3,1,"Yuri Rosero-Mora, Robert Rodriguez",NA,NA,NA,19.31744471744463,13.6
G-MB-M-LCA1_04,MB-M-LCA1_04,G-MB-M-LCA1,Gaica,Gaica mbd,2017-03-28,16-17,2017,3,28,87,14,06:25:00,00:00:00,1,6,4,Late,1,1,"Yuri Rosero-Mora, Robert Rodriguez",NA,NA,NA,19.498280098280336,13.6
G-MB-M-LCA1_04,MB-M-LCA1_04,G-MB-M-LCA1,Gaica,Gaica mbd,2017-03-29,16-17,2017,3,29,88,15,07:37:00,00:00:00,1,6,5,Late,2,1,"Yuri Rosero-Mora, Robert Rodriguez",NA,NA,NA,19.498280098280336,13.6
G-MB-M-LCA1_04,MB-M-LCA1_04,G-MB-M-LCA1,Gaica,Gaica mbd,2017-03-30,16-17,2017,3,30,89,16,07:25:00,00:00:00,1,6,6,Late,3,1,"Yuri Rosero-Mora, Robert Rodriguez",NA,NA,NA,19.498280098280336,13.6
G-MB-M-LCA1_05,MB-M-LCA1_05,G-MB-M-LCA1,Gaica,Gaica mbd,2016-10-28,16-17,2016,10,28,302,42,08:15:00,00:00:00,1,6,1,Early,1,1,"Yuri Rosero-Mora, Robert Rodriguez",NA,NA,NA,18.90857843137268,14.4
G-MB-M-LCA1_05,MB-M-LCA1_05,G-MB-M-LCA1,Gaica,Gaica mbd,2016-10-29,16-17,2016,10,29,303,43,06:30:00,00:00:00,1,6,2,Early,2,1,"Yuri Rosero-Mora, Robert Rodriguez",NA,NA,NA,18.90857843137268,14.4
G-MB-M-LCA1_05,MB-M-LCA1_05,G-MB-M-LCA1,Gaica,Gaica mbd,2016-10-30,16-17,2016,10,30,304,44,07:10:00,00:00:00,1,6,3,Early,3,1,"Yuri Rosero-Mora, Robert Rodriguez",NA,NA,NA,18.90857843137268,14.4
G-MB-M-LCA1_05,MB-M-LCA1_05,G-MB-M-LCA1,Gaica,Gaica mbd,2017-03-28,16-17,2017,3,28,87,14,07:14:00,00:00:00,1,6,4,Late,1,1,"Yuri Rosero-Mora, Robert Rodriguez",NA,NA,NA,19.032598039215937,14.4
G-MB-M-LCA1_05,MB-M-LCA1_05,G-MB-M-LCA1,Gaica,Gaica mbd,2017-03-29,16-17,2017,3,29,88,15,07:50:00,00:00:00,1,6,5,Late,2,1,"Yuri Rosero-Mora, Robert Rodriguez",NA,NA,NA,19.032598039215937,14.4
G-MB-M-LCA1_05,MB-M-LCA1_05,G-MB-M-LCA1,Gaica,Gaica mbd,2017-03-30,16-17,2017,3,30,89,16,07:50:00,00:00:00,1,6,6,Late,3,1,"Yuri Rosero-Mora, Robert Rodriguez",NA,NA,NA,19.032598039215937,14.4
G-MB-M-LCA1_06,MB-M-LCA1_06,G-MB-M-LCA1,Gaica,Gaica mbd,2016-10-28,16-17,2016,10,28,302,42,08:40:00,00:00:00,1,6,1,Early,1,1,"Yuri Rosero-Mora, Robert Rodriguez",NA,NA,NA,18.009813542689017,14.6
G-MB-M-LCA1_06,MB-M-LCA1_06,G-MB-M-LCA1,Gaica,Gaica mbd,2016-10-29,16-17,2016,10,29,303,43,07:00:00,00:00:00,1,6,2,Early,2,1,"Yuri Rosero-Mora, Robert Rodriguez",NA,NA,NA,18.009813542689017,14.6
G-MB-M-LCA1_06,MB-M-LCA1_06,G-MB-M-LCA1,Gaica,Gaica mbd,2016-10-30,16-17,2016,10,30,304,44,07:25:00,00:00:00,1,6,3,Early,3,1,"Yuri Rosero-Mora, Robert Rodriguez",NA,NA,NA,18.009813542689017,14.6
G-MB-M-LCA1_06,MB-M-LCA1_06,G-MB-M-LCA1,Gaica,Gaica mbd,2017-03-28,16-17,2017,3,28,87,14,07:40:00,00:00:00,1,6,4,Late,1,1,"Yuri Rosero-Mora, Robert Rodriguez",NA,NA,NA,17.929342492639716,14.6
G-MB-M-LCA1_06,MB-M-LCA1_06,G-MB-M-LCA1,Gaica,Gaica mbd,2017-03-29,16-17,2017,3,29,88,15,08:12:00,00:00:00,1,6,5,Late,2,1,"Yuri Rosero-Mora, Robert Rodriguez",NA,NA,NA,17.929342492639716,14.6
G-MB-M-LCA1_06,MB-M-LCA1_06,G-MB-M-LCA1,Gaica,Gaica mbd,2017-03-30,16-17,2017,3,30,89,16,08:12:00,00:00:00,1,6,6,Late,3,1,"Yuri Rosero-Mora, Robert Rodriguez",NA,NA,NA,17.929342492639716,14.6
G-MB-M-LCR_01,MB-M-LCR_01,G-MB-M-LCR,Gaica,Gaica mbd,2013-06-06,13-14,2013,6,6,157,14,05:30:00,00:00:00,4,12,1,Early,1,1,"Ronald Fernandez-Gomez, Yuri Rosero-Mora",NA,NA,NA,48.61323529411772,12.8
G-MB-M-LCR_01,MB-M-LCR_01,G-MB-M-LCR,Gaica,Gaica mbd,2013-06-07,13-14,2013,6,7,158,15,05:58:00,00:00:00,4,12,2,Early,2,1,"Ronald Fernandez-Gomez, Yuri Rosero-Mora",NA,NA,NA,48.61323529411772,12.8
G-MB-M-LCR_01,MB-M-LCR_01,G-MB-M-LCR,Gaica,Gaica mbd,2013-06-08,13-14,2013,6,8,159,16,06:05:00,00:00:00,4,12,3,Early,3,1,"Ronald Fernandez-Gomez, Yuri Rosero-Mora",NA,NA,NA,48.61323529411772,12.8
G-MB-M-LCR_01,MB-M-LCR_01,G-MB-M-LCR,Gaica,Gaica mbd,2013-06-09,13-14,2013,6,9,160,17,05:45:00,00:00:00,4,12,4,Early,4,1,"Ronald Fernandez-Gomez, Yuri Rosero-Mora",NA,NA,NA,48.61323529411772,12.8
G-MB-M-LCR_01,MB-M-LCR_01,G-MB-M-LCR,Gaica,Gaica mbd,2013-09-19,13-14,2013,9,19,262,38,05:57:00,00:00:00,4,12,5,Late,1,1,"Ronald Fernandez-Gomez, Yuri Rosero-Mora",NA,NA,NA,48.61323529411772,12.8
G-MB-M-LCR_01,MB-M-LCR_01,G-MB-M-LCR,Gaica,Gaica mbd,2013-09-20,13-14,2013,9,20,263,39,06:01:00,00:00:00,4,12,6,Late,2,1,"Ronald Fernandez-Gomez, Yuri Rosero-Mora",NA,NA,NA,48.61323529411772,12.8
G-MB-M-LCR_01,MB-M-LCR_01,G-MB-M-LCR,Gaica,Gaica mbd,2013-09-21,13-14,2013,9,21,264,40,05:45:00,00:00:00,4,12,7,Late,3,1,"Ronald Fernandez-Gomez, Yuri Rosero-Mora",NA,NA,NA,48.61323529411772,12.8
G-MB-M-LCR_01,MB-M-LCR_01,G-MB-M-LCR,Gaica,Gaica mbd,2013-09-22,13-14,2013,9,22,265,41,06:02:00,00:00:00,4,12,8,Late,4,1,"Ronald Fernandez-Gomez, Yuri Rosero-Mora",NA,NA,NA,48.61323529411772,12.8
G-MB-M-LCR_01,MB-M-LCR_01,G-MB-M-LCR,Gaica,Gaica mbd,2017-11-27,16-17,2017,11,27,331,130,06:20:00,00:00:00,4,12,1,Early,1,1,"Yuri Rosero-Mora, Robert Rodriguez",NA,NA,NA,50.13970588235281,12.8
G-MB-M-LCR_01,MB-M-LCR_01,G-MB-M-LCR,Gaica,Gaica mbd,2017-11-28,16-17,2017,11,28,332,131,06:50:00,00:00:00,4,12,2,Early,2,1,"Yuri Rosero-Mora, Robert Rodriguez",NA,NA,NA,50.13970588235281,12.8
G-MB-M-LCR_01,MB-M-LCR_01,G-MB-M-LCR,Gaica,Gaica mbd,2017-11-29,16-17,2017,11,29,333,132,06:50:00,00:00:00,4,12,3,Early,3,1,"Yuri Rosero-Mora, Robert Rodriguez",NA,NA,NA,50.13970588235281,12.8
G-MB-M-LCR_01,MB-M-LCR_01,G-MB-M-LCR,Gaica,Gaica mbd,2017-11-30,16-17,2017,11,30,334,133,06:40:00,00:00:00,4,12,4,Early,4,1,"Yuri Rosero-Mora, Robert Rodriguez",NA,NA,NA,50.13970588235281,12.8
G-MB-M-LCR_02,MB-M-LCR_02,G-MB-M-LCR,Gaica,Gaica mbd,2013-06-06,13-14,2013,6,6,157,14,06:00:00,00:00:00,2,8,1,Early,1,0,"Ronald Fernandez-Gomez, Yuri Rosero-Mora",NA,NA,NA,49.93820500245207,16.2
G-MB-M-LCR_02,MB-M-LCR_02,G-MB-M-LCR,Gaica,Gaica mbd,2013-06-07,13-14,2013,6,7,158,15,09:20:00,00:00:00,2,8,2,Early,2,1,"Ronald Fernandez-Gomez, Yuri Rosero-Mora",NA,NA,NA,49.93820500245207,16.2
G-MB-M-LCR_02,MB-M-LCR_02,G-MB-M-LCR,Gaica,Gaica mbd,2013-06-08,13-14,2013,6,8,159,16,06:32:00,00:00:00,2,8,3,Early,3,1,"Ronald Fernandez-Gomez, Yuri Rosero-Mora",NA,NA,NA,49.93820500245207,16.2
G-MB-M-LCR_02,MB-M-LCR_02,G-MB-M-LCR,Gaica,Gaica mbd,2013-06-09,13-14,2013,6,9,160,17,06:10:00,00:00:00,2,8,4,Early,4,1,"Ronald Fernandez-Gomez, Yuri Rosero-Mora",NA,NA,NA,49.93820500245207,16.2
G-MB-M-LCR_02,MB-M-LCR_02,G-MB-M-LCR,Gaica,Gaica mbd,2013-09-19,13-14,2013,9,19,262,38,06:20:00,00:00:00,2,8,5,Late,1,1,"Ronald Fernandez-Gomez, Yuri Rosero-Mora",NA,NA,NA,49.93820500245207,16.2
G-MB-M-LCR_02,MB-M-LCR_02,G-MB-M-LCR,Gaica,Gaica mbd,2013-09-20,13-14,2013,9,20,263,39,06:23:00,00:00:00,2,8,6,Late,2,1,"Ronald Fernandez-Gomez, Yuri Rosero-Mora",NA,NA,NA,49.93820500245207,16.2
G-MB-M-LCR_02,MB-M-LCR_02,G-MB-M-LCR,Gaica,Gaica mbd,2013-09-21,13-14,2013,9,21,264,40,08:05:00,00:00:00,2,8,7,Late,3,1,"Ronald Fernandez-Gomez, Yuri Rosero-Mora",NA,NA,NA,49.93820500245207,16.2
G-MB-M-LCR_02,MB-M-LCR_02,G-MB-M-LCR,Gaica,Gaica mbd,2013-09-22,13-14,2013,9,22,265,41,06:22:00,00:00:00,2,8,8,Late,4,1,"Ronald Fernandez-Gomez, Yuri Rosero-Mora",NA,NA,NA,49.93820500245207,16.2
G-MB-M-LCR_03,MB-M-LCR_03,G-MB-M-LCR,Gaica,Gaica mbd,2013-06-06,13-14,2013,6,6,157,14,06:40:00,00:00:00,4,12,1,Early,1,1,"Ronald Fernandez-Gomez, Yuri Rosero-Mora",NA,NA,NA,49.890828620604935,18.6
G-MB-M-LCR_03,MB-M-LCR_03,G-MB-M-LCR,Gaica,Gaica mbd,2013-06-07,13-14,2013,6,7,158,15,08:25:00,00:00:00,4,12,2,Early,2,1,"Ronald Fernandez-Gomez, Yuri Rosero-Mora",NA,NA,NA,49.890828620604935,18.6
G-MB-M-LCR_03,MB-M-LCR_03,G-MB-M-LCR,Gaica,Gaica mbd,2013-06-08,13-14,2013,6,8,159,16,09:08:00,00:00:00,4,12,3,Early,3,1,"Ronald Fernandez-Gomez, Yuri Rosero-Mora",NA,NA,NA,49.890828620604935,18.6
G-MB-M-LCR_03,MB-M-LCR_03,G-MB-M-LCR,Gaica,Gaica mbd,2013-06-09,13-14,2013,6,9,160,17,06:25:00,00:00:00,4,12,4,Early,4,1,"Ronald Fernandez-Gomez, Yuri Rosero-Mora",NA,NA,NA,49.890828620604935,18.6
G-MB-M-LCR_03,MB-M-LCR_03,G-MB-M-LCR,Gaica,Gaica mbd,2013-09-19,13-14,2013,9,19,262,38,06:50:00,00:00:00,4,12,5,Late,1,1,"Ronald Fernandez-Gomez, Yuri Rosero-Mora",NA,NA,NA,49.890828620604935,18.6
G-MB-M-LCR_03,MB-M-LCR_03,G-MB-M-LCR,Gaica,Gaica mbd,2013-09-20,13-14,2013,9,20,263,39,06:47:00,00:00:00,4,12,6,Late,2,1,"Ronald Fernandez-Gomez, Yuri Rosero-Mora",NA,NA,NA,49.890828620604935,18.6
G-MB-M-LCR_03,MB-M-LCR_03,G-MB-M-LCR,Gaica,Gaica mbd,2013-09-21,13-14,2013,9,21,264,40,07:15:00,00:00:00,4,12,7,Late,3,1,"Ronald Fernandez-Gomez, Yuri Rosero-Mora",NA,NA,NA,49.890828620604935,18.6
G-MB-M-LCR_03,MB-M-LCR_03,G-MB-M-LCR,Gaica,Gaica mbd,2013-09-22,13-14,2013,9,22,265,41,07:15:00,00:00:00,4,12,8,Late,4,0,"Ronald Fernandez-Gomez, Yuri Rosero-Mora",NA,NA,NA,49.890828620604935,18.6
G-MB-M-LCR_03,MB-M-LCR_03,G-MB-M-LCR,Gaica,Gaica mbd,2017-11-27,16-17,2017,11,27,331,130,07:08:00,00:00:00,4,12,1,Early,1,1,"Yuri Rosero-Mora, Robert Rodriguez",NA,NA,NA,51.62232603884927,18.6
G-MB-M-LCR_03,MB-M-LCR_03,G-MB-M-LCR,Gaica,Gaica mbd,2017-11-28,16-17,2017,11,28,332,131,07:35:00,00:00:00,4,12,2,Early,2,1,"Yuri Rosero-Mora, Robert Rodriguez",NA,NA,NA,51.62232603884927,18.6
G-MB-M-LCR_03,MB-M-LCR_03,G-MB-M-LCR,Gaica,Gaica mbd,2017-11-29,16-17,2017,11,29,333,132,07:48:00,00:00:00,4,12,3,Early,3,1,"Yuri Rosero-Mora, Robert Rodriguez",NA,NA,NA,51.62232603884927,18.6
G-MB-M-LCR_03,MB-M-LCR_03,G-MB-M-LCR,Gaica,Gaica mbd,2017-11-30,16-17,2017,11,30,334,133,07:13:00,00:00:00,4,12,4,Early,4,1,"Yuri Rosero-Mora, Robert Rodriguez",NA,NA,NA,51.62232603884927,18.6
G-MB-M-LCR_04,MB-M-LCR_04,G-MB-M-LCR,Gaica,Gaica mbd,2013-06-06,13-14,2013,6,6,157,14,07:20:00,00:00:00,4,12,1,Early,1,1,"Ronald Fernandez-Gomez, Yuri Rosero-Mora",NA,NA,NA,48.86550282763706,19.9
G-MB-M-LCR_04,MB-M-LCR_04,G-MB-M-LCR,Gaica,Gaica mbd,2013-06-07,13-14,2013,6,7,158,15,07:40:00,00:00:00,4,12,2,Early,2,1,"Ronald Fernandez-Gomez, Yuri Rosero-Mora",NA,NA,NA,48.86550282763706,19.9
G-MB-M-LCR_04,MB-M-LCR_04,G-MB-M-LCR,Gaica,Gaica mbd,2013-06-08,13-14,2013,6,8,159,16,09:35:00,00:00:00,4,12,3,Early,3,1,"Ronald Fernandez-Gomez, Yuri Rosero-Mora",NA,NA,NA,48.86550282763706,19.9
G-MB-M-LCR_04,MB-M-LCR_04,G-MB-M-LCR,Gaica,Gaica mbd,2013-06-09,13-14,2013,6,9,160,17,06:55:00,00:00:00,4,12,4,Early,4,1,"Ronald Fernandez-Gomez, Yuri Rosero-Mora",NA,NA,NA,48.86550282763706,19.9
G-MB-M-LCR_04,MB-M-LCR_04,G-MB-M-LCR,Gaica,Gaica mbd,2013-09-19,13-14,2013,9,19,262,38,07:16:00,00:00:00,4,12,5,Late,1,1,"Ronald Fernandez-Gomez, Yuri Rosero-Mora",NA,NA,NA,48.86550282763706,19.9
G-MB-M-LCR_04,MB-M-LCR_04,G-MB-M-LCR,Gaica,Gaica mbd,2013-09-20,13-14,2013,9,20,263,39,07:10:00,00:00:00,4,12,6,Late,2,1,"Ronald Fernandez-Gomez, Yuri Rosero-Mora",NA,NA,NA,48.86550282763706,19.9
G-MB-M-LCR_04,MB-M-LCR_04,G-MB-M-LCR,Gaica,Gaica mbd,2013-09-21,13-14,2013,9,21,264,40,07:38:00,00:00:00,4,12,7,Late,3,1,"Ronald Fernandez-Gomez, Yuri Rosero-Mora",NA,NA,NA,48.86550282763706,19.9
G-MB-M-LCR_04,MB-M-LCR_04,G-MB-M-LCR,Gaica,Gaica mbd,2013-09-22,13-14,2013,9,22,265,41,07:43:00,00:00:00,4,12,8,Late,4,0,"Ronald Fernandez-Gomez, Yuri Rosero-Mora",NA,NA,NA,48.86550282763706,19.9
G-MB-M-LCR_04,MB-M-LCR_04,G-MB-M-LCR,Gaica,Gaica mbd,2017-11-27,16-17,2017,11,27,331,130,06:50:00,00:00:00,4,12,1,Early,1,1,"Yuri Rosero-Mora, Robert Rodriguez",NA,NA,NA,50.485370051635016,19.9
G-MB-M-LCR_04,MB-M-LCR_04,G-MB-M-LCR,Gaica,Gaica mbd,2017-11-28,16-17,2017,11,28,332,131,07:10:00,00:00:00,4,12,2,Early,2,1,"Yuri Rosero-Mora, Robert Rodriguez",NA,NA,NA,50.485370051635016,19.9
G-MB-M-LCR_04,MB-M-LCR_04,G-MB-M-LCR,Gaica,Gaica mbd,2017-11-29,16-17,2017,11,29,333,132,07:10:00,00:00:00,4,12,3,Early,3,1,"Yuri Rosero-Mora, Robert Rodriguez",NA,NA,NA,50.485370051635016,19.9
G-MB-M-LCR_04,MB-M-LCR_04,G-MB-M-LCR,Gaica,Gaica mbd,2017-11-30,16-17,2017,11,30,334,133,06:55:00,00:00:00,4,12,4,Early,4,1,"Yuri Rosero-Mora, Robert Rodriguez",NA,NA,NA,50.485370051635016,19.9
G-MB-M-LCR_05,MB-M-LCR_05,G-MB-M-LCR,Gaica,Gaica mbd,2013-06-06,13-14,2013,6,6,157,14,09:20:00,00:00:00,2,8,1,Early,1,1,"Ronald Fernandez-Gomez, Yuri Rosero-Mora",NA,NA,NA,50.25282000980868,18.6
G-MB-M-LCR_05,MB-M-LCR_05,G-MB-M-LCR,Gaica,Gaica mbd,2013-06-07,13-14,2013,6,7,158,15,06:48:00,00:00:00,2,8,2,Early,2,1,"Ronald Fernandez-Gomez, Yuri Rosero-Mora",NA,NA,NA,50.25282000980868,18.6
G-MB-M-LCR_05,MB-M-LCR_05,G-MB-M-LCR,Gaica,Gaica mbd,2013-06-08,13-14,2013,6,8,159,16,08:20:00,00:00:00,2,8,3,Early,3,1,"Ronald Fernandez-Gomez, Yuri Rosero-Mora",NA,NA,NA,50.25282000980868,18.6
G-MB-M-LCR_05,MB-M-LCR_05,G-MB-M-LCR,Gaica,Gaica mbd,2013-06-09,13-14,2013,6,9,160,17,08:30:00,00:00:00,2,8,4,Early,4,1,"Ronald Fernandez-Gomez, Yuri Rosero-Mora",NA,NA,NA,50.25282000980868,18.6
G-MB-M-LCR_05,MB-M-LCR_05,G-MB-M-LCR,Gaica,Gaica mbd,2013-09-19,13-14,2013,9,19,262,38,07:42:00,00:00:00,2,8,5,Late,1,1,"Ronald Fernandez-Gomez, Yuri Rosero-Mora",NA,NA,NA,50.25282000980868,18.6
G-MB-M-LCR_05,MB-M-LCR_05,G-MB-M-LCR,Gaica,Gaica mbd,2013-09-20,13-14,2013,9,20,263,39,07:38:00,00:00:00,2,8,6,Late,2,1,"Ronald Fernandez-Gomez, Yuri Rosero-Mora",NA,NA,NA,50.25282000980868,18.6
G-MB-M-LCR_05,MB-M-LCR_05,G-MB-M-LCR,Gaica,Gaica mbd,2013-09-21,13-14,2013,9,21,264,40,06:43:00,00:00:00,2,8,7,Late,3,1,"Ronald Fernandez-Gomez, Yuri Rosero-Mora",NA,NA,NA,50.25282000980868,18.6
G-MB-M-LCR_05,MB-M-LCR_05,G-MB-M-LCR,Gaica,Gaica mbd,2013-09-22,13-14,2013,9,22,265,41,08:05:00,00:00:00,2,8,8,Late,4,0,"Ronald Fernandez-Gomez, Yuri Rosero-Mora",NA,NA,NA,50.25282000980868,18.6
G-MB-M-LCR_06,MB-M-LCR_06,G-MB-M-LCR,Gaica,Gaica mbd,2013-06-06,13-14,2013,6,6,157,14,09:47:00,00:00:00,2,8,1,Early,1,1,"Ronald Fernandez-Gomez, Yuri Rosero-Mora",NA,NA,NA,50.93518291185853,17.5
G-MB-M-LCR_06,MB-M-LCR_06,G-MB-M-LCR,Gaica,Gaica mbd,2013-06-07,13-14,2013,6,7,158,15,06:20:00,00:00:00,2,8,2,Early,2,1,"Ronald Fernandez-Gomez, Yuri Rosero-Mora",NA,NA,NA,50.93518291185853,17.5
G-MB-M-LCR_06,MB-M-LCR_06,G-MB-M-LCR,Gaica,Gaica mbd,2013-06-08,13-14,2013,6,8,159,16,07:24:00,00:00:00,2,8,3,Early,3,1,"Ronald Fernandez-Gomez, Yuri Rosero-Mora",NA,NA,NA,50.93518291185853,17.5
G-MB-M-LCR_06,MB-M-LCR_06,G-MB-M-LCR,Gaica,Gaica mbd,2013-06-09,13-14,2013,6,9,160,17,07:40:00,00:00:00,2,8,4,Early,4,1,"Ronald Fernandez-Gomez, Yuri Rosero-Mora",NA,NA,NA,50.93518291185853,17.5
G-MB-M-LCR_06,MB-M-LCR_06,G-MB-M-LCR,Gaica,Gaica mbd,2013-09-19,13-14,2013,9,19,262,38,08:10:00,00:00:00,2,8,5,Late,1,1,"Ronald Fernandez-Gomez, Yuri Rosero-Mora",NA,NA,NA,50.93518291185853,17.5
G-MB-M-LCR_06,MB-M-LCR_06,G-MB-M-LCR,Gaica,Gaica mbd,2013-09-20,13-14,2013,9,20,263,39,07:58:00,00:00:00,2,8,6,Late,2,1,"Ronald Fernandez-Gomez, Yuri Rosero-Mora",NA,NA,NA,50.93518291185853,17.5
G-MB-M-LCR_06,MB-M-LCR_06,G-MB-M-LCR,Gaica,Gaica mbd,2013-09-21,13-14,2013,9,21,264,40,06:14:00,00:00:00,2,8,7,Late,3,1,"Ronald Fernandez-Gomez, Yuri Rosero-Mora",NA,NA,NA,50.93518291185853,17.5
G-MB-M-LCR_06,MB-M-LCR_06,G-MB-M-LCR,Gaica,Gaica mbd,2013-09-22,13-14,2013,9,22,265,41,06:47:00,00:00:00,2,8,8,Late,4,1,"Ronald Fernandez-Gomez, Yuri Rosero-Mora",NA,NA,NA,50.93518291185853,17.5
G-MB-M-LCR_07,MB-M-LCR_07,G-MB-M-LCR,Gaica,Gaica mbd,2017-11-27,16-17,2017,11,27,331,130,07:40:00,00:00:00,2,4,1,Early,1,1,"Yuri Rosero-Mora, Robert Rodriguez",NA,NA,NA,51.9798921039725,12.3
G-MB-M-LCR_07,MB-M-LCR_07,G-MB-M-LCR,Gaica,Gaica mbd,2017-11-28,16-17,2017,11,28,332,131,08:05:00,00:00:00,2,4,2,Early,2,1,"Yuri Rosero-Mora, Robert Rodriguez",NA,NA,NA,51.9798921039725,12.3
G-MB-M-LCR_07,MB-M-LCR_07,G-MB-M-LCR,Gaica,Gaica mbd,2017-11-29,16-17,2017,11,29,333,132,08:10:00,00:00:00,2,4,3,Early,3,1,"Yuri Rosero-Mora, Robert Rodriguez",NA,NA,NA,51.9798921039725,12.3
G-MB-M-LCR_07,MB-M-LCR_07,G-MB-M-LCR,Gaica,Gaica mbd,2017-11-30,16-17,2017,11,30,334,133,07:37:00,00:00:00,2,4,4,Early,4,1,"Yuri Rosero-Mora, Robert Rodriguez",NA,NA,NA,51.9798921039725,12.3
G-MB-M-LCR_08,MB-M-LCR_08,G-MB-M-LCR,Gaica,Gaica mbd,2017-11-27,16-17,2017,11,27,331,130,09:00:00,00:00:00,2,4,1,Early,1,1,"Yuri Rosero-Mora, Robert Rodriguez",NA,NA,NA,48.77889324191973,0
G-MB-M-LCR_08,MB-M-LCR_08,G-MB-M-LCR,Gaica,Gaica mbd,2017-11-28,16-17,2017,11,28,332,131,08:30:00,00:00:00,2,4,2,Early,2,1,"Yuri Rosero-Mora, Robert Rodriguez",NA,NA,NA,48.77889324191973,0
G-MB-M-LCR_08,MB-M-LCR_08,G-MB-M-LCR,Gaica,Gaica mbd,2017-11-29,16-17,2017,11,29,333,132,08:30:00,00:00:00,2,4,3,Early,3,1,"Yuri Rosero-Mora, Robert Rodriguez",NA,NA,NA,48.77889324191973,0
G-MB-M-LCR_08,MB-M-LCR_08,G-MB-M-LCR,Gaica,Gaica mbd,2017-11-30,16-17,2017,11,30,334,133,07:55:00,00:00:00,2,4,4,Early,4,1,"Yuri Rosero-Mora, Robert Rodriguez",NA,NA,NA,48.77889324191973,0
G-MB-M-LCR_09,MB-M-LCR_09,G-MB-M-LCR,Gaica,Gaica mbd,2017-11-27,16-17,2017,11,27,331,130,09:25:00,00:00:00,2,4,1,Early,1,1,"Yuri Rosero-Mora, Robert Rodriguez",NA,NA,NA,49.390237920039354,12.4
G-MB-M-LCR_09,MB-M-LCR_09,G-MB-M-LCR,Gaica,Gaica mbd,2017-11-28,16-17,2017,11,28,332,131,06:20:00,00:00:00,2,4,2,Early,2,1,"Yuri Rosero-Mora, Robert Rodriguez",NA,NA,NA,49.390237920039354,12.4
G-MB-M-LCR_09,MB-M-LCR_09,G-MB-M-LCR,Gaica,Gaica mbd,2017-11-29,16-17,2017,11,29,333,132,06:20:00,00:00:00,2,4,3,Early,3,1,"Yuri Rosero-Mora, Robert Rodriguez",NA,NA,NA,49.390237920039354,12.4
G-MB-M-LCR_09,MB-M-LCR_09,G-MB-M-LCR,Gaica,Gaica mbd,2017-11-30,16-17,2017,11,30,334,133,06:20:00,00:00:00,2,4,4,Early,4,1,"Yuri Rosero-Mora, Robert Rodriguez",NA,NA,NA,49.390237920039354,12.4
G-MB-M-LH_01-A,MB-M-LH_01-A,G-MB-M-LH,Gaica,Gaica mbd,2016-10-19,16-17,2016,10,19,293,33,05:55:00,00:00:00,1,6,1,Early,1,1,"Yuri Rosero-Mora, Robert Rodriguez",NA,NA,NA,23.39955741332702,18.9
G-MB-M-LH_01-A,MB-M-LH_01-A,G-MB-M-LH,Gaica,Gaica mbd,2016-10-20,16-17,2016,10,20,294,34,05:55:00,00:00:00,1,6,2,Early,2,1,"Yuri Rosero-Mora, Robert Rodriguez",NA,NA,NA,23.39955741332702,18.9
G-MB-M-LH_01-A,MB-M-LH_01-A,G-MB-M-LH,Gaica,Gaica mbd,2016-10-21,16-17,2016,10,21,295,35,05:50:00,00:00:00,1,6,3,Early,3,1,"Yuri Rosero-Mora, Robert Rodriguez",NA,NA,NA,23.39955741332702,18.9
G-MB-M-LH_01-A,MB-M-LH_01-A,G-MB-M-LH,Gaica,Gaica mbd,2017-03-18,16-17,2017,3,18,77,4,08:25:00,00:00:00,1,6,4,Late,1,1,"Yuri Rosero-Mora, Robert Rodriguez",NA,NA,NA,23.091467912466555,18.9
G-MB-M-LH_01-A,MB-M-LH_01-A,G-MB-M-LH,Gaica,Gaica mbd,2017-03-19,16-17,2017,3,19,78,5,08:10:00,00:00:00,1,6,5,Late,2,1,"Yuri Rosero-Mora, Robert Rodriguez",NA,NA,NA,23.091467912466555,18.9
G-MB-M-LH_01-A,MB-M-LH_01-A,G-MB-M-LH,Gaica,Gaica mbd,2017-03-20,16-17,2017,3,20,79,6,06:57:00,00:00:00,1,6,6,Late,3,1,"Yuri Rosero-Mora, Robert Rodriguez",NA,NA,NA,23.091467912466555,18.9
G-MB-M-LH_01-B,MB-M-LH_01-B,G-MB-M-LH,Gaica,Gaica mbd,2016-10-16,16-17,2016,10,16,290,30,05:50:00,00:00:00,1,6,1,Early,1,1,"Yuri Rosero-Mora, Robert Rodriguez",NA,NA,NA,41.73194103194084,6.9
G-MB-M-LH_01-B,MB-M-LH_01-B,G-MB-M-LH,Gaica,Gaica mbd,2016-10-17,16-17,2016,10,17,291,31,05:50:00,00:00:00,1,6,2,Early,2,1,"Yuri Rosero-Mora, Robert Rodriguez",NA,NA,NA,41.73194103194084,6.9
G-MB-M-LH_01-B,MB-M-LH_01-B,G-MB-M-LH,Gaica,Gaica mbd,2016-10-18,16-17,2016,10,18,292,32,08:10:00,00:00:00,1,6,3,Early,3,1,"Yuri Rosero-Mora, Robert Rodriguez",NA,NA,NA,41.73194103194084,6.9
G-MB-M-LH_01-B,MB-M-LH_01-B,G-MB-M-LH,Gaica,Gaica mbd,2017-03-15,16-17,2017,3,15,74,1,09:13:00,00:00:00,1,6,4,Late,1,1,"Yuri Rosero-Mora, Robert Rodriguez",NA,NA,NA,41.80982800982795,6.9
G-MB-M-LH_01-B,MB-M-LH_01-B,G-MB-M-LH,Gaica,Gaica mbd,2017-03-16,16-17,2017,3,16,75,2,07:05:00,00:00:00,1,6,5,Late,2,1,"Yuri Rosero-Mora, Robert Rodriguez",NA,NA,NA,41.80982800982795,6.9
G-MB-M-LH_01-B,MB-M-LH_01-B,G-MB-M-LH,Gaica,Gaica mbd,2017-03-17,16-17,2017,3,17,76,3,09:38:00,00:00:00,1,6,6,Late,3,1,"Yuri Rosero-Mora, Robert Rodriguez",NA,NA,NA,41.80982800982795,6.9
G-MB-M-LH_02-A,MB-M-LH_02-A,G-MB-M-LH,Gaica,Gaica mbd,2016-10-19,16-17,2016,10,19,293,33,06:20:00,00:00:00,1,6,1,Early,1,1,"Yuri Rosero-Mora, Robert Rodriguez",NA,NA,NA,27.74079528718689,14
G-MB-M-LH_02-A,MB-M-LH_02-A,G-MB-M-LH,Gaica,Gaica mbd,2016-10-20,16-17,2016,10,20,294,34,06:25:00,00:00:00,1,6,2,Early,2,1,"Yuri Rosero-Mora, Robert Rodriguez",NA,NA,NA,27.74079528718689,14
G-MB-M-LH_02-A,MB-M-LH_02-A,G-MB-M-LH,Gaica,Gaica mbd,2016-10-21,16-17,2016,10,21,295,35,06:30:00,00:00:00,1,6,3,Early,3,1,"Yuri Rosero-Mora, Robert Rodriguez",NA,NA,NA,27.74079528718689,14
G-MB-M-LH_02-A,MB-M-LH_02-A,G-MB-M-LH,Gaica,Gaica mbd,2017-03-18,16-17,2017,3,18,77,4,08:04:00,00:00:00,1,6,4,Late,1,1,"Yuri Rosero-Mora, Robert Rodriguez",NA,NA,NA,27.46784486990656,14
G-MB-M-LH_02-A,MB-M-LH_02-A,G-MB-M-LH,Gaica,Gaica mbd,2017-03-19,16-17,2017,3,19,78,5,07:45:00,00:00:00,1,6,5,Late,2,1,"Yuri Rosero-Mora, Robert Rodriguez",NA,NA,NA,27.46784486990656,14
G-MB-M-LH_02-A,MB-M-LH_02-A,G-MB-M-LH,Gaica,Gaica mbd,2017-03-20,16-17,2017,3,20,79,6,07:15:00,00:00:00,1,6,6,Late,3,1,"Yuri Rosero-Mora, Robert Rodriguez",NA,NA,NA,27.46784486990656,14
G-MB-M-LH_02-B,MB-M-LH_02-B,G-MB-M-LH,Gaica,Gaica mbd,2016-10-16,16-17,2016,10,16,290,30,06:30:00,00:00:00,1,6,1,Early,1,1,"Yuri Rosero-Mora, Robert Rodriguez",NA,NA,NA,47.27843137254898,16
G-MB-M-LH_02-B,MB-M-LH_02-B,G-MB-M-LH,Gaica,Gaica mbd,2016-10-17,16-17,2016,10,17,291,31,06:10:00,00:00:00,1,6,2,Early,2,1,"Yuri Rosero-Mora, Robert Rodriguez",NA,NA,NA,47.27843137254898,16
G-MB-M-LH_02-B,MB-M-LH_02-B,G-MB-M-LH,Gaica,Gaica mbd,2016-10-18,16-17,2016,10,18,292,32,07:50:00,00:00:00,1,6,3,Early,3,1,"Yuri Rosero-Mora, Robert Rodriguez",NA,NA,NA,47.27843137254898,16
G-MB-M-LH_02-B,MB-M-LH_02-B,G-MB-M-LH,Gaica,Gaica mbd,2017-03-15,16-17,2017,3,15,74,1,09:50:00,00:00:00,1,6,4,Late,1,1,"Yuri Rosero-Mora, Robert Rodriguez",NA,NA,NA,47.58504901960772,16
G-MB-M-LH_02-B,MB-M-LH_02-B,G-MB-M-LH,Gaica,Gaica mbd,2017-03-16,16-17,2017,3,16,75,2,06:30:00,00:00:00,1,6,5,Late,2,1,"Yuri Rosero-Mora, Robert Rodriguez",NA,NA,NA,47.58504901960772,16
G-MB-M-LH_02-B,MB-M-LH_02-B,G-MB-M-LH,Gaica,Gaica mbd,2017-03-17,16-17,2017,3,17,76,3,09:10:00,00:00:00,1,6,6,Late,3,1,"Yuri Rosero-Mora, Robert Rodriguez",NA,NA,NA,47.58504901960772,16
G-MB-M-LH_03-A,MB-M-LH_03-A,G-MB-M-LH,Gaica,Gaica mbd,2016-10-19,16-17,2016,10,19,293,33,06:45:00,00:00:00,1,6,1,Early,1,1,"Yuri Rosero-Mora, Robert Rodriguez",NA,NA,NA,37.793958742632896,14.9
G-MB-M-LH_03-A,MB-M-LH_03-A,G-MB-M-LH,Gaica,Gaica mbd,2016-10-20,16-17,2016,10,20,294,34,07:20:00,00:00:00,1,6,2,Early,2,1,"Yuri Rosero-Mora, Robert Rodriguez",NA,NA,NA,37.793958742632896,14.9
G-MB-M-LH_03-A,MB-M-LH_03-A,G-MB-M-LH,Gaica,Gaica mbd,2016-10-21,16-17,2016,10,21,295,35,07:12:00,00:00:00,1,6,3,Early,3,1,"Yuri Rosero-Mora, Robert Rodriguez",NA,NA,NA,37.793958742632896,14.9
G-MB-M-LH_03-A,MB-M-LH_03-A,G-MB-M-LH,Gaica,Gaica mbd,2017-03-18,16-17,2017,3,18,77,4,06:40:00,00:00:00,1,6,4,Late,1,1,"Yuri Rosero-Mora, Robert Rodriguez",NA,NA,NA,37.98379174852681,14.9
G-MB-M-LH_03-A,MB-M-LH_03-A,G-MB-M-LH,Gaica,Gaica mbd,2017-03-19,16-17,2017,3,19,78,5,06:18:00,00:00:00,1,6,5,Late,2,1,"Yuri Rosero-Mora, Robert Rodriguez",NA,NA,NA,37.98379174852681,14.9
G-MB-M-LH_03-A,MB-M-LH_03-A,G-MB-M-LH,Gaica,Gaica mbd,2017-03-20,16-17,2017,3,20,79,6,07:45:00,00:00:00,1,6,6,Late,3,1,"Yuri Rosero-Mora, Robert Rodriguez",NA,NA,NA,37.98379174852681,14.9
G-MB-M-LH_03-B,MB-M-LH_03-B,G-MB-M-LH,Gaica,Gaica mbd,2016-10-16,16-17,2016,10,16,290,30,06:55:00,00:00:00,1,6,1,Early,1,1,"Yuri Rosero-Mora, Robert Rodriguez",NA,NA,NA,48.465652600588626,15.2
G-MB-M-LH_03-B,MB-M-LH_03-B,G-MB-M-LH,Gaica,Gaica mbd,2016-10-17,16-17,2016,10,17,291,31,06:28:00,00:00:00,1,6,2,Early,2,1,"Yuri Rosero-Mora, Robert Rodriguez",NA,NA,NA,48.465652600588626,15.2
G-MB-M-LH_03-B,MB-M-LH_03-B,G-MB-M-LH,Gaica,Gaica mbd,2016-10-18,16-17,2016,10,18,292,32,07:30:00,00:00:00,1,6,3,Early,3,1,"Yuri Rosero-Mora, Robert Rodriguez",NA,NA,NA,48.465652600588626,15.2
G-MB-M-LH_03-B,MB-M-LH_03-B,G-MB-M-LH,Gaica,Gaica mbd,2017-03-15,16-17,2017,3,15,74,1,06:10:00,00:00:00,1,6,4,Late,1,1,"Yuri Rosero-Mora, Robert Rodriguez",NA,NA,NA,49.00490677134451,15.2
G-MB-M-LH_03-B,MB-M-LH_03-B,G-MB-M-LH,Gaica,Gaica mbd,2017-03-16,16-17,2017,3,16,75,2,06:08:00,00:00:00,1,6,5,Late,2,1,"Yuri Rosero-Mora, Robert Rodriguez",NA,NA,NA,49.00490677134451,15.2
G-MB-M-LH_03-B,MB-M-LH_03-B,G-MB-M-LH,Gaica,Gaica mbd,2017-03-17,16-17,2017,3,17,76,3,06:28:00,00:00:00,1,6,6,Late,3,1,"Yuri Rosero-Mora, Robert Rodriguez",NA,NA,NA,49.00490677134451,15.2
G-MB-M-LH_04-A,MB-M-LH_04-A,G-MB-M-LH,Gaica,Gaica mbd,2016-10-19,16-17,2016,10,19,293,33,07:38:00,00:00:00,1,6,1,Early,1,1,"Yuri Rosero-Mora, Robert Rodriguez",NA,NA,NA,39.2122178606476,16.1
G-MB-M-LH_04-A,MB-M-LH_04-A,G-MB-M-LH,Gaica,Gaica mbd,2016-10-20,16-17,2016,10,20,294,34,07:15:00,00:00:00,1,6,2,Early,2,1,"Yuri Rosero-Mora, Robert Rodriguez",NA,NA,NA,39.2122178606476,16.1
G-MB-M-LH_04-A,MB-M-LH_04-A,G-MB-M-LH,Gaica,Gaica mbd,2016-10-21,16-17,2016,10,21,295,35,07:35:00,00:00:00,1,6,3,Early,3,1,"Yuri Rosero-Mora, Robert Rodriguez",NA,NA,NA,39.2122178606476,16.1
G-MB-M-LH_04-A,MB-M-LH_04-A,G-MB-M-LH,Gaica,Gaica mbd,2017-03-18,16-17,2017,3,18,77,4,06:55:00,00:00:00,1,6,4,Late,1,1,"Yuri Rosero-Mora, Robert Rodriguez",NA,NA,NA,39.589303238469135,16.1
G-MB-M-LH_04-A,MB-M-LH_04-A,G-MB-M-LH,Gaica,Gaica mbd,2017-03-19,16-17,2017,3,19,78,5,06:35:00,00:00:00,1,6,5,Late,2,1,"Yuri Rosero-Mora, Robert Rodriguez",NA,NA,NA,39.589303238469135,16.1
G-MB-M-LH_04-A,MB-M-LH_04-A,G-MB-M-LH,Gaica,Gaica mbd,2017-03-20,16-17,2017,3,20,79,6,08:08:00,00:00:00,1,6,6,Late,3,1,"Yuri Rosero-Mora, Robert Rodriguez",NA,NA,NA,39.589303238469135,16.1
G-MB-M-LH_04-B,MB-M-LH_04-B,G-MB-M-LH,Gaica,Gaica mbd,2016-10-16,16-17,2016,10,16,290,30,07:10:00,00:00:00,1,6,1,Early,1,1,"Yuri Rosero-Mora, Robert Rodriguez",NA,NA,NA,52.01472754050081,15.5
G-MB-M-LH_04-B,MB-M-LH_04-B,G-MB-M-LH,Gaica,Gaica mbd,2016-10-17,16-17,2016,10,17,291,31,06:45:00,00:00:00,1,6,2,Early,2,1,"Yuri Rosero-Mora, Robert Rodriguez",NA,NA,NA,52.01472754050081,15.5
G-MB-M-LH_04-B,MB-M-LH_04-B,G-MB-M-LH,Gaica,Gaica mbd,2016-10-18,16-17,2016,10,18,292,32,07:05:00,00:00:00,1,6,3,Early,3,1,"Yuri Rosero-Mora, Robert Rodriguez",NA,NA,NA,52.01472754050081,15.5
G-MB-M-LH_04-B,MB-M-LH_04-B,G-MB-M-LH,Gaica,Gaica mbd,2017-03-15,16-17,2017,3,15,74,1,06:36:00,00:00:00,1,6,4,Late,1,1,"Yuri Rosero-Mora, Robert Rodriguez",NA,NA,NA,52.73220422189503,15.5
G-MB-M-LH_04-B,MB-M-LH_04-B,G-MB-M-LH,Gaica,Gaica mbd,2017-03-16,16-17,2017,3,16,75,2,06:27:00,00:00:00,1,6,5,Late,2,1,"Yuri Rosero-Mora, Robert Rodriguez",NA,NA,NA,52.73220422189503,15.5
G-MB-M-LH_04-B,MB-M-LH_04-B,G-MB-M-LH,Gaica,Gaica mbd,2017-03-17,16-17,2017,3,17,76,3,06:48:00,00:00:00,1,6,6,Late,3,1,"Yuri Rosero-Mora, Robert Rodriguez",NA,NA,NA,52.73220422189503,15.5
G-MB-M-LH_05-A,MB-M-LH_05-A,G-MB-M-LH,Gaica,Gaica mbd,2016-10-19,16-17,2016,10,19,293,33,07:55:00,00:00:00,1,6,1,Early,1,0,"Yuri Rosero-Mora, Robert Rodriguez",NA,NA,NA,35.28434739941148,18.2
G-MB-M-LH_05-A,MB-M-LH_05-A,G-MB-M-LH,Gaica,Gaica mbd,2016-10-20,16-17,2016,10,20,294,34,06:55:00,00:00:00,1,6,2,Early,2,1,"Yuri Rosero-Mora, Robert Rodriguez",NA,NA,NA,35.28434739941148,18.2
G-MB-M-LH_05-A,MB-M-LH_05-A,G-MB-M-LH,Gaica,Gaica mbd,2016-10-21,16-17,2016,10,21,295,35,08:00:00,00:00:00,1,6,3,Early,3,1,"Yuri Rosero-Mora, Robert Rodriguez",NA,NA,NA,35.28434739941148,18.2
G-MB-M-LH_05-A,MB-M-LH_05-A,G-MB-M-LH,Gaica,Gaica mbd,2017-03-18,16-17,2017,3,18,77,4,07:20:00,00:00:00,1,6,4,Late,1,1,"Yuri Rosero-Mora, Robert Rodriguez",NA,NA,NA,35.41315014720312,18.2
G-MB-M-LH_05-A,MB-M-LH_05-A,G-MB-M-LH,Gaica,Gaica mbd,2017-03-19,16-17,2017,3,19,78,5,06:45:00,00:00:00,1,6,5,Late,2,1,"Yuri Rosero-Mora, Robert Rodriguez",NA,NA,NA,35.41315014720312,18.2
G-MB-M-LH_05-A,MB-M-LH_05-A,G-MB-M-LH,Gaica,Gaica mbd,2017-03-20,16-17,2017,3,20,79,6,08:33:00,00:00:00,1,6,6,Late,3,1,"Yuri Rosero-Mora, Robert Rodriguez",NA,NA,NA,35.41315014720312,18.2
G-MB-M-LH_05-B,MB-M-LH_05-B,G-MB-M-LH,Gaica,Gaica mbd,2016-10-16,16-17,2016,10,16,290,30,07:55:00,00:00:00,1,6,1,Early,1,1,"Yuri Rosero-Mora, Robert Rodriguez",NA,NA,NA,52.195582822085854,18.9
G-MB-M-LH_05-B,MB-M-LH_05-B,G-MB-M-LH,Gaica,Gaica mbd,2016-10-17,16-17,2016,10,17,291,31,07:14:00,00:00:00,1,6,2,Early,2,1,"Yuri Rosero-Mora, Robert Rodriguez",NA,NA,NA,52.195582822085854,18.9
G-MB-M-LH_05-B,MB-M-LH_05-B,G-MB-M-LH,Gaica,Gaica mbd,2016-10-18,16-17,2016,10,18,292,32,06:25:00,00:00:00,1,6,3,Early,3,1,"Yuri Rosero-Mora, Robert Rodriguez",NA,NA,NA,52.195582822085854,18.9
G-MB-M-LH_05-B,MB-M-LH_05-B,G-MB-M-LH,Gaica,Gaica mbd,2017-03-15,16-17,2017,3,15,74,1,07:03:00,00:00:00,1,6,4,Late,1,1,"Yuri Rosero-Mora, Robert Rodriguez",NA,NA,NA,52.77079754601217,18.9
G-MB-M-LH_05-B,MB-M-LH_05-B,G-MB-M-LH,Gaica,Gaica mbd,2017-03-16,16-17,2017,3,16,75,2,06:54:00,00:00:00,1,6,5,Late,2,1,"Yuri Rosero-Mora, Robert Rodriguez",NA,NA,NA,52.77079754601217,18.9
G-MB-M-LH_05-B,MB-M-LH_05-B,G-MB-M-LH,Gaica,Gaica mbd,2017-03-17,16-17,2017,3,17,76,3,07:05:00,00:00:00,1,6,6,Late,3,1,"Yuri Rosero-Mora, Robert Rodriguez",NA,NA,NA,52.77079754601217,18.9
G-MB-M-LH_06-A,MB-M-LH_06-A,G-MB-M-LH,Gaica,Gaica mbd,2016-10-19,16-17,2016,10,19,293,33,08:10:00,00:00:00,1,6,1,Early,1,1,"Yuri Rosero-Mora, Robert Rodriguez",NA,NA,NA,38.93130520117731,17.9
G-MB-M-LH_06-A,MB-M-LH_06-A,G-MB-M-LH,Gaica,Gaica mbd,2016-10-20,16-17,2016,10,20,294,34,06:40:00,00:00:00,1,6,2,Early,2,1,"Yuri Rosero-Mora, Robert Rodriguez",NA,NA,NA,38.93130520117731,17.9
G-MB-M-LH_06-A,MB-M-LH_06-A,G-MB-M-LH,Gaica,Gaica mbd,2016-10-21,16-17,2016,10,21,295,35,08:25:00,00:00:00,1,6,3,Early,3,1,"Yuri Rosero-Mora, Robert Rodriguez",NA,NA,NA,38.93130520117731,17.9
G-MB-M-LH_06-A,MB-M-LH_06-A,G-MB-M-LH,Gaica,Gaica mbd,2017-03-18,16-17,2017,3,18,77,4,07:35:00,00:00:00,1,6,4,Late,1,1,"Yuri Rosero-Mora, Robert Rodriguez",NA,NA,NA,39.16830225711498,17.9
G-MB-M-LH_06-A,MB-M-LH_06-A,G-MB-M-LH,Gaica,Gaica mbd,2017-03-19,16-17,2017,3,19,78,5,07:03:00,00:00:00,1,6,5,Late,2,1,"Yuri Rosero-Mora, Robert Rodriguez",NA,NA,NA,39.16830225711498,17.9
G-MB-M-LH_06-A,MB-M-LH_06-A,G-MB-M-LH,Gaica,Gaica mbd,2017-03-20,16-17,2017,3,20,79,6,08:55:00,00:00:00,1,6,6,Late,3,1,"Yuri Rosero-Mora, Robert Rodriguez",NA,NA,NA,39.16830225711498,17.9
G-MB-M-LH_06-B,MB-M-LH_06-B,G-MB-M-LH,Gaica,Gaica mbd,2016-10-16,16-17,2016,10,16,290,30,08:10:00,00:00:00,1,6,1,Early,1,1,"Yuri Rosero-Mora, Robert Rodriguez",NA,NA,NA,50.97299287994112,16.4
G-MB-M-LH_06-B,MB-M-LH_06-B,G-MB-M-LH,Gaica,Gaica mbd,2016-10-17,16-17,2016,10,17,291,31,06:40:00,00:00:00,1,6,2,Early,2,1,"Yuri Rosero-Mora, Robert Rodriguez",NA,NA,NA,50.97299287994112,16.4
G-MB-M-LH_06-B,MB-M-LH_06-B,G-MB-M-LH,Gaica,Gaica mbd,2016-10-18,16-17,2016,10,18,292,32,06:05:00,00:00:00,1,6,3,Early,3,1,"Yuri Rosero-Mora, Robert Rodriguez",NA,NA,NA,50.97299287994112,16.4
G-MB-M-LH_06-B,MB-M-LH_06-B,G-MB-M-LH,Gaica,Gaica mbd,2017-03-15,16-17,2017,3,15,74,1,07:27:00,00:00:00,1,6,4,Late,1,1,"Yuri Rosero-Mora, Robert Rodriguez",NA,NA,NA,51.51853670513131,16.4
G-MB-M-LH_06-B,MB-M-LH_06-B,G-MB-M-LH,Gaica,Gaica mbd,2017-03-16,16-17,2017,3,16,75,2,07:30:00,00:00:00,1,6,5,Late,2,1,"Yuri Rosero-Mora, Robert Rodriguez",NA,NA,NA,51.51853670513131,16.4
G-MB-M-LH_06-B,MB-M-LH_06-B,G-MB-M-LH,Gaica,Gaica mbd,2017-03-17,16-17,2017,3,17,76,3,07:27:00,00:00:00,1,6,6,Late,3,1,"Yuri Rosero-Mora, Robert Rodriguez",NA,NA,NA,51.51853670513131,16.4
G-MB-M-LP1_01,MB-M-LP1_01,G-MB-M-LP1,Gaica,Gaica mbd,2013-05-24,13-14,2013,5,24,144,1,05:50:00,00:00:00,3,12,1,Early,1,1,"Ronald Fernandez-Gomez, Yuri Rosero-Mora",NA,NA,NA,22.28922170390383,23.8
G-MB-M-LP1_01,MB-M-LP1_01,G-MB-M-LP1,Gaica,Gaica mbd,2013-05-25,13-14,2013,5,25,145,2,08:10:00,00:00:00,3,12,2,Early,2,1,"Ronald Fernandez-Gomez, Yuri Rosero-Mora",NA,NA,NA,22.28922170390383,23.8
G-MB-M-LP1_01,MB-M-LP1_01,G-MB-M-LP1,Gaica,Gaica mbd,2013-05-26,13-14,2013,5,26,146,3,06:55:00,00:00:00,3,12,3,Early,3,1,"Ronald Fernandez-Gomez, Yuri Rosero-Mora",NA,NA,NA,22.28922170390383,23.8
G-MB-M-LP1_01,MB-M-LP1_01,G-MB-M-LP1,Gaica,Gaica mbd,2013-05-27,13-14,2013,5,27,147,4,05:55:00,00:00:00,3,12,4,Early,4,1,"Ronald Fernandez-Gomez, Yuri Rosero-Mora",NA,NA,NA,22.28922170390383,23.8
G-MB-M-LP1_01,MB-M-LP1_01,G-MB-M-LP1,Gaica,Gaica mbd,2013-09-03,13-14,2013,9,3,246,22,05:45:00,00:00:00,3,12,5,Late,1,1,"Ronald Fernandez-Gomez, Yuri Rosero-Mora",NA,NA,NA,22.28922170390383,23.8
G-MB-M-LP1_01,MB-M-LP1_01,G-MB-M-LP1,Gaica,Gaica mbd,2013-09-04,13-14,2013,9,4,247,23,05:45:00,00:00:00,3,12,6,Late,2,1,"Ronald Fernandez-Gomez, Yuri Rosero-Mora",NA,NA,NA,22.28922170390383,23.8
G-MB-M-LP1_01,MB-M-LP1_01,G-MB-M-LP1,Gaica,Gaica mbd,2013-09-05,13-14,2013,9,5,248,24,05:49:00,00:00:00,3,12,7,Late,3,1,"Ronald Fernandez-Gomez, Yuri Rosero-Mora",NA,NA,NA,22.28922170390383,23.8
G-MB-M-LP1_01,MB-M-LP1_01,G-MB-M-LP1,Gaica,Gaica mbd,2013-09-06,13-14,2013,9,6,249,25,05:54:00,00:00:00,3,12,8,Late,4,1,"Ronald Fernandez-Gomez, Yuri Rosero-Mora",NA,NA,NA,22.28922170390383,23.8
G-MB-M-LP1_01,MB-M-LP1_01,G-MB-M-LP1,Gaica,Gaica mbd,2017-12-06,16-17,2017,12,6,340,139,06:15:00,00:00:00,3,12,1,Early,1,1,"Yuri Rosero-Mora, Robert Rodriguez",NA,NA,NA,24.9837957279647,23.8
G-MB-M-LP1_01,MB-M-LP1_01,G-MB-M-LP1,Gaica,Gaica mbd,2017-12-07,16-17,2017,12,7,341,140,06:15:00,00:00:00,3,12,2,Early,2,1,"Yuri Rosero-Mora, Robert Rodriguez",NA,NA,NA,24.9837957279647,23.8
G-MB-M-LP1_01,MB-M-LP1_01,G-MB-M-LP1,Gaica,Gaica mbd,2017-12-08,16-17,2017,12,8,342,141,06:30:00,00:00:00,3,12,3,Early,3,1,"Yuri Rosero-Mora, Robert Rodriguez",NA,NA,NA,24.9837957279647,23.8
G-MB-M-LP1_01,MB-M-LP1_01,G-MB-M-LP1,Gaica,Gaica mbd,2017-12-09,16-17,2017,12,9,343,142,06:30:00,00:00:00,3,12,4,Early,4,1,"Yuri Rosero-Mora, Robert Rodriguez",NA,NA,NA,24.9837957279647,23.8
G-MB-M-LP1_02,MB-M-LP1_02,G-MB-M-LP1,Gaica,Gaica mbd,2013-05-24,13-14,2013,5,24,144,1,06:10:00,00:00:00,3,12,1,Early,1,1,"Ronald Fernandez-Gomez, Yuri Rosero-Mora",NA,NA,NA,22.368563021088857,22.3
G-MB-M-LP1_02,MB-M-LP1_02,G-MB-M-LP1,Gaica,Gaica mbd,2013-05-25,13-14,2013,5,25,145,2,07:40:00,00:00:00,3,12,2,Early,2,1,"Ronald Fernandez-Gomez, Yuri Rosero-Mora",NA,NA,NA,22.368563021088857,22.3
G-MB-M-LP1_02,MB-M-LP1_02,G-MB-M-LP1,Gaica,Gaica mbd,2013-05-26,13-14,2013,5,26,146,3,07:35:00,00:00:00,3,12,3,Early,3,1,"Ronald Fernandez-Gomez, Yuri Rosero-Mora",NA,NA,NA,22.368563021088857,22.3
G-MB-M-LP1_02,MB-M-LP1_02,G-MB-M-LP1,Gaica,Gaica mbd,2013-05-27,13-14,2013,5,27,147,4,06:20:00,00:00:00,3,12,4,Early,4,1,"Ronald Fernandez-Gomez, Yuri Rosero-Mora",NA,NA,NA,22.368563021088857,22.3
G-MB-M-LP1_02,MB-M-LP1_02,G-MB-M-LP1,Gaica,Gaica mbd,2013-09-03,13-14,2013,9,3,246,22,06:11:00,00:00:00,3,12,5,Late,1,1,"Ronald Fernandez-Gomez, Yuri Rosero-Mora",NA,NA,NA,22.368563021088857,22.3
G-MB-M-LP1_02,MB-M-LP1_02,G-MB-M-LP1,Gaica,Gaica mbd,2013-09-04,13-14,2013,9,4,247,23,06:07:00,00:00:00,3,12,6,Late,2,1,"Ronald Fernandez-Gomez, Yuri Rosero-Mora",NA,NA,NA,22.368563021088857,22.3
G-MB-M-LP1_02,MB-M-LP1_02,G-MB-M-LP1,Gaica,Gaica mbd,2013-09-05,13-14,2013,9,5,248,24,06:10:00,00:00:00,3,12,7,Late,3,1,"Ronald Fernandez-Gomez, Yuri Rosero-Mora",NA,NA,NA,22.368563021088857,22.3
G-MB-M-LP1_02,MB-M-LP1_02,G-MB-M-LP1,Gaica,Gaica mbd,2013-09-06,13-14,2013,9,6,249,25,06:13:00,00:00:00,3,12,8,Late,4,1,"Ronald Fernandez-Gomez, Yuri Rosero-Mora",NA,NA,NA,22.368563021088857,22.3
G-MB-M-LP1_02,MB-M-LP1_02,G-MB-M-LP1,Gaica,Gaica mbd,2017-12-06,16-17,2017,12,6,340,139,06:35:00,00:00:00,3,12,1,Early,1,1,"Yuri Rosero-Mora, Robert Rodriguez",NA,NA,NA,25.267533104463016,22.3
G-MB-M-LP1_02,MB-M-LP1_02,G-MB-M-LP1,Gaica,Gaica mbd,2017-12-07,16-17,2017,12,7,341,140,06:37:00,00:00:00,3,12,2,Early,2,1,"Yuri Rosero-Mora, Robert Rodriguez",NA,NA,NA,25.267533104463016,22.3
G-MB-M-LP1_02,MB-M-LP1_02,G-MB-M-LP1,Gaica,Gaica mbd,2017-12-08,16-17,2017,12,8,342,141,06:55:00,00:00:00,3,12,3,Early,3,1,"Yuri Rosero-Mora, Robert Rodriguez",NA,NA,NA,25.267533104463016,22.3
G-MB-M-LP1_02,MB-M-LP1_02,G-MB-M-LP1,Gaica,Gaica mbd,2017-12-09,16-17,2017,12,9,343,142,06:55:00,00:00:00,3,12,4,Early,4,1,"Yuri Rosero-Mora, Robert Rodriguez",NA,NA,NA,25.267533104463016,22.3
G-MB-M-LP1_03,MB-M-LP1_03,G-MB-M-LP1,Gaica,Gaica mbd,2013-05-24,13-14,2013,5,24,144,1,06:25:00,00:00:00,3,12,1,Early,1,1,"Ronald Fernandez-Gomez, Yuri Rosero-Mora",NA,NA,NA,22.097447226313136,17.8
G-MB-M-LP1_03,MB-M-LP1_03,G-MB-M-LP1,Gaica,Gaica mbd,2013-05-25,13-14,2013,5,25,145,2,06:05:00,00:00:00,3,12,2,Early,2,1,"Ronald Fernandez-Gomez, Yuri Rosero-Mora",NA,NA,NA,22.097447226313136,17.8
G-MB-M-LP1_03,MB-M-LP1_03,G-MB-M-LP1,Gaica,Gaica mbd,2013-05-26,13-14,2013,5,26,146,3,07:52:00,00:00:00,3,12,3,Early,3,1,"Ronald Fernandez-Gomez, Yuri Rosero-Mora",NA,NA,NA,22.097447226313136,17.8
G-MB-M-LP1_03,MB-M-LP1_03,G-MB-M-LP1,Gaica,Gaica mbd,2013-05-27,13-14,2013,5,27,147,4,06:45:00,00:00:00,3,12,4,Early,4,1,"Ronald Fernandez-Gomez, Yuri Rosero-Mora",NA,NA,NA,22.097447226313136,17.8
G-MB-M-LP1_03,MB-M-LP1_03,G-MB-M-LP1,Gaica,Gaica mbd,2013-09-03,13-14,2013,9,3,246,22,06:35:00,00:00:00,3,12,5,Late,1,1,"Ronald Fernandez-Gomez, Yuri Rosero-Mora",NA,NA,NA,22.097447226313136,17.8
G-MB-M-LP1_03,MB-M-LP1_03,G-MB-M-LP1,Gaica,Gaica mbd,2013-09-04,13-14,2013,9,4,247,23,06:26:00,00:00:00,3,12,6,Late,2,1,"Ronald Fernandez-Gomez, Yuri Rosero-Mora",NA,NA,NA,22.097447226313136,17.8
G-MB-M-LP1_03,MB-M-LP1_03,G-MB-M-LP1,Gaica,Gaica mbd,2013-09-05,13-14,2013,9,5,248,24,06:30:00,00:00:00,3,12,7,Late,3,1,"Ronald Fernandez-Gomez, Yuri Rosero-Mora",NA,NA,NA,22.097447226313136,17.8
G-MB-M-LP1_03,MB-M-LP1_03,G-MB-M-LP1,Gaica,Gaica mbd,2013-09-06,13-14,2013,9,6,249,25,06:30:00,00:00:00,3,12,8,Late,4,1,"Ronald Fernandez-Gomez, Yuri Rosero-Mora",NA,NA,NA,22.097447226313136,17.8
G-MB-M-LP1_03,MB-M-LP1_03,G-MB-M-LP1,Gaica,Gaica mbd,2017-12-06,16-17,2017,12,6,340,139,07:10:00,00:00:00,3,12,1,Early,1,1,"Yuri Rosero-Mora, Robert Rodriguez",NA,NA,NA,24.469317623956787,17.8
G-MB-M-LP1_03,MB-M-LP1_03,G-MB-M-LP1,Gaica,Gaica mbd,2017-12-07,16-17,2017,12,7,341,140,06:55:00,00:00:00,3,12,2,Early,2,1,"Yuri Rosero-Mora, Robert Rodriguez",NA,NA,NA,24.469317623956787,17.8
G-MB-M-LP1_03,MB-M-LP1_03,G-MB-M-LP1,Gaica,Gaica mbd,2017-12-08,16-17,2017,12,8,342,141,07:20:00,00:00:00,3,12,3,Early,3,1,"Yuri Rosero-Mora, Robert Rodriguez",NA,NA,NA,24.469317623956787,17.8
G-MB-M-LP1_03,MB-M-LP1_03,G-MB-M-LP1,Gaica,Gaica mbd,2017-12-09,16-17,2017,12,9,343,142,07:17:00,00:00:00,3,12,4,Early,4,1,"Yuri Rosero-Mora, Robert Rodriguez",NA,NA,NA,24.469317623956787,17.8
G-MB-M-LP1_04,MB-M-LP1_04,G-MB-M-LP1,Gaica,Gaica mbd,2013-05-24,13-14,2013,5,24,144,1,07:00:00,00:00:00,3,12,1,Early,1,1,"Ronald Fernandez-Gomez, Yuri Rosero-Mora",NA,NA,NA,23.14853916032431,18.7
G-MB-M-LP1_04,MB-M-LP1_04,G-MB-M-LP1,Gaica,Gaica mbd,2013-05-25,13-14,2013,5,25,145,2,06:25:00,00:00:00,3,12,2,Early,2,1,"Ronald Fernandez-Gomez, Yuri Rosero-Mora",NA,NA,NA,23.14853916032431,18.7
G-MB-M-LP1_04,MB-M-LP1_04,G-MB-M-LP1,Gaica,Gaica mbd,2013-05-26,13-14,2013,5,26,146,3,08:30:00,00:00:00,3,12,3,Early,3,1,"Ronald Fernandez-Gomez, Yuri Rosero-Mora",NA,NA,NA,23.14853916032431,18.7
G-MB-M-LP1_04,MB-M-LP1_04,G-MB-M-LP1,Gaica,Gaica mbd,2013-05-27,13-14,2013,5,27,147,4,07:15:00,00:00:00,3,12,4,Early,4,1,"Ronald Fernandez-Gomez, Yuri Rosero-Mora",NA,NA,NA,23.14853916032431,18.7
G-MB-M-LP1_04,MB-M-LP1_04,G-MB-M-LP1,Gaica,Gaica mbd,2013-09-03,13-14,2013,9,3,246,22,06:56:00,00:00:00,3,12,5,Late,1,1,"Ronald Fernandez-Gomez, Yuri Rosero-Mora",NA,NA,NA,23.14853916032431,18.7
G-MB-M-LP1_04,MB-M-LP1_04,G-MB-M-LP1,Gaica,Gaica mbd,2013-09-04,13-14,2013,9,4,247,23,06:54:00,00:00:00,3,12,6,Late,2,1,"Ronald Fernandez-Gomez, Yuri Rosero-Mora",NA,NA,NA,23.14853916032431,18.7
G-MB-M-LP1_04,MB-M-LP1_04,G-MB-M-LP1,Gaica,Gaica mbd,2013-09-05,13-14,2013,9,5,248,24,06:25:00,00:00:00,3,12,7,Late,3,1,"Ronald Fernandez-Gomez, Yuri Rosero-Mora",NA,NA,NA,23.14853916032431,18.7
G-MB-M-LP1_04,MB-M-LP1_04,G-MB-M-LP1,Gaica,Gaica mbd,2013-09-06,13-14,2013,9,6,249,25,06:53:00,00:00:00,3,12,8,Late,4,1,"Ronald Fernandez-Gomez, Yuri Rosero-Mora",NA,NA,NA,23.14853916032431,18.7
G-MB-M-LP1_04,MB-M-LP1_04,G-MB-M-LP1,Gaica,Gaica mbd,2017-12-06,16-17,2017,12,6,340,139,07:10:00,00:00:00,3,12,1,Early,1,1,"Yuri Rosero-Mora, Robert Rodriguez",NA,NA,NA,26.18119322366807,18.7
G-MB-M-LP1_04,MB-M-LP1_04,G-MB-M-LP1,Gaica,Gaica mbd,2017-12-07,16-17,2017,12,7,341,140,07:20:00,00:00:00,3,12,2,Early,2,1,"Yuri Rosero-Mora, Robert Rodriguez",NA,NA,NA,26.18119322366807,18.7
G-MB-M-LP1_04,MB-M-LP1_04,G-MB-M-LP1,Gaica,Gaica mbd,2017-12-08,16-17,2017,12,8,342,141,07:45:00,00:00:00,3,12,3,Early,3,1,"Yuri Rosero-Mora, Robert Rodriguez",NA,NA,NA,26.18119322366807,18.7
G-MB-M-LP1_04,MB-M-LP1_04,G-MB-M-LP1,Gaica,Gaica mbd,2017-12-09,16-17,2017,12,9,343,142,07:35:00,00:00:00,3,12,4,Early,4,1,"Yuri Rosero-Mora, Robert Rodriguez",NA,NA,NA,26.18119322366807,18.7
G-MB-M-LP1_05,MB-M-LP1_05,G-MB-M-LP1,Gaica,Gaica mbd,2013-05-24,13-14,2013,5,24,144,1,07:16:00,00:00:00,3,12,1,Early,1,1,"Ronald Fernandez-Gomez, Yuri Rosero-Mora",NA,NA,NA,23.152056807051963,20
G-MB-M-LP1_05,MB-M-LP1_05,G-MB-M-LP1,Gaica,Gaica mbd,2013-05-25,13-14,2013,5,25,145,2,06:55:00,00:00:00,3,12,2,Early,2,1,"Ronald Fernandez-Gomez, Yuri Rosero-Mora",NA,NA,NA,23.152056807051963,20
G-MB-M-LP1_05,MB-M-LP1_05,G-MB-M-LP1,Gaica,Gaica mbd,2013-05-26,13-14,2013,5,26,146,3,09:00:00,00:00:00,3,12,3,Early,3,1,"Ronald Fernandez-Gomez, Yuri Rosero-Mora",NA,NA,NA,23.152056807051963,20
G-MB-M-LP1_05,MB-M-LP1_05,G-MB-M-LP1,Gaica,Gaica mbd,2013-05-27,13-14,2013,5,27,147,4,07:35:00,00:00:00,3,12,4,Early,4,0,"Ronald Fernandez-Gomez, Yuri Rosero-Mora",NA,NA,NA,23.152056807051963,20
G-MB-M-LP1_05,MB-M-LP1_05,G-MB-M-LP1,Gaica,Gaica mbd,2013-09-03,13-14,2013,9,3,246,22,07:15:00,00:00:00,3,12,5,Late,1,1,"Ronald Fernandez-Gomez, Yuri Rosero-Mora",NA,NA,NA,23.152056807051963,20
G-MB-M-LP1_05,MB-M-LP1_05,G-MB-M-LP1,Gaica,Gaica mbd,2013-09-04,13-14,2013,9,4,247,23,07:14:00,00:00:00,3,12,6,Late,2,1,"Ronald Fernandez-Gomez, Yuri Rosero-Mora",NA,NA,NA,23.152056807051963,20
G-MB-M-LP1_05,MB-M-LP1_05,G-MB-M-LP1,Gaica,Gaica mbd,2013-09-05,13-14,2013,9,5,248,24,07:18:00,00:00:00,3,12,7,Late,3,1,"Ronald Fernandez-Gomez, Yuri Rosero-Mora",NA,NA,NA,23.152056807051963,20
G-MB-M-LP1_05,MB-M-LP1_05,G-MB-M-LP1,Gaica,Gaica mbd,2013-09-06,13-14,2013,9,6,249,25,07:14:00,00:00:00,3,12,8,Late,4,1,"Ronald Fernandez-Gomez, Yuri Rosero-Mora",NA,NA,NA,23.152056807051963,20
G-MB-M-LP1_05,MB-M-LP1_05,G-MB-M-LP1,Gaica,Gaica mbd,2017-12-06,16-17,2017,12,6,340,139,07:35:00,00:00:00,3,12,1,Early,1,1,"Yuri Rosero-Mora, Robert Rodriguez",NA,NA,NA,25.94637610186098,20
G-MB-M-LP1_05,MB-M-LP1_05,G-MB-M-LP1,Gaica,Gaica mbd,2017-12-07,16-17,2017,12,7,341,140,07:35:00,00:00:00,3,12,2,Early,2,1,"Yuri Rosero-Mora, Robert Rodriguez",NA,NA,NA,25.94637610186098,20
G-MB-M-LP1_05,MB-M-LP1_05,G-MB-M-LP1,Gaica,Gaica mbd,2017-12-08,16-17,2017,12,8,342,141,08:02:00,00:00:00,3,12,3,Early,3,1,"Yuri Rosero-Mora, Robert Rodriguez",NA,NA,NA,25.94637610186098,20
G-MB-M-LP1_05,MB-M-LP1_05,G-MB-M-LP1,Gaica,Gaica mbd,2017-12-09,16-17,2017,12,9,343,142,07:50:00,00:00:00,3,12,4,Early,4,1,"Yuri Rosero-Mora, Robert Rodriguez",NA,NA,NA,25.94637610186098,20
G-MB-M-LP1_06,MB-M-LP1_06,G-MB-M-LP1,Gaica,Gaica mbd,2013-05-24,13-14,2013,5,24,144,1,07:40:00,00:00:00,3,12,1,Early,1,1,"Ronald Fernandez-Gomez, Yuri Rosero-Mora",NA,NA,NA,22.476493633692535,22.1
G-MB-M-LP1_06,MB-M-LP1_06,G-MB-M-LP1,Gaica,Gaica mbd,2013-05-25,13-14,2013,5,25,145,2,07:12:00,00:00:00,3,12,2,Early,2,1,"Ronald Fernandez-Gomez, Yuri Rosero-Mora",NA,NA,NA,22.476493633692535,22.1
G-MB-M-LP1_06,MB-M-LP1_06,G-MB-M-LP1,Gaica,Gaica mbd,2013-05-26,13-14,2013,5,26,146,3,09:40:00,00:00:00,3,12,3,Early,3,1,"Ronald Fernandez-Gomez, Yuri Rosero-Mora",NA,NA,NA,22.476493633692535,22.1
G-MB-M-LP1_06,MB-M-LP1_06,G-MB-M-LP1,Gaica,Gaica mbd,2013-05-27,13-14,2013,5,27,147,4,08:10:00,00:00:00,3,12,4,Early,4,1,"Ronald Fernandez-Gomez, Yuri Rosero-Mora",NA,NA,NA,22.476493633692535,22.1
G-MB-M-LP1_06,MB-M-LP1_06,G-MB-M-LP1,Gaica,Gaica mbd,2013-09-03,13-14,2013,9,3,246,22,07:39:00,00:00:00,3,12,5,Late,1,1,"Ronald Fernandez-Gomez, Yuri Rosero-Mora",NA,NA,NA,22.476493633692535,22.1
G-MB-M-LP1_06,MB-M-LP1_06,G-MB-M-LP1,Gaica,Gaica mbd,2013-09-04,13-14,2013,9,4,247,23,07:40:00,00:00:00,3,12,6,Late,2,1,"Ronald Fernandez-Gomez, Yuri Rosero-Mora",NA,NA,NA,22.476493633692535,22.1
G-MB-M-LP1_06,MB-M-LP1_06,G-MB-M-LP1,Gaica,Gaica mbd,2013-09-05,13-14,2013,9,5,248,24,07:35:00,00:00:00,3,12,7,Late,3,0,"Ronald Fernandez-Gomez, Yuri Rosero-Mora",NA,NA,NA,22.476493633692535,22.1
G-MB-M-LP1_06,MB-M-LP1_06,G-MB-M-LP1,Gaica,Gaica mbd,2013-09-06,13-14,2013,9,6,249,25,07:34:00,00:00:00,3,12,8,Late,4,1,"Ronald Fernandez-Gomez, Yuri Rosero-Mora",NA,NA,NA,22.476493633692535,22.1
G-MB-M-LP1_06,MB-M-LP1_06,G-MB-M-LP1,Gaica,Gaica mbd,2017-12-06,16-17,2017,12,6,340,139,08:10:00,00:00:00,3,12,1,Early,1,1,"Yuri Rosero-Mora, Robert Rodriguez",NA,NA,NA,24.76689520078362,22.1
G-MB-M-LP1_06,MB-M-LP1_06,G-MB-M-LP1,Gaica,Gaica mbd,2017-12-07,16-17,2017,12,7,341,140,07:55:00,00:00:00,3,12,2,Early,2,1,"Yuri Rosero-Mora, Robert Rodriguez",NA,NA,NA,24.76689520078362,22.1
G-MB-M-LP1_06,MB-M-LP1_06,G-MB-M-LP1,Gaica,Gaica mbd,2017-12-08,16-17,2017,12,8,342,141,08:20:00,00:00:00,3,12,3,Early,3,1,"Yuri Rosero-Mora, Robert Rodriguez",NA,NA,NA,24.76689520078362,22.1
G-MB-M-LP1_06,MB-M-LP1_06,G-MB-M-LP1,Gaica,Gaica mbd,2017-12-09,16-17,2017,12,9,343,142,08:05:00,00:00:00,3,12,4,Early,4,1,"Yuri Rosero-Mora, Robert Rodriguez",NA,NA,NA,24.76689520078362,22.1
G-MB-Q-ECOR_01,MB-Q-ECOR_01,G-MB-Q-ECOR,Gaica,Gaica mbd,2013-07-30,13-14,2013,7,30,211,68,05:50:00,00:00:00,3,12,1,Early,1,1,"Ronald Fernandez-Gomez, Yuri Rosero-Mora",NA,NA,NA,64.95343137254909,19.8
G-MB-Q-ECOR_01,MB-Q-ECOR_01,G-MB-Q-ECOR,Gaica,Gaica mbd,2013-07-31,13-14,2013,7,31,212,69,05:58:00,00:00:00,3,12,2,Early,2,1,"Ronald Fernandez-Gomez, Yuri Rosero-Mora",NA,NA,NA,64.95343137254909,19.8
G-MB-Q-ECOR_01,MB-Q-ECOR_01,G-MB-Q-ECOR,Gaica,Gaica mbd,2013-08-01,13-14,2013,8,1,213,70,05:55:00,00:00:00,3,12,3,Early,3,1,"Ronald Fernandez-Gomez, Yuri Rosero-Mora",NA,NA,NA,64.95343137254909,19.8
G-MB-Q-ECOR_01,MB-Q-ECOR_01,G-MB-Q-ECOR,Gaica,Gaica mbd,2013-08-02,13-14,2013,8,2,214,71,05:50:00,00:00:00,3,12,4,Early,4,1,"Ronald Fernandez-Gomez, Yuri Rosero-Mora",NA,NA,NA,64.95343137254909,19.8
G-MB-Q-ECOR_01,MB-Q-ECOR_01,G-MB-Q-ECOR,Gaica,Gaica mbd,2013-11-21,13-14,2013,11,21,325,101,06:06:00,00:00:00,3,12,5,Late,1,1,"Ronald Fernandez-Gomez, Yuri Rosero-Mora",NA,NA,NA,64.95343137254909,19.8
G-MB-Q-ECOR_01,MB-Q-ECOR_01,G-MB-Q-ECOR,Gaica,Gaica mbd,2013-11-22,13-14,2013,11,22,326,102,06:02:00,00:00:00,3,12,6,Late,2,1,"Ronald Fernandez-Gomez, Yuri Rosero-Mora",NA,NA,NA,64.95343137254909,19.8
G-MB-Q-ECOR_01,MB-Q-ECOR_01,G-MB-Q-ECOR,Gaica,Gaica mbd,2013-11-23,13-14,2013,11,23,327,103,06:04:00,00:00:00,3,12,7,Late,3,1,"Ronald Fernandez-Gomez, Yuri Rosero-Mora",NA,NA,NA,64.95343137254909,19.8
G-MB-Q-ECOR_01,MB-Q-ECOR_01,G-MB-Q-ECOR,Gaica,Gaica mbd,2013-11-24,13-14,2013,11,24,328,104,05:58:00,00:00:00,3,12,8,Late,4,1,"Ronald Fernandez-Gomez, Yuri Rosero-Mora",NA,NA,NA,64.95343137254909,19.8
G-MB-Q-ECOR_01,MB-Q-ECOR_01,G-MB-Q-ECOR,Gaica,Gaica mbd,2017-07-30,16-17,2017,7,30,211,10,06:05:00,00:00:00,3,12,1,Early,1,1,"Yuri Rosero-Mora, Robert Rodriguez",NA,NA,NA,66.15245098039213,19.8
G-MB-Q-ECOR_01,MB-Q-ECOR_01,G-MB-Q-ECOR,Gaica,Gaica mbd,2017-07-31,16-17,2017,7,31,212,11,06:00:00,00:00:00,3,12,2,Early,2,1,"Yuri Rosero-Mora, Robert Rodriguez",NA,NA,NA,66.15245098039213,19.8
G-MB-Q-ECOR_01,MB-Q-ECOR_01,G-MB-Q-ECOR,Gaica,Gaica mbd,2017-08-01,16-17,2017,8,1,213,12,08:00:00,00:00:00,3,12,3,Early,3,1,"Yuri Rosero-Mora, Robert Rodriguez",NA,NA,NA,66.15245098039213,19.8
G-MB-Q-ECOR_01,MB-Q-ECOR_01,G-MB-Q-ECOR,Gaica,Gaica mbd,2017-08-02,16-17,2017,8,2,214,13,06:00:00,00:00:00,3,12,4,Early,4,1,"Yuri Rosero-Mora, Robert Rodriguez",NA,NA,NA,66.15245098039213,19.8
G-MB-Q-ECOR_02,MB-Q-ECOR_02,G-MB-Q-ECOR,Gaica,Gaica mbd,2013-07-30,13-14,2013,7,30,211,68,06:05:00,00:00:00,3,12,1,Early,1,1,"Ronald Fernandez-Gomez, Yuri Rosero-Mora",NA,NA,NA,65.41817736403699,26.4
G-MB-Q-ECOR_02,MB-Q-ECOR_02,G-MB-Q-ECOR,Gaica,Gaica mbd,2013-07-31,13-14,2013,7,31,212,69,06:23:00,00:00:00,3,12,2,Early,2,1,"Ronald Fernandez-Gomez, Yuri Rosero-Mora",NA,NA,NA,65.41817736403699,26.4
G-MB-Q-ECOR_02,MB-Q-ECOR_02,G-MB-Q-ECOR,Gaica,Gaica mbd,2013-08-01,13-14,2013,8,1,213,70,06:15:00,00:00:00,3,12,3,Early,3,1,"Ronald Fernandez-Gomez, Yuri Rosero-Mora",NA,NA,NA,65.41817736403699,26.4
G-MB-Q-ECOR_02,MB-Q-ECOR_02,G-MB-Q-ECOR,Gaica,Gaica mbd,2013-08-02,13-14,2013,8,2,214,71,06:15:00,00:00:00,3,12,4,Early,4,1,"Ronald Fernandez-Gomez, Yuri Rosero-Mora",NA,NA,NA,65.41817736403699,26.4
G-MB-Q-ECOR_02,MB-Q-ECOR_02,G-MB-Q-ECOR,Gaica,Gaica mbd,2013-11-21,13-14,2013,11,21,325,101,06:30:00,00:00:00,3,12,5,Late,1,1,"Ronald Fernandez-Gomez, Yuri Rosero-Mora",NA,NA,NA,65.41817736403699,26.4
G-MB-Q-ECOR_02,MB-Q-ECOR_02,G-MB-Q-ECOR,Gaica,Gaica mbd,2013-11-22,13-14,2013,11,22,326,102,06:10:00,00:00:00,3,12,6,Late,2,1,"Ronald Fernandez-Gomez, Yuri Rosero-Mora",NA,NA,NA,65.41817736403699,26.4
G-MB-Q-ECOR_02,MB-Q-ECOR_02,G-MB-Q-ECOR,Gaica,Gaica mbd,2013-11-23,13-14,2013,11,23,327,103,06:10:00,00:00:00,3,12,7,Late,3,1,"Ronald Fernandez-Gomez, Yuri Rosero-Mora",NA,NA,NA,65.41817736403699,26.4
G-MB-Q-ECOR_02,MB-Q-ECOR_02,G-MB-Q-ECOR,Gaica,Gaica mbd,2013-11-24,13-14,2013,11,24,328,104,06:22:00,00:00:00,3,12,8,Late,4,1,"Ronald Fernandez-Gomez, Yuri Rosero-Mora",NA,NA,NA,65.41817736403699,26.4
G-MB-Q-ECOR_02,MB-Q-ECOR_02,G-MB-Q-ECOR,Gaica,Gaica mbd,2017-07-30,16-17,2017,7,30,211,10,06:24:00,00:00:00,3,12,1,Early,1,1,"Yuri Rosero-Mora, Robert Rodriguez",NA,NA,NA,66.60754532092089,26.4
G-MB-Q-ECOR_02,MB-Q-ECOR_02,G-MB-Q-ECOR,Gaica,Gaica mbd,2017-07-31,16-17,2017,7,31,212,11,06:25:00,00:00:00,3,12,2,Early,2,1,"Yuri Rosero-Mora, Robert Rodriguez",NA,NA,NA,66.60754532092089,26.4
G-MB-Q-ECOR_02,MB-Q-ECOR_02,G-MB-Q-ECOR,Gaica,Gaica mbd,2017-08-01,16-17,2017,8,1,213,12,07:45:00,00:00:00,3,12,3,Early,3,1,"Yuri Rosero-Mora, Robert Rodriguez",NA,NA,NA,66.60754532092089,26.4
G-MB-Q-ECOR_02,MB-Q-ECOR_02,G-MB-Q-ECOR,Gaica,Gaica mbd,2017-08-02,16-17,2017,8,2,214,13,06:22:00,00:00:00,3,12,4,Early,4,1,"Yuri Rosero-Mora, Robert Rodriguez",NA,NA,NA,66.60754532092089,26.4
G-MB-Q-ECOR_03,MB-Q-ECOR_03,G-MB-Q-ECOR,Gaica,Gaica mbd,2013-07-30,13-14,2013,7,30,211,68,07:45:00,00:00:00,3,12,1,Early,1,0,"Ronald Fernandez-Gomez, Yuri Rosero-Mora",NA,NA,NA,68.32614555256055,23.7
G-MB-Q-ECOR_03,MB-Q-ECOR_03,G-MB-Q-ECOR,Gaica,Gaica mbd,2013-07-31,13-14,2013,7,31,212,69,07:30:00,00:00:00,3,12,2,Early,2,0,"Ronald Fernandez-Gomez, Yuri Rosero-Mora",NA,NA,NA,68.32614555256055,23.7
G-MB-Q-ECOR_03,MB-Q-ECOR_03,G-MB-Q-ECOR,Gaica,Gaica mbd,2013-08-01,13-14,2013,8,1,213,70,06:40:00,00:00:00,3,12,3,Early,3,1,"Ronald Fernandez-Gomez, Yuri Rosero-Mora",NA,NA,NA,68.32614555256055,23.7
G-MB-Q-ECOR_03,MB-Q-ECOR_03,G-MB-Q-ECOR,Gaica,Gaica mbd,2013-08-02,13-14,2013,8,2,214,71,06:45:00,00:00:00,3,12,4,Early,4,1,"Ronald Fernandez-Gomez, Yuri Rosero-Mora",NA,NA,NA,68.32614555256055,23.7
G-MB-Q-ECOR_03,MB-Q-ECOR_03,G-MB-Q-ECOR,Gaica,Gaica mbd,2013-11-21,13-14,2013,11,21,325,101,06:50:00,00:00:00,3,12,5,Late,1,1,"Ronald Fernandez-Gomez, Yuri Rosero-Mora",NA,NA,NA,68.32614555256055,23.7
G-MB-Q-ECOR_03,MB-Q-ECOR_03,G-MB-Q-ECOR,Gaica,Gaica mbd,2013-11-22,13-14,2013,11,22,326,102,06:40:00,00:00:00,3,12,6,Late,2,1,"Ronald Fernandez-Gomez, Yuri Rosero-Mora",NA,NA,NA,68.32614555256055,23.7
G-MB-Q-ECOR_03,MB-Q-ECOR_03,G-MB-Q-ECOR,Gaica,Gaica mbd,2013-11-23,13-14,2013,11,23,327,103,06:38:00,00:00:00,3,12,7,Late,3,1,"Ronald Fernandez-Gomez, Yuri Rosero-Mora",NA,NA,NA,68.32614555256055,23.7
G-MB-Q-ECOR_03,MB-Q-ECOR_03,G-MB-Q-ECOR,Gaica,Gaica mbd,2013-11-24,13-14,2013,11,24,328,104,06:45:00,00:00:00,3,12,8,Late,4,1,"Ronald Fernandez-Gomez, Yuri Rosero-Mora",NA,NA,NA,68.32614555256055,23.7
G-MB-Q-ECOR_03,MB-Q-ECOR_03,G-MB-Q-ECOR,Gaica,Gaica mbd,2017-07-30,16-17,2017,7,30,211,10,06:53:00,00:00:00,3,12,1,Early,1,1,"Yuri Rosero-Mora, Robert Rodriguez",NA,NA,NA,69.4432737074246,23.7
G-MB-Q-ECOR_03,MB-Q-ECOR_03,G-MB-Q-ECOR,Gaica,Gaica mbd,2017-07-31,16-17,2017,7,31,212,11,06:50:00,00:00:00,3,12,2,Early,2,1,"Yuri Rosero-Mora, Robert Rodriguez",NA,NA,NA,69.4432737074246,23.7
G-MB-Q-ECOR_03,MB-Q-ECOR_03,G-MB-Q-ECOR,Gaica,Gaica mbd,2017-08-01,16-17,2017,8,1,213,12,07:20:00,00:00:00,3,12,3,Early,3,1,"Yuri Rosero-Mora, Robert Rodriguez",NA,NA,NA,69.4432737074246,23.7
G-MB-Q-ECOR_03,MB-Q-ECOR_03,G-MB-Q-ECOR,Gaica,Gaica mbd,2017-08-02,16-17,2017,8,2,214,13,06:45:00,00:00:00,3,12,4,Early,4,1,"Yuri Rosero-Mora, Robert Rodriguez",NA,NA,NA,69.4432737074246,23.7
G-MB-Q-ECOR_04,MB-Q-ECOR_04,G-MB-Q-ECOR,Gaica,Gaica mbd,2013-07-30,13-14,2013,7,30,211,68,06:20:00,00:00:00,3,12,1,Early,1,1,"Ronald Fernandez-Gomez, Yuri Rosero-Mora",NA,NA,NA,70.81949546901782,26.4
G-MB-Q-ECOR_04,MB-Q-ECOR_04,G-MB-Q-ECOR,Gaica,Gaica mbd,2013-07-31,13-14,2013,7,31,212,69,06:40:00,00:00:00,3,12,2,Early,2,1,"Ronald Fernandez-Gomez, Yuri Rosero-Mora",NA,NA,NA,70.81949546901782,26.4
G-MB-Q-ECOR_04,MB-Q-ECOR_04,G-MB-Q-ECOR,Gaica,Gaica mbd,2013-08-01,13-14,2013,8,1,213,70,07:05:00,00:00:00,3,12,3,Early,3,1,"Ronald Fernandez-Gomez, Yuri Rosero-Mora",NA,NA,NA,70.81949546901782,26.4
G-MB-Q-ECOR_04,MB-Q-ECOR_04,G-MB-Q-ECOR,Gaica,Gaica mbd,2013-08-02,13-14,2013,8,2,214,71,06:16:00,00:00:00,3,12,4,Early,4,1,"Ronald Fernandez-Gomez, Yuri Rosero-Mora",NA,NA,NA,70.81949546901782,26.4
G-MB-Q-ECOR_04,MB-Q-ECOR_04,G-MB-Q-ECOR,Gaica,Gaica mbd,2013-11-21,13-14,2013,11,21,325,101,06:05:00,00:00:00,3,12,5,Late,1,1,"Ronald Fernandez-Gomez, Yuri Rosero-Mora",NA,NA,NA,70.81949546901782,26.4
G-MB-Q-ECOR_04,MB-Q-ECOR_04,G-MB-Q-ECOR,Gaica,Gaica mbd,2013-11-22,13-14,2013,11,22,326,102,06:20:00,00:00:00,3,12,6,Late,2,1,"Ronald Fernandez-Gomez, Yuri Rosero-Mora",NA,NA,NA,70.81949546901782,26.4
G-MB-Q-ECOR_04,MB-Q-ECOR_04,G-MB-Q-ECOR,Gaica,Gaica mbd,2013-11-23,13-14,2013,11,23,327,103,06:21:00,00:00:00,3,12,7,Late,3,1,"Ronald Fernandez-Gomez, Yuri Rosero-Mora",NA,NA,NA,70.81949546901782,26.4
G-MB-Q-ECOR_04,MB-Q-ECOR_04,G-MB-Q-ECOR,Gaica,Gaica mbd,2013-11-24,13-14,2013,11,24,328,104,06:01:00,00:00:00,3,12,8,Late,4,1,"Ronald Fernandez-Gomez, Yuri Rosero-Mora",NA,NA,NA,70.81949546901782,26.4
G-MB-Q-ECOR_04,MB-Q-ECOR_04,G-MB-Q-ECOR,Gaica,Gaica mbd,2017-07-30,16-17,2017,7,30,211,10,07:25:00,00:00:00,3,12,1,Early,1,1,"Yuri Rosero-Mora, Robert Rodriguez",NA,NA,NA,71.99289737937795,26.4
G-MB-Q-ECOR_04,MB-Q-ECOR_04,G-MB-Q-ECOR,Gaica,Gaica mbd,2017-07-31,16-17,2017,7,31,212,11,07:10:00,00:00:00,3,12,2,Early,2,1,"Yuri Rosero-Mora, Robert Rodriguez",NA,NA,NA,71.99289737937795,26.4
G-MB-Q-ECOR_04,MB-Q-ECOR_04,G-MB-Q-ECOR,Gaica,Gaica mbd,2017-08-01,16-17,2017,8,1,213,12,06:55:00,00:00:00,3,12,3,Early,3,1,"Yuri Rosero-Mora, Robert Rodriguez",NA,NA,NA,71.99289737937795,26.4
G-MB-Q-ECOR_04,MB-Q-ECOR_04,G-MB-Q-ECOR,Gaica,Gaica mbd,2017-08-02,16-17,2017,8,2,214,13,07:02:00,00:00:00,3,12,4,Early,4,1,"Yuri Rosero-Mora, Robert Rodriguez",NA,NA,NA,71.99289737937795,26.4
G-MB-Q-ECOR_05,MB-Q-ECOR_05,G-MB-Q-ECOR,Gaica,Gaica mbd,2013-07-30,13-14,2013,7,30,211,68,06:51:00,00:00:00,3,12,1,Early,1,1,"Ronald Fernandez-Gomez, Yuri Rosero-Mora",NA,NA,NA,66.01935325820654,21.2
G-MB-Q-ECOR_05,MB-Q-ECOR_05,G-MB-Q-ECOR,Gaica,Gaica mbd,2013-07-31,13-14,2013,7,31,212,69,06:58:00,00:00:00,3,12,2,Early,2,1,"Ronald Fernandez-Gomez, Yuri Rosero-Mora",NA,NA,NA,66.01935325820654,21.2
G-MB-Q-ECOR_05,MB-Q-ECOR_05,G-MB-Q-ECOR,Gaica,Gaica mbd,2013-08-01,13-14,2013,8,1,213,70,06:32:00,00:00:00,3,12,3,Early,3,0,"Ronald Fernandez-Gomez, Yuri Rosero-Mora",NA,NA,NA,66.01935325820654,21.2
G-MB-Q-ECOR_05,MB-Q-ECOR_05,G-MB-Q-ECOR,Gaica,Gaica mbd,2013-08-02,13-14,2013,8,2,214,71,06:48:00,00:00:00,3,12,4,Early,4,1,"Ronald Fernandez-Gomez, Yuri Rosero-Mora",NA,NA,NA,66.01935325820654,21.2
G-MB-Q-ECOR_05,MB-Q-ECOR_05,G-MB-Q-ECOR,Gaica,Gaica mbd,2013-11-21,13-14,2013,11,21,325,101,06:33:00,00:00:00,3,12,5,Late,1,1,"Ronald Fernandez-Gomez, Yuri Rosero-Mora",NA,NA,NA,66.01935325820654,21.2
G-MB-Q-ECOR_05,MB-Q-ECOR_05,G-MB-Q-ECOR,Gaica,Gaica mbd,2013-11-22,13-14,2013,11,22,326,102,06:39:00,00:00:00,3,12,6,Late,2,1,"Ronald Fernandez-Gomez, Yuri Rosero-Mora",NA,NA,NA,66.01935325820654,21.2
G-MB-Q-ECOR_05,MB-Q-ECOR_05,G-MB-Q-ECOR,Gaica,Gaica mbd,2013-11-23,13-14,2013,11,23,327,103,06:45:00,00:00:00,3,12,7,Late,3,1,"Ronald Fernandez-Gomez, Yuri Rosero-Mora",NA,NA,NA,66.01935325820654,21.2
G-MB-Q-ECOR_05,MB-Q-ECOR_05,G-MB-Q-ECOR,Gaica,Gaica mbd,2013-11-24,13-14,2013,11,24,328,104,06:24:00,00:00:00,3,12,8,Late,4,1,"Ronald Fernandez-Gomez, Yuri Rosero-Mora",NA,NA,NA,66.01935325820654,21.2
G-MB-Q-ECOR_05,MB-Q-ECOR_05,G-MB-Q-ECOR,Gaica,Gaica mbd,2017-07-30,16-17,2017,7,30,211,10,07:40:00,00:00:00,3,12,1,Early,1,1,"Yuri Rosero-Mora, Robert Rodriguez",NA,NA,NA,67.25306222440013,21.2
G-MB-Q-ECOR_05,MB-Q-ECOR_05,G-MB-Q-ECOR,Gaica,Gaica mbd,2017-07-31,16-17,2017,7,31,212,11,07:35:00,00:00:00,3,12,2,Early,2,1,"Yuri Rosero-Mora, Robert Rodriguez",NA,NA,NA,67.25306222440013,21.2
G-MB-Q-ECOR_05,MB-Q-ECOR_05,G-MB-Q-ECOR,Gaica,Gaica mbd,2017-08-01,16-17,2017,8,1,213,12,06:30:00,00:00:00,3,12,3,Early,3,1,"Yuri Rosero-Mora, Robert Rodriguez",NA,NA,NA,67.25306222440013,21.2
G-MB-Q-ECOR_05,MB-Q-ECOR_05,G-MB-Q-ECOR,Gaica,Gaica mbd,2017-08-02,16-17,2017,8,2,214,13,07:20:00,00:00:00,3,12,4,Early,4,1,"Yuri Rosero-Mora, Robert Rodriguez",NA,NA,NA,67.25306222440013,21.2
G-MB-Q-ECOR_06,MB-Q-ECOR_06,G-MB-Q-ECOR,Gaica,Gaica mbd,2013-07-30,13-14,2013,7,30,211,68,07:17:00,00:00:00,3,12,1,Early,1,1,"Ronald Fernandez-Gomez, Yuri Rosero-Mora",NA,NA,NA,65.78583680470481,20
G-MB-Q-ECOR_06,MB-Q-ECOR_06,G-MB-Q-ECOR,Gaica,Gaica mbd,2013-07-31,13-14,2013,7,31,212,69,07:15:00,00:00:00,3,12,2,Early,2,1,"Ronald Fernandez-Gomez, Yuri Rosero-Mora",NA,NA,NA,65.78583680470481,20
G-MB-Q-ECOR_06,MB-Q-ECOR_06,G-MB-Q-ECOR,Gaica,Gaica mbd,2013-08-01,13-14,2013,8,1,213,70,07:30:00,00:00:00,3,12,3,Early,3,0,"Ronald Fernandez-Gomez, Yuri Rosero-Mora",NA,NA,NA,65.78583680470481,20
G-MB-Q-ECOR_06,MB-Q-ECOR_06,G-MB-Q-ECOR,Gaica,Gaica mbd,2013-08-02,13-14,2013,8,2,214,71,07:10:00,00:00:00,3,12,4,Early,4,1,"Ronald Fernandez-Gomez, Yuri Rosero-Mora",NA,NA,NA,65.78583680470481,20
G-MB-Q-ECOR_06,MB-Q-ECOR_06,G-MB-Q-ECOR,Gaica,Gaica mbd,2013-11-21,13-14,2013,11,21,325,101,06:57:00,00:00:00,3,12,5,Late,1,1,"Ronald Fernandez-Gomez, Yuri Rosero-Mora",NA,NA,NA,65.78583680470481,20
G-MB-Q-ECOR_06,MB-Q-ECOR_06,G-MB-Q-ECOR,Gaica,Gaica mbd,2013-11-22,13-14,2013,11,22,326,102,06:57:00,00:00:00,3,12,6,Late,2,1,"Ronald Fernandez-Gomez, Yuri Rosero-Mora",NA,NA,NA,65.78583680470481,20
G-MB-Q-ECOR_06,MB-Q-ECOR_06,G-MB-Q-ECOR,Gaica,Gaica mbd,2013-11-23,13-14,2013,11,23,327,103,07:03:00,00:00:00,3,12,7,Late,3,1,"Ronald Fernandez-Gomez, Yuri Rosero-Mora",NA,NA,NA,65.78583680470481,20
G-MB-Q-ECOR_06,MB-Q-ECOR_06,G-MB-Q-ECOR,Gaica,Gaica mbd,2013-11-24,13-14,2013,11,24,328,104,06:42:00,00:00:00,3,12,8,Late,4,1,"Ronald Fernandez-Gomez, Yuri Rosero-Mora",NA,NA,NA,65.78583680470481,20
G-MB-Q-ECOR_06,MB-Q-ECOR_06,G-MB-Q-ECOR,Gaica,Gaica mbd,2017-07-30,16-17,2017,7,30,211,10,08:00:00,00:00:00,3,12,1,Early,1,1,"Yuri Rosero-Mora, Robert Rodriguez",NA,NA,NA,66.98088703749073,20
G-MB-Q-ECOR_06,MB-Q-ECOR_06,G-MB-Q-ECOR,Gaica,Gaica mbd,2017-07-31,16-17,2017,7,31,212,11,08:00:00,00:00:00,3,12,2,Early,2,1,"Yuri Rosero-Mora, Robert Rodriguez",NA,NA,NA,66.98088703749073,20
G-MB-Q-ECOR_06,MB-Q-ECOR_06,G-MB-Q-ECOR,Gaica,Gaica mbd,2017-08-01,16-17,2017,8,1,213,12,06:15:00,00:00:00,3,12,3,Early,3,1,"Yuri Rosero-Mora, Robert Rodriguez",NA,NA,NA,66.98088703749073,20
G-MB-Q-ECOR_06,MB-Q-ECOR_06,G-MB-Q-ECOR,Gaica,Gaica mbd,2017-08-02,16-17,2017,8,2,214,13,07:43:00,00:00:00,3,12,4,Early,4,1,"Yuri Rosero-Mora, Robert Rodriguez",NA,NA,NA,66.98088703749073,20
G-MB-Q-EC_01,MB-Q-EC_01,G-MB-Q-EC,Gaica,Gaica mbd,2013-08-03,13-14,2013,8,3,215,72,06:03:00,00:00:00,1,8,1,Early,1,1,"Ronald Fernandez-Gomez, Yuri Rosero-Mora",NA,NA,NA,59.61029411764723,25.8
G-MB-Q-EC_01,MB-Q-EC_01,G-MB-Q-EC,Gaica,Gaica mbd,2013-08-04,13-14,2013,8,4,216,73,05:45:00,00:00:00,1,8,2,Early,2,1,"Ronald Fernandez-Gomez, Yuri Rosero-Mora",NA,NA,NA,59.61029411764723,25.8
G-MB-Q-EC_01,MB-Q-EC_01,G-MB-Q-EC,Gaica,Gaica mbd,2013-08-05,13-14,2013,8,5,217,74,06:00:00,00:00:00,1,8,3,Early,3,1,"Ronald Fernandez-Gomez, Yuri Rosero-Mora",NA,NA,NA,59.61029411764723,25.8
G-MB-Q-EC_01,MB-Q-EC_01,G-MB-Q-EC,Gaica,Gaica mbd,2013-08-06,13-14,2013,8,6,218,75,05:55:00,00:00:00,1,8,4,Early,4,1,"Ronald Fernandez-Gomez, Yuri Rosero-Mora",NA,NA,NA,59.61029411764723,25.8
G-MB-Q-EC_01,MB-Q-EC_01,G-MB-Q-EC,Gaica,Gaica mbd,2013-11-17,13-14,2013,11,17,321,97,06:00:00,00:00:00,1,8,5,Late,1,1,"Ronald Fernandez-Gomez, Yuri Rosero-Mora",NA,NA,NA,59.61029411764723,25.8
G-MB-Q-EC_01,MB-Q-EC_01,G-MB-Q-EC,Gaica,Gaica mbd,2013-11-18,13-14,2013,11,18,322,98,06:05:00,00:00:00,1,8,6,Late,2,1,"Ronald Fernandez-Gomez, Yuri Rosero-Mora",NA,NA,NA,59.61029411764723,25.8
G-MB-Q-EC_01,MB-Q-EC_01,G-MB-Q-EC,Gaica,Gaica mbd,2013-11-19,13-14,2013,11,19,323,99,06:20:00,00:00:00,1,8,7,Late,3,1,"Ronald Fernandez-Gomez, Yuri Rosero-Mora",NA,NA,NA,59.61029411764723,25.8
G-MB-Q-EC_01,MB-Q-EC_01,G-MB-Q-EC,Gaica,Gaica mbd,2013-11-20,13-14,2013,11,20,324,100,06:10:00,00:00:00,1,8,8,Late,4,1,"Ronald Fernandez-Gomez, Yuri Rosero-Mora",NA,NA,NA,59.61029411764723,25.8
G-MB-Q-EC_02,MB-Q-EC_02,G-MB-Q-EC,Gaica,Gaica mbd,2013-08-03,13-14,2013,8,3,215,72,06:29:00,00:00:00,1,8,1,Early,1,1,"Ronald Fernandez-Gomez, Yuri Rosero-Mora",NA,NA,NA,60.364282214600834,23.8
G-MB-Q-EC_02,MB-Q-EC_02,G-MB-Q-EC,Gaica,Gaica mbd,2013-08-04,13-14,2013,8,4,216,73,06:10:00,00:00:00,1,8,2,Early,2,1,"Ronald Fernandez-Gomez, Yuri Rosero-Mora",NA,NA,NA,60.364282214600834,23.8
G-MB-Q-EC_02,MB-Q-EC_02,G-MB-Q-EC,Gaica,Gaica mbd,2013-08-05,13-14,2013,8,5,217,74,06:23:00,00:00:00,1,8,3,Early,3,1,"Ronald Fernandez-Gomez, Yuri Rosero-Mora",NA,NA,NA,60.364282214600834,23.8
G-MB-Q-EC_02,MB-Q-EC_02,G-MB-Q-EC,Gaica,Gaica mbd,2013-08-06,13-14,2013,8,6,218,75,06:25:00,00:00:00,1,8,4,Early,4,1,"Ronald Fernandez-Gomez, Yuri Rosero-Mora",NA,NA,NA,60.364282214600834,23.8
G-MB-Q-EC_02,MB-Q-EC_02,G-MB-Q-EC,Gaica,Gaica mbd,2013-11-17,13-14,2013,11,17,321,97,06:26:00,00:00:00,1,8,5,Late,1,1,"Ronald Fernandez-Gomez, Yuri Rosero-Mora",NA,NA,NA,60.364282214600834,23.8
G-MB-Q-EC_02,MB-Q-EC_02,G-MB-Q-EC,Gaica,Gaica mbd,2013-11-18,13-14,2013,11,18,322,98,06:30:00,00:00:00,1,8,6,Late,2,1,"Ronald Fernandez-Gomez, Yuri Rosero-Mora",NA,NA,NA,60.364282214600834,23.8
G-MB-Q-EC_02,MB-Q-EC_02,G-MB-Q-EC,Gaica,Gaica mbd,2013-11-19,13-14,2013,11,19,323,99,06:45:00,00:00:00,1,8,7,Late,3,1,"Ronald Fernandez-Gomez, Yuri Rosero-Mora",NA,NA,NA,60.364282214600834,23.8
G-MB-Q-EC_02,MB-Q-EC_02,G-MB-Q-EC,Gaica,Gaica mbd,2013-11-20,13-14,2013,11,20,324,100,06:35:00,00:00:00,1,8,8,Late,4,1,"Ronald Fernandez-Gomez, Yuri Rosero-Mora",NA,NA,NA,60.364282214600834,23.8
G-MB-Q-EC_03,MB-Q-EC_03,G-MB-Q-EC,Gaica,Gaica mbd,2013-08-03,13-14,2013,8,3,215,72,06:55:00,00:00:00,1,8,1,Early,1,1,"Ronald Fernandez-Gomez, Yuri Rosero-Mora",NA,NA,NA,61.11721432074551,26.6
G-MB-Q-EC_03,MB-Q-EC_03,G-MB-Q-EC,Gaica,Gaica mbd,2013-08-04,13-14,2013,8,4,216,73,06:31:00,00:00:00,1,8,2,Early,2,1,"Ronald Fernandez-Gomez, Yuri Rosero-Mora",NA,NA,NA,61.11721432074551,26.6
G-MB-Q-EC_03,MB-Q-EC_03,G-MB-Q-EC,Gaica,Gaica mbd,2013-08-05,13-14,2013,8,5,217,74,06:45:00,00:00:00,1,8,3,Early,3,1,"Ronald Fernandez-Gomez, Yuri Rosero-Mora",NA,NA,NA,61.11721432074551,26.6
G-MB-Q-EC_03,MB-Q-EC_03,G-MB-Q-EC,Gaica,Gaica mbd,2013-08-06,13-14,2013,8,6,218,75,06:50:00,00:00:00,1,8,4,Early,4,1,"Ronald Fernandez-Gomez, Yuri Rosero-Mora",NA,NA,NA,61.11721432074551,26.6
G-MB-Q-EC_03,MB-Q-EC_03,G-MB-Q-EC,Gaica,Gaica mbd,2013-11-17,13-14,2013,11,17,321,97,06:48:00,00:00:00,1,8,5,Late,1,1,"Ronald Fernandez-Gomez, Yuri Rosero-Mora",NA,NA,NA,61.11721432074551,26.6
G-MB-Q-EC_03,MB-Q-EC_03,G-MB-Q-EC,Gaica,Gaica mbd,2013-11-18,13-14,2013,11,18,322,98,06:50:00,00:00:00,1,8,6,Late,2,1,"Ronald Fernandez-Gomez, Yuri Rosero-Mora",NA,NA,NA,61.11721432074551,26.6
G-MB-Q-EC_03,MB-Q-EC_03,G-MB-Q-EC,Gaica,Gaica mbd,2013-11-19,13-14,2013,11,19,323,99,07:07:00,00:00:00,1,8,7,Late,3,1,"Ronald Fernandez-Gomez, Yuri Rosero-Mora",NA,NA,NA,61.11721432074551,26.6
G-MB-Q-EC_03,MB-Q-EC_03,G-MB-Q-EC,Gaica,Gaica mbd,2013-11-20,13-14,2013,11,20,324,100,06:58:00,00:00:00,1,8,8,Late,4,1,"Ronald Fernandez-Gomez, Yuri Rosero-Mora",NA,NA,NA,61.11721432074551,26.6
G-MB-Q-EC_04,MB-Q-EC_04,G-MB-Q-EC,Gaica,Gaica mbd,2013-08-03,13-14,2013,8,3,215,72,07:40:00,00:00:00,1,8,1,Early,1,1,"Ronald Fernandez-Gomez, Yuri Rosero-Mora",NA,NA,NA,59.18688605108069,26.6
G-MB-Q-EC_04,MB-Q-EC_04,G-MB-Q-EC,Gaica,Gaica mbd,2013-08-04,13-14,2013,8,4,216,73,06:58:00,00:00:00,1,8,2,Early,2,1,"Ronald Fernandez-Gomez, Yuri Rosero-Mora",NA,NA,NA,59.18688605108069,26.6
G-MB-Q-EC_04,MB-Q-EC_04,G-MB-Q-EC,Gaica,Gaica mbd,2013-08-05,13-14,2013,8,5,217,74,07:10:00,00:00:00,1,8,3,Early,3,1,"Ronald Fernandez-Gomez, Yuri Rosero-Mora",NA,NA,NA,59.18688605108069,26.6
G-MB-Q-EC_04,MB-Q-EC_04,G-MB-Q-EC,Gaica,Gaica mbd,2013-08-06,13-14,2013,8,6,218,75,07:17:00,00:00:00,1,8,4,Early,4,1,"Ronald Fernandez-Gomez, Yuri Rosero-Mora",NA,NA,NA,59.18688605108069,26.6
G-MB-Q-EC_04,MB-Q-EC_04,G-MB-Q-EC,Gaica,Gaica mbd,2013-11-17,13-14,2013,11,17,321,97,07:13:00,00:00:00,1,8,5,Late,1,1,"Ronald Fernandez-Gomez, Yuri Rosero-Mora",NA,NA,NA,59.18688605108069,26.6
G-MB-Q-EC_04,MB-Q-EC_04,G-MB-Q-EC,Gaica,Gaica mbd,2013-11-18,13-14,2013,11,18,322,98,07:10:00,00:00:00,1,8,6,Late,2,1,"Ronald Fernandez-Gomez, Yuri Rosero-Mora",NA,NA,NA,59.18688605108069,26.6
G-MB-Q-EC_04,MB-Q-EC_04,G-MB-Q-EC,Gaica,Gaica mbd,2013-11-19,13-14,2013,11,19,323,99,07:30:00,00:00:00,1,8,7,Late,3,1,"Ronald Fernandez-Gomez, Yuri Rosero-Mora",NA,NA,NA,59.18688605108069,26.6
G-MB-Q-EC_04,MB-Q-EC_04,G-MB-Q-EC,Gaica,Gaica mbd,2013-11-20,13-14,2013,11,20,324,100,07:23:00,00:00:00,1,8,8,Late,4,1,"Ronald Fernandez-Gomez, Yuri Rosero-Mora",NA,NA,NA,59.18688605108069,26.6
G-MB-Q-EC_05,MB-Q-EC_05,G-MB-Q-EC,Gaica,Gaica mbd,2013-08-03,13-14,2013,8,3,215,72,08:18:00,00:00:00,1,8,1,Early,1,1,"Ronald Fernandez-Gomez, Yuri Rosero-Mora",NA,NA,NA,62.468283125153086,20.9
G-MB-Q-EC_05,MB-Q-EC_05,G-MB-Q-EC,Gaica,Gaica mbd,2013-08-04,13-14,2013,8,4,216,73,07:30:00,00:00:00,1,8,2,Early,2,1,"Ronald Fernandez-Gomez, Yuri Rosero-Mora",NA,NA,NA,62.468283125153086,20.9
G-MB-Q-EC_05,MB-Q-EC_05,G-MB-Q-EC,Gaica,Gaica mbd,2013-08-05,13-14,2013,8,5,217,74,07:35:00,00:00:00,1,8,3,Early,3,1,"Ronald Fernandez-Gomez, Yuri Rosero-Mora",NA,NA,NA,62.468283125153086,20.9
G-MB-Q-EC_05,MB-Q-EC_05,G-MB-Q-EC,Gaica,Gaica mbd,2013-08-06,13-14,2013,8,6,218,75,07:45:00,00:00:00,1,8,4,Early,4,1,"Ronald Fernandez-Gomez, Yuri Rosero-Mora",NA,NA,NA,62.468283125153086,20.9
G-MB-Q-EC_05,MB-Q-EC_05,G-MB-Q-EC,Gaica,Gaica mbd,2013-11-17,13-14,2013,11,17,321,97,07:38:00,00:00:00,1,8,5,Late,1,1,"Ronald Fernandez-Gomez, Yuri Rosero-Mora",NA,NA,NA,62.468283125153086,20.9
G-MB-Q-EC_05,MB-Q-EC_05,G-MB-Q-EC,Gaica,Gaica mbd,2013-11-18,13-14,2013,11,18,322,98,07:40:00,00:00:00,1,8,6,Late,2,1,"Ronald Fernandez-Gomez, Yuri Rosero-Mora",NA,NA,NA,62.468283125153086,20.9
G-MB-Q-EC_05,MB-Q-EC_05,G-MB-Q-EC,Gaica,Gaica mbd,2013-11-19,13-14,2013,11,19,323,99,08:00:00,00:00:00,1,8,7,Late,3,1,"Ronald Fernandez-Gomez, Yuri Rosero-Mora",NA,NA,NA,62.468283125153086,20.9
G-MB-Q-EC_05,MB-Q-EC_05,G-MB-Q-EC,Gaica,Gaica mbd,2013-11-20,13-14,2013,11,20,324,100,07:45:00,00:00:00,1,8,8,Late,4,1,"Ronald Fernandez-Gomez, Yuri Rosero-Mora",NA,NA,NA,62.468283125153086,20.9
G-MB-Q-EC_06,MB-Q-EC_06,G-MB-Q-EC,Gaica,Gaica mbd,2013-08-03,13-14,2013,8,3,215,72,08:45:00,00:00:00,1,8,1,Early,1,1,"Ronald Fernandez-Gomez, Yuri Rosero-Mora",NA,NA,NA,61.00589390962643,22.6
G-MB-Q-EC_06,MB-Q-EC_06,G-MB-Q-EC,Gaica,Gaica mbd,2013-08-04,13-14,2013,8,4,216,73,07:56:00,00:00:00,1,8,2,Early,2,1,"Ronald Fernandez-Gomez, Yuri Rosero-Mora",NA,NA,NA,61.00589390962643,22.6
G-MB-Q-EC_06,MB-Q-EC_06,G-MB-Q-EC,Gaica,Gaica mbd,2013-08-05,13-14,2013,8,5,217,74,08:10:00,00:00:00,1,8,3,Early,3,1,"Ronald Fernandez-Gomez, Yuri Rosero-Mora",NA,NA,NA,61.00589390962643,22.6
G-MB-Q-EC_06,MB-Q-EC_06,G-MB-Q-EC,Gaica,Gaica mbd,2013-08-06,13-14,2013,8,6,218,75,08:15:00,00:00:00,1,8,4,Early,4,1,"Ronald Fernandez-Gomez, Yuri Rosero-Mora",NA,NA,NA,61.00589390962643,22.6
G-MB-Q-EC_06,MB-Q-EC_06,G-MB-Q-EC,Gaica,Gaica mbd,2013-11-17,13-14,2013,11,17,321,97,07:52:00,00:00:00,1,8,5,Late,1,1,"Ronald Fernandez-Gomez, Yuri Rosero-Mora",NA,NA,NA,61.00589390962643,22.6
G-MB-Q-EC_06,MB-Q-EC_06,G-MB-Q-EC,Gaica,Gaica mbd,2013-11-18,13-14,2013,11,18,322,98,08:15:00,00:00:00,1,8,6,Late,2,1,"Ronald Fernandez-Gomez, Yuri Rosero-Mora",NA,NA,NA,61.00589390962643,22.6
G-MB-Q-EC_06,MB-Q-EC_06,G-MB-Q-EC,Gaica,Gaica mbd,2013-11-19,13-14,2013,11,19,323,99,08:20:00,00:00:00,1,8,7,Late,3,1,"Ronald Fernandez-Gomez, Yuri Rosero-Mora",NA,NA,NA,61.00589390962643,22.6
G-MB-Q-EC_06,MB-Q-EC_06,G-MB-Q-EC,Gaica,Gaica mbd,2013-11-20,13-14,2013,11,20,324,100,08:10:00,00:00:00,1,8,8,Late,4,1,"Ronald Fernandez-Gomez, Yuri Rosero-Mora",NA,NA,NA,61.00589390962643,22.6
G-MB-Q-EC_07,MB-Q-EC_07,G-MB-Q-EC,Gaica,Gaica mbd,2017-08-02,16-17,2017,8,2,214,13,09:05:00,00:00:00,1,3,1,Early,1,1,"Yuri Rosero-Mora, Robert Rodriguez",NA,NA,NA,57.763998035363535,25.3
G-MB-Q-EC_07,MB-Q-EC_07,G-MB-Q-EC,Gaica,Gaica mbd,2017-08-03,16-17,2017,8,3,215,14,06:15:00,00:00:00,1,3,2,Early,2,1,"Yuri Rosero-Mora, Robert Rodriguez",NA,NA,NA,57.763998035363535,25.3
G-MB-Q-EC_07,MB-Q-EC_07,G-MB-Q-EC,Gaica,Gaica mbd,2017-08-04,16-17,2017,8,4,216,15,06:00:00,00:00:00,1,3,3,Early,3,1,"Yuri Rosero-Mora, Robert Rodriguez",NA,NA,NA,57.763998035363535,25.3
G-MB-Q-EC_08,MB-Q-EC_08,G-MB-Q-EC,Gaica,Gaica mbd,2017-08-02,16-17,2017,8,2,214,13,06:23:00,00:00:00,1,3,1,Early,1,1,"Yuri Rosero-Mora, Robert Rodriguez",NA,NA,NA,58.142857142857245,24.5
G-MB-Q-EC_08,MB-Q-EC_08,G-MB-Q-EC,Gaica,Gaica mbd,2017-08-03,16-17,2017,8,3,215,14,06:35:00,00:00:00,1,3,2,Early,2,1,"Yuri Rosero-Mora, Robert Rodriguez",NA,NA,NA,58.142857142857245,24.5
G-MB-Q-EC_08,MB-Q-EC_08,G-MB-Q-EC,Gaica,Gaica mbd,2017-08-04,16-17,2017,8,4,216,15,06:02:00,00:00:00,1,3,3,Early,3,1,"Yuri Rosero-Mora, Robert Rodriguez",NA,NA,NA,58.142857142857245,24.5
G-MB-Q-EC_09,MB-Q-EC_09,G-MB-Q-EC,Gaica,Gaica mbd,2017-08-02,16-17,2017,8,2,214,13,06:46:00,00:00:00,1,3,1,Early,1,1,"Yuri Rosero-Mora, Robert Rodriguez",NA,NA,NA,57.75,14.1
G-MB-Q-EC_09,MB-Q-EC_09,G-MB-Q-EC,Gaica,Gaica mbd,2017-08-03,16-17,2017,8,3,215,14,06:50:00,00:00:00,1,3,2,Early,2,1,"Yuri Rosero-Mora, Robert Rodriguez",NA,NA,NA,57.75,14.1
G-MB-Q-EC_09,MB-Q-EC_09,G-MB-Q-EC,Gaica,Gaica mbd,2017-08-04,16-17,2017,8,4,216,15,06:25:00,00:00:00,1,3,3,Early,3,1,"Yuri Rosero-Mora, Robert Rodriguez",NA,NA,NA,57.75,14.1
G-MB-Q-EC_10,MB-Q-EC_10,G-MB-Q-EC,Gaica,Gaica mbd,2017-08-02,16-17,2017,8,2,214,13,07:20:00,00:00:00,1,3,1,Early,1,1,"Yuri Rosero-Mora, Robert Rodriguez",NA,NA,NA,57.49032574087675,18.6
G-MB-Q-EC_10,MB-Q-EC_10,G-MB-Q-EC,Gaica,Gaica mbd,2017-08-03,16-17,2017,8,3,215,14,07:10:00,00:00:00,1,3,2,Early,2,1,"Yuri Rosero-Mora, Robert Rodriguez",NA,NA,NA,57.49032574087675,18.6
G-MB-Q-EC_10,MB-Q-EC_10,G-MB-Q-EC,Gaica,Gaica mbd,2017-08-04,16-17,2017,8,4,216,15,06:45:00,00:00:00,1,3,3,Early,3,1,"Yuri Rosero-Mora, Robert Rodriguez",NA,NA,NA,57.49032574087675,18.6
G-MB-Q-EC_11,MB-Q-EC_11,G-MB-Q-EC,Gaica,Gaica mbd,2017-08-02,16-17,2017,8,2,214,13,07:45:00,00:00:00,1,3,1,Early,1,1,"Yuri Rosero-Mora, Robert Rodriguez",NA,NA,NA,59.793238608525456,19.6
G-MB-Q-EC_11,MB-Q-EC_11,G-MB-Q-EC,Gaica,Gaica mbd,2017-08-03,16-17,2017,8,3,215,14,07:35:00,00:00:00,1,3,2,Early,2,1,"Yuri Rosero-Mora, Robert Rodriguez",NA,NA,NA,59.793238608525456,19.6
G-MB-Q-EC_11,MB-Q-EC_11,G-MB-Q-EC,Gaica,Gaica mbd,2017-08-04,16-17,2017,8,4,216,15,07:15:00,00:00:00,1,3,3,Early,3,1,"Yuri Rosero-Mora, Robert Rodriguez",NA,NA,NA,59.793238608525456,19.6
G-MB-Q-EC_12,MB-Q-EC_12,G-MB-Q-EC,Gaica,Gaica mbd,2017-08-02,16-17,2017,8,2,214,13,08:45:00,00:00:00,1,3,1,Early,1,1,"Yuri Rosero-Mora, Robert Rodriguez",NA,NA,NA,61.70107896027406,26.1
G-MB-Q-EC_12,MB-Q-EC_12,G-MB-Q-EC,Gaica,Gaica mbd,2017-08-03,16-17,2017,8,3,215,14,07:50:00,00:00:00,1,3,2,Early,2,1,"Yuri Rosero-Mora, Robert Rodriguez",NA,NA,NA,61.70107896027406,26.1
G-MB-Q-EC_12,MB-Q-EC_12,G-MB-Q-EC,Gaica,Gaica mbd,2017-08-04,16-17,2017,8,4,216,15,07:54:00,00:00:00,1,3,3,Early,3,1,"Yuri Rosero-Mora, Robert Rodriguez",NA,NA,NA,61.70107896027406,26.1
G-MB-Q-JB_01,MB-Q-JB_01,G-MB-Q-JB,Gaica,Gaica mbd,2017-07-24,16-17,2017,7,24,205,4,06:15:00,00:00:00,1,3,1,Early,1,1,"Yuri Rosero-Mora, Robert Rodriguez",NA,NA,NA,40.32490176817271,16.7
G-MB-Q-JB_01,MB-Q-JB_01,G-MB-Q-JB,Gaica,Gaica mbd,2017-07-25,16-17,2017,7,25,206,5,06:15:00,00:00:00,1,3,2,Early,2,1,"Yuri Rosero-Mora, Robert Rodriguez",NA,NA,NA,40.32490176817271,16.7
G-MB-Q-JB_01,MB-Q-JB_01,G-MB-Q-JB,Gaica,Gaica mbd,2017-07-26,16-17,2017,7,26,207,6,06:05:00,00:00:00,1,3,3,Early,3,1,"Yuri Rosero-Mora, Robert Rodriguez",NA,NA,NA,40.32490176817271,16.7
G-MB-Q-JB_02,MB-Q-JB_02,G-MB-Q-JB,Gaica,Gaica mbd,2017-07-24,16-17,2017,7,24,205,4,06:35:00,00:00:00,1,3,1,Early,1,1,"Yuri Rosero-Mora, Robert Rodriguez",NA,NA,NA,42.12879529872717,13.6
G-MB-Q-JB_02,MB-Q-JB_02,G-MB-Q-JB,Gaica,Gaica mbd,2017-07-25,16-17,2017,7,25,206,5,06:30:00,00:00:00,1,3,2,Early,2,1,"Yuri Rosero-Mora, Robert Rodriguez",NA,NA,NA,42.12879529872717,13.6
G-MB-Q-JB_02,MB-Q-JB_02,G-MB-Q-JB,Gaica,Gaica mbd,2017-07-26,16-17,2017,7,26,207,6,06:45:00,00:00:00,1,3,3,Early,3,1,"Yuri Rosero-Mora, Robert Rodriguez",NA,NA,NA,42.12879529872717,13.6
G-MB-Q-JB_03,MB-Q-JB_03,G-MB-Q-JB,Gaica,Gaica mbd,2017-07-24,16-17,2017,7,24,205,4,06:50:00,00:00:00,1,3,1,Early,1,1,"Yuri Rosero-Mora, Robert Rodriguez",NA,NA,NA,42.563359528486984,13.9
G-MB-Q-JB_03,MB-Q-JB_03,G-MB-Q-JB,Gaica,Gaica mbd,2017-07-25,16-17,2017,7,25,206,5,06:45:00,00:00:00,1,3,2,Early,2,1,"Yuri Rosero-Mora, Robert Rodriguez",NA,NA,NA,42.563359528486984,13.9
G-MB-Q-JB_03,MB-Q-JB_03,G-MB-Q-JB,Gaica,Gaica mbd,2017-07-26,16-17,2017,7,26,207,6,06:25:00,00:00:00,1,3,3,Early,3,1,"Yuri Rosero-Mora, Robert Rodriguez",NA,NA,NA,42.563359528486984,13.9
G-MB-Q-JB_04,MB-Q-JB_04,G-MB-Q-JB,Gaica,Gaica mbd,2017-07-24,16-17,2017,7,24,205,4,07:07:00,00:00:00,1,3,1,Early,1,1,"Yuri Rosero-Mora, Robert Rodriguez",NA,NA,NA,43.09686120647345,16
G-MB-Q-JB_04,MB-Q-JB_04,G-MB-Q-JB,Gaica,Gaica mbd,2017-07-25,16-17,2017,7,25,206,5,07:00:00,00:00:00,1,3,2,Early,2,1,"Yuri Rosero-Mora, Robert Rodriguez",NA,NA,NA,43.09686120647345,16
G-MB-Q-JB_04,MB-Q-JB_04,G-MB-Q-JB,Gaica,Gaica mbd,2017-07-26,16-17,2017,7,26,207,6,06:30:00,00:00:00,1,3,3,Early,3,1,"Yuri Rosero-Mora, Robert Rodriguez",NA,NA,NA,43.09686120647345,16
G-MB-Q-JB_05,MB-Q-JB_05,G-MB-Q-JB,Gaica,Gaica mbd,2017-07-24,16-17,2017,7,24,205,4,07:25:00,00:00:00,1,3,1,Early,1,1,"Yuri Rosero-Mora, Robert Rodriguez",NA,NA,NA,44.24785696791607,24.2
G-MB-Q-JB_05,MB-Q-JB_05,G-MB-Q-JB,Gaica,Gaica mbd,2017-07-25,16-17,2017,7,25,206,5,07:18:00,00:00:00,1,3,2,Early,2,1,"Yuri Rosero-Mora, Robert Rodriguez",NA,NA,NA,44.24785696791607,24.2
G-MB-Q-JB_05,MB-Q-JB_05,G-MB-Q-JB,Gaica,Gaica mbd,2017-07-26,16-17,2017,7,26,207,6,06:47:00,00:00:00,1,3,3,Early,3,1,"Yuri Rosero-Mora, Robert Rodriguez",NA,NA,NA,44.24785696791607,24.2
G-MB-Q-JB_06,MB-Q-JB_06,G-MB-Q-JB,Gaica,Gaica mbd,2017-07-24,16-17,2017,7,24,205,4,07:45:00,00:00:00,1,3,1,Early,1,1,"Yuri Rosero-Mora, Robert Rodriguez",NA,NA,NA,44.60019646365486,19
G-MB-Q-JB_06,MB-Q-JB_06,G-MB-Q-JB,Gaica,Gaica mbd,2017-07-25,16-17,2017,7,25,206,5,07:30:00,00:00:00,1,3,2,Early,2,1,"Yuri Rosero-Mora, Robert Rodriguez",NA,NA,NA,44.60019646365486,19
G-MB-Q-JB_06,MB-Q-JB_06,G-MB-Q-JB,Gaica,Gaica mbd,2017-07-26,16-17,2017,7,26,207,6,07:10:00,00:00:00,1,3,3,Early,3,1,"Yuri Rosero-Mora, Robert Rodriguez",NA,NA,NA,44.60019646365486,19
G-MB-Q-LA_01,MB-Q-LA_01,G-MB-Q-LA,Gaica,Gaica mbd,2013-08-15,13-14,2013,8,15,227,3,08:04:00,00:00:00,1,8,1,Early,1,1,"Ronald Fernandez-Gomez, Yuri Rosero-Mora",NA,NA,NA,46.97891123099572,15.9
G-MB-Q-LA_01,MB-Q-LA_01,G-MB-Q-LA,Gaica,Gaica mbd,2013-08-16,13-14,2013,8,16,228,4,07:05:00,00:00:00,1,8,2,Early,2,1,"Ronald Fernandez-Gomez, Yuri Rosero-Mora",NA,NA,NA,46.97891123099572,15.9
G-MB-Q-LA_01,MB-Q-LA_01,G-MB-Q-LA,Gaica,Gaica mbd,2013-08-17,13-14,2013,8,17,229,5,07:19:00,00:00:00,1,8,3,Early,3,1,"Ronald Fernandez-Gomez, Yuri Rosero-Mora",NA,NA,NA,46.97891123099572,15.9
G-MB-Q-LA_01,MB-Q-LA_01,G-MB-Q-LA,Gaica,Gaica mbd,2013-08-18,13-14,2013,8,18,230,6,08:05:00,00:00:00,1,8,4,Early,4,1,"Ronald Fernandez-Gomez, Yuri Rosero-Mora",NA,NA,NA,46.97891123099572,15.9
G-MB-Q-LA_01,MB-Q-LA_01,G-MB-Q-LA,Gaica,Gaica mbd,2013-11-09,13-14,2013,11,9,313,89,08:08:00,00:00:00,1,8,5,Late,1,1,"Ronald Fernandez-Gomez, Yuri Rosero-Mora",NA,NA,NA,46.97891123099572,15.9
G-MB-Q-LA_01,MB-Q-LA_01,G-MB-Q-LA,Gaica,Gaica mbd,2013-11-10,13-14,2013,11,10,314,90,08:13:00,00:00:00,1,8,6,Late,2,1,"Ronald Fernandez-Gomez, Yuri Rosero-Mora",NA,NA,NA,46.97891123099572,15.9
G-MB-Q-LA_01,MB-Q-LA_01,G-MB-Q-LA,Gaica,Gaica mbd,2013-11-11,13-14,2013,11,11,315,91,07:25:00,00:00:00,1,8,7,Late,3,1,"Ronald Fernandez-Gomez, Yuri Rosero-Mora",NA,NA,NA,46.97891123099572,15.9
G-MB-Q-LA_01,MB-Q-LA_01,G-MB-Q-LA,Gaica,Gaica mbd,2013-11-12,13-14,2013,11,12,316,92,07:20:00,00:00:00,1,8,8,Late,4,1,"Ronald Fernandez-Gomez, Yuri Rosero-Mora",NA,NA,NA,46.97891123099572,15.9
G-MB-Q-LA_02,MB-Q-LA_02,G-MB-Q-LA,Gaica,Gaica mbd,2013-08-15,13-14,2013,8,15,227,3,07:37:00,00:00:00,1,8,1,Early,1,1,"Ronald Fernandez-Gomez, Yuri Rosero-Mora",NA,NA,NA,45.653997057380906,15.2
G-MB-Q-LA_02,MB-Q-LA_02,G-MB-Q-LA,Gaica,Gaica mbd,2013-08-16,13-14,2013,8,16,228,4,06:45:00,00:00:00,1,8,2,Early,2,1,"Ronald Fernandez-Gomez, Yuri Rosero-Mora",NA,NA,NA,45.653997057380906,15.2
G-MB-Q-LA_02,MB-Q-LA_02,G-MB-Q-LA,Gaica,Gaica mbd,2013-08-17,13-14,2013,8,17,229,5,06:58:00,00:00:00,1,8,3,Early,3,1,"Ronald Fernandez-Gomez, Yuri Rosero-Mora",NA,NA,NA,45.653997057380906,15.2
G-MB-Q-LA_02,MB-Q-LA_02,G-MB-Q-LA,Gaica,Gaica mbd,2013-08-18,13-14,2013,8,18,230,6,07:40:00,00:00:00,1,8,4,Early,4,1,"Ronald Fernandez-Gomez, Yuri Rosero-Mora",NA,NA,NA,45.653997057380906,15.2
G-MB-Q-LA_02,MB-Q-LA_02,G-MB-Q-LA,Gaica,Gaica mbd,2013-11-09,13-14,2013,11,9,313,89,07:50:00,00:00:00,1,8,5,Late,1,1,"Ronald Fernandez-Gomez, Yuri Rosero-Mora",NA,NA,NA,45.653997057380906,15.2
G-MB-Q-LA_02,MB-Q-LA_02,G-MB-Q-LA,Gaica,Gaica mbd,2013-11-10,13-14,2013,11,10,314,90,07:49:00,00:00:00,1,8,6,Late,2,1,"Ronald Fernandez-Gomez, Yuri Rosero-Mora",NA,NA,NA,45.653997057380906,15.2
G-MB-Q-LA_02,MB-Q-LA_02,G-MB-Q-LA,Gaica,Gaica mbd,2013-11-11,13-14,2013,11,11,315,91,07:03:00,00:00:00,1,8,7,Late,3,1,"Ronald Fernandez-Gomez, Yuri Rosero-Mora",NA,NA,NA,45.653997057380906,15.2
G-MB-Q-LA_02,MB-Q-LA_02,G-MB-Q-LA,Gaica,Gaica mbd,2013-11-12,13-14,2013,11,12,316,92,06:57:00,00:00:00,1,8,8,Late,4,1,"Ronald Fernandez-Gomez, Yuri Rosero-Mora",NA,NA,NA,45.653997057380906,15.2
G-MB-Q-LA_03,MB-Q-LA_03,G-MB-Q-LA,Gaica,Gaica mbd,2013-08-15,13-14,2013,8,15,227,3,07:18:00,00:00:00,1,8,1,Early,1,1,"Ronald Fernandez-Gomez, Yuri Rosero-Mora",NA,NA,NA,44.35898064199973,15.2
G-MB-Q-LA_03,MB-Q-LA_03,G-MB-Q-LA,Gaica,Gaica mbd,2013-08-16,13-14,2013,8,16,228,4,06:25:00,00:00:00,1,8,2,Early,2,1,"Ronald Fernandez-Gomez, Yuri Rosero-Mora",NA,NA,NA,44.35898064199973,15.2
G-MB-Q-LA_03,MB-Q-LA_03,G-MB-Q-LA,Gaica,Gaica mbd,2013-08-17,13-14,2013,8,17,229,5,06:38:00,00:00:00,1,8,3,Early,3,1,"Ronald Fernandez-Gomez, Yuri Rosero-Mora",NA,NA,NA,44.35898064199973,15.2
G-MB-Q-LA_03,MB-Q-LA_03,G-MB-Q-LA,Gaica,Gaica mbd,2013-08-18,13-14,2013,8,18,230,6,07:20:00,00:00:00,1,8,4,Early,4,1,"Ronald Fernandez-Gomez, Yuri Rosero-Mora",NA,NA,NA,44.35898064199973,15.2
G-MB-Q-LA_03,MB-Q-LA_03,G-MB-Q-LA,Gaica,Gaica mbd,2013-11-09,13-14,2013,11,9,313,89,07:30:00,00:00:00,1,8,5,Late,1,1,"Ronald Fernandez-Gomez, Yuri Rosero-Mora",NA,NA,NA,44.35898064199973,15.2
G-MB-Q-LA_03,MB-Q-LA_03,G-MB-Q-LA,Gaica,Gaica mbd,2013-11-10,13-14,2013,11,10,314,90,07:27:00,00:00:00,1,8,6,Late,2,1,"Ronald Fernandez-Gomez, Yuri Rosero-Mora",NA,NA,NA,44.35898064199973,15.2
G-MB-Q-LA_03,MB-Q-LA_03,G-MB-Q-LA,Gaica,Gaica mbd,2013-11-11,13-14,2013,11,11,315,91,06:39:00,00:00:00,1,8,7,Late,3,1,"Ronald Fernandez-Gomez, Yuri Rosero-Mora",NA,NA,NA,44.35898064199973,15.2
G-MB-Q-LA_03,MB-Q-LA_03,G-MB-Q-LA,Gaica,Gaica mbd,2013-11-12,13-14,2013,11,12,316,92,06:39:00,00:00:00,1,8,8,Late,4,1,"Ronald Fernandez-Gomez, Yuri Rosero-Mora",NA,NA,NA,44.35898064199973,15.2
G-MB-Q-LA_04,MB-Q-LA_04,G-MB-Q-LA,Gaica,Gaica mbd,2013-08-15,13-14,2013,8,15,227,3,06:02:00,00:00:00,1,8,1,Early,1,1,"Ronald Fernandez-Gomez, Yuri Rosero-Mora",NA,NA,NA,43.53222249448666,14.3
G-MB-Q-LA_04,MB-Q-LA_04,G-MB-Q-LA,Gaica,Gaica mbd,2013-08-16,13-14,2013,8,16,228,4,06:05:00,00:00:00,1,8,2,Early,2,1,"Ronald Fernandez-Gomez, Yuri Rosero-Mora",NA,NA,NA,43.53222249448666,14.3
G-MB-Q-LA_04,MB-Q-LA_04,G-MB-Q-LA,Gaica,Gaica mbd,2013-08-17,13-14,2013,8,17,229,5,06:10:00,00:00:00,1,8,3,Early,3,1,"Ronald Fernandez-Gomez, Yuri Rosero-Mora",NA,NA,NA,43.53222249448666,14.3
G-MB-Q-LA_04,MB-Q-LA_04,G-MB-Q-LA,Gaica,Gaica mbd,2013-08-18,13-14,2013,8,18,230,6,06:06:00,00:00:00,1,8,4,Early,4,1,"Ronald Fernandez-Gomez, Yuri Rosero-Mora",NA,NA,NA,43.53222249448666,14.3
G-MB-Q-LA_04,MB-Q-LA_04,G-MB-Q-LA,Gaica,Gaica mbd,2013-11-09,13-14,2013,11,9,313,89,07:10:00,00:00:00,1,8,5,Late,1,1,"Ronald Fernandez-Gomez, Yuri Rosero-Mora",NA,NA,NA,43.53222249448666,14.3
G-MB-Q-LA_04,MB-Q-LA_04,G-MB-Q-LA,Gaica,Gaica mbd,2013-11-10,13-14,2013,11,10,314,90,06:15:00,00:00:00,1,8,6,Late,2,1,"Ronald Fernandez-Gomez, Yuri Rosero-Mora",NA,NA,NA,43.53222249448666,14.3
G-MB-Q-LA_04,MB-Q-LA_04,G-MB-Q-LA,Gaica,Gaica mbd,2013-11-11,13-14,2013,11,11,315,91,06:17:00,00:00:00,1,8,7,Late,3,1,"Ronald Fernandez-Gomez, Yuri Rosero-Mora",NA,NA,NA,43.53222249448666,14.3
G-MB-Q-LA_04,MB-Q-LA_04,G-MB-Q-LA,Gaica,Gaica mbd,2013-11-12,13-14,2013,11,12,316,92,06:12:00,00:00:00,1,8,8,Late,4,1,"Ronald Fernandez-Gomez, Yuri Rosero-Mora",NA,NA,NA,43.53222249448666,14.3
G-MB-Q-LA_05,MB-Q-LA_05,G-MB-Q-LA,Gaica,Gaica mbd,2013-08-15,13-14,2013,8,15,227,3,06:24:00,00:00:00,1,8,1,Early,1,1,"Ronald Fernandez-Gomez, Yuri Rosero-Mora",NA,NA,NA,43.63050930460357,15.9
G-MB-Q-LA_05,MB-Q-LA_05,G-MB-Q-LA,Gaica,Gaica mbd,2013-08-16,13-14,2013,8,16,228,4,07:47:00,00:00:00,1,8,2,Early,2,1,"Ronald Fernandez-Gomez, Yuri Rosero-Mora",NA,NA,NA,43.63050930460357,15.9
G-MB-Q-LA_05,MB-Q-LA_05,G-MB-Q-LA,Gaica,Gaica mbd,2013-08-17,13-14,2013,8,17,229,5,07:58:00,00:00:00,1,8,3,Early,3,1,"Ronald Fernandez-Gomez, Yuri Rosero-Mora",NA,NA,NA,43.63050930460357,15.9
G-MB-Q-LA_05,MB-Q-LA_05,G-MB-Q-LA,Gaica,Gaica mbd,2013-08-18,13-14,2013,8,18,230,6,06:26:00,00:00:00,1,8,4,Early,4,1,"Ronald Fernandez-Gomez, Yuri Rosero-Mora",NA,NA,NA,43.63050930460357,15.9
G-MB-Q-LA_05,MB-Q-LA_05,G-MB-Q-LA,Gaica,Gaica mbd,2013-11-09,13-14,2013,11,9,313,89,06:45:00,00:00:00,1,8,5,Late,1,1,"Ronald Fernandez-Gomez, Yuri Rosero-Mora",NA,NA,NA,43.63050930460357,15.9
G-MB-Q-LA_05,MB-Q-LA_05,G-MB-Q-LA,Gaica,Gaica mbd,2013-11-10,13-14,2013,11,10,314,90,06:40:00,00:00:00,1,8,6,Late,2,1,"Ronald Fernandez-Gomez, Yuri Rosero-Mora",NA,NA,NA,43.63050930460357,15.9
G-MB-Q-LA_05,MB-Q-LA_05,G-MB-Q-LA,Gaica,Gaica mbd,2013-11-11,13-14,2013,11,11,315,91,07:52:00,00:00:00,1,8,7,Late,3,1,"Ronald Fernandez-Gomez, Yuri Rosero-Mora",NA,NA,NA,43.63050930460357,15.9
G-MB-Q-LA_05,MB-Q-LA_05,G-MB-Q-LA,Gaica,Gaica mbd,2013-11-12,13-14,2013,11,12,316,92,07:48:00,00:00:00,1,8,8,Late,4,1,"Ronald Fernandez-Gomez, Yuri Rosero-Mora",NA,NA,NA,43.63050930460357,15.9
G-MB-Q-LA_06,MB-Q-LA_06,G-MB-Q-LA,Gaica,Gaica mbd,2013-08-15,13-14,2013,8,15,227,3,06:45:00,00:00:00,1,8,1,Early,1,1,"Ronald Fernandez-Gomez, Yuri Rosero-Mora",NA,NA,NA,45.94980411361426,17.2
G-MB-Q-LA_06,MB-Q-LA_06,G-MB-Q-LA,Gaica,Gaica mbd,2013-08-16,13-14,2013,8,16,228,4,08:05:00,00:00:00,1,8,2,Early,2,1,"Ronald Fernandez-Gomez, Yuri Rosero-Mora",NA,NA,NA,45.94980411361426,17.2
G-MB-Q-LA_06,MB-Q-LA_06,G-MB-Q-LA,Gaica,Gaica mbd,2013-08-17,13-14,2013,8,17,229,5,08:22:00,00:00:00,1,8,3,Early,3,1,"Ronald Fernandez-Gomez, Yuri Rosero-Mora",NA,NA,NA,45.94980411361426,17.2
G-MB-Q-LA_06,MB-Q-LA_06,G-MB-Q-LA,Gaica,Gaica mbd,2013-08-18,13-14,2013,8,18,230,6,06:46:00,00:00:00,1,8,4,Early,4,1,"Ronald Fernandez-Gomez, Yuri Rosero-Mora",NA,NA,NA,45.94980411361426,17.2
G-MB-Q-LA_06,MB-Q-LA_06,G-MB-Q-LA,Gaica,Gaica mbd,2013-11-09,13-14,2013,11,9,313,89,06:23:00,00:00:00,1,8,5,Late,1,1,"Ronald Fernandez-Gomez, Yuri Rosero-Mora",NA,NA,NA,45.94980411361426,17.2
G-MB-Q-LA_06,MB-Q-LA_06,G-MB-Q-LA,Gaica,Gaica mbd,2013-11-10,13-14,2013,11,10,314,90,07:00:00,00:00:00,1,8,6,Late,2,1,"Ronald Fernandez-Gomez, Yuri Rosero-Mora",NA,NA,NA,45.94980411361426,17.2
G-MB-Q-LA_06,MB-Q-LA_06,G-MB-Q-LA,Gaica,Gaica mbd,2013-11-11,13-14,2013,11,11,315,91,08:12:00,00:00:00,1,8,7,Late,3,1,"Ronald Fernandez-Gomez, Yuri Rosero-Mora",NA,NA,NA,45.94980411361426,17.2
G-MB-Q-LA_06,MB-Q-LA_06,G-MB-Q-LA,Gaica,Gaica mbd,2013-11-12,13-14,2013,11,12,316,92,08:06:00,00:00:00,1,8,8,Late,4,1,"Ronald Fernandez-Gomez, Yuri Rosero-Mora",NA,NA,NA,45.94980411361426,17.2
G-MB-Q-LCA_01,MB-Q-LCA_01,G-MB-Q-LCA,Gaica,Gaica mbd,2013-08-11,13-14,2013,8,11,223,80,06:05:00,00:00:00,3,12,1,Early,1,1,"Ronald Fernandez-Gomez, Yuri Rosero-Mora",NA,NA,NA,53.06343374969425,19.7
G-MB-Q-LCA_01,MB-Q-LCA_01,G-MB-Q-LCA,Gaica,Gaica mbd,2013-08-12,13-14,2013,8,12,224,1,05:59:00,00:00:00,3,12,2,Early,2,1,"Ronald Fernandez-Gomez, Yuri Rosero-Mora",NA,NA,NA,53.06343374969425,19.7
G-MB-Q-LCA_01,MB-Q-LCA_01,G-MB-Q-LCA,Gaica,Gaica mbd,2013-08-13,13-14,2013,8,13,225,1,07:25:00,00:00:00,3,12,3,Early,3,1,"Ronald Fernandez-Gomez, Yuri Rosero-Mora",NA,NA,NA,53.06343374969425,19.7
G-MB-Q-LCA_01,MB-Q-LCA_01,G-MB-Q-LCA,Gaica,Gaica mbd,2013-08-14,13-14,2013,8,14,226,2,06:02:00,00:00:00,3,12,4,Early,4,1,"Ronald Fernandez-Gomez, Yuri Rosero-Mora",NA,NA,NA,53.06343374969425,19.7
G-MB-Q-LCA_01,MB-Q-LCA_01,G-MB-Q-LCA,Gaica,Gaica mbd,2013-11-05,13-14,2013,11,5,309,85,05:50:00,00:00:00,3,12,5,Late,1,1,"Ronald Fernandez-Gomez, Yuri Rosero-Mora",NA,NA,NA,53.06343374969425,19.7
G-MB-Q-LCA_01,MB-Q-LCA_01,G-MB-Q-LCA,Gaica,Gaica mbd,2013-11-06,13-14,2013,11,6,310,86,06:00:00,00:00:00,3,12,6,Late,2,1,"Ronald Fernandez-Gomez, Yuri Rosero-Mora",NA,NA,NA,53.06343374969425,19.7
G-MB-Q-LCA_01,MB-Q-LCA_01,G-MB-Q-LCA,Gaica,Gaica mbd,2013-11-07,13-14,2013,11,7,311,87,06:00:00,00:00:00,3,12,7,Late,3,1,"Ronald Fernandez-Gomez, Yuri Rosero-Mora",NA,NA,NA,53.06343374969425,19.7
G-MB-Q-LCA_01,MB-Q-LCA_01,G-MB-Q-LCA,Gaica,Gaica mbd,2013-11-08,13-14,2013,11,8,312,88,06:12:00,00:00:00,3,12,8,Late,4,1,"Ronald Fernandez-Gomez, Yuri Rosero-Mora",NA,NA,NA,53.06343374969425,19.7
G-MB-Q-LCA_01,MB-Q-LCA_01,G-MB-Q-LCA,Gaica,Gaica mbd,2017-07-21,16-17,2017,7,21,202,1,06:05:00,00:00:00,3,12,1,Early,1,1,"Yuri Rosero-Mora, Robert Rodriguez",NA,NA,NA,55.2468772961052,19.7
G-MB-Q-LCA_01,MB-Q-LCA_01,G-MB-Q-LCA,Gaica,Gaica mbd,2017-07-22,16-17,2017,7,22,203,2,06:00:00,00:00:00,3,12,2,Early,2,1,"Yuri Rosero-Mora, Robert Rodriguez",NA,NA,NA,55.2468772961052,19.7
G-MB-Q-LCA_01,MB-Q-LCA_01,G-MB-Q-LCA,Gaica,Gaica mbd,2017-07-23,16-17,2017,7,23,204,3,05:54:00,00:00:00,3,12,3,Early,3,1,"Yuri Rosero-Mora, Robert Rodriguez",NA,NA,NA,55.2468772961052,19.7
G-MB-Q-LCA_01,MB-Q-LCA_01,G-MB-Q-LCA,Gaica,Gaica mbd,2017-07-24,16-17,2017,7,24,205,4,06:10:00,00:00:00,3,12,4,Early,4,1,"Yuri Rosero-Mora, Robert Rodriguez",NA,NA,NA,55.2468772961052,19.7
G-MB-Q-LCA_02,MB-Q-LCA_02,G-MB-Q-LCA,Gaica,Gaica mbd,2013-08-11,13-14,2013,8,11,223,80,06:38:00,00:00:00,3,12,1,Early,1,1,"Ronald Fernandez-Gomez, Yuri Rosero-Mora",NA,NA,NA,53.2343137254907,27.5
G-MB-Q-LCA_02,MB-Q-LCA_02,G-MB-Q-LCA,Gaica,Gaica mbd,2013-08-12,13-14,2013,8,12,224,1,06:25:00,00:00:00,3,12,2,Early,2,1,"Ronald Fernandez-Gomez, Yuri Rosero-Mora",NA,NA,NA,53.2343137254907,27.5
G-MB-Q-LCA_02,MB-Q-LCA_02,G-MB-Q-LCA,Gaica,Gaica mbd,2013-08-13,13-14,2013,8,13,225,1,07:49:00,00:00:00,3,12,3,Early,3,1,"Ronald Fernandez-Gomez, Yuri Rosero-Mora",NA,NA,NA,53.2343137254907,27.5
G-MB-Q-LCA_02,MB-Q-LCA_02,G-MB-Q-LCA,Gaica,Gaica mbd,2013-08-14,13-14,2013,8,14,226,2,06:30:00,00:00:00,3,12,4,Early,4,1,"Ronald Fernandez-Gomez, Yuri Rosero-Mora",NA,NA,NA,53.2343137254907,27.5
G-MB-Q-LCA_02,MB-Q-LCA_02,G-MB-Q-LCA,Gaica,Gaica mbd,2013-11-05,13-14,2013,11,5,309,85,06:19:00,00:00:00,3,12,5,Late,1,1,"Ronald Fernandez-Gomez, Yuri Rosero-Mora",NA,NA,NA,53.2343137254907,27.5
G-MB-Q-LCA_02,MB-Q-LCA_02,G-MB-Q-LCA,Gaica,Gaica mbd,2013-11-06,13-14,2013,11,6,310,86,06:30:00,00:00:00,3,12,6,Late,2,1,"Ronald Fernandez-Gomez, Yuri Rosero-Mora",NA,NA,NA,53.2343137254907,27.5
G-MB-Q-LCA_02,MB-Q-LCA_02,G-MB-Q-LCA,Gaica,Gaica mbd,2013-11-07,13-14,2013,11,7,311,87,06:25:00,00:00:00,3,12,7,Late,3,1,"Ronald Fernandez-Gomez, Yuri Rosero-Mora",NA,NA,NA,53.2343137254907,27.5
G-MB-Q-LCA_02,MB-Q-LCA_02,G-MB-Q-LCA,Gaica,Gaica mbd,2013-11-08,13-14,2013,11,8,312,88,06:25:00,00:00:00,3,12,8,Late,4,1,"Ronald Fernandez-Gomez, Yuri Rosero-Mora",NA,NA,NA,53.2343137254907,27.5
G-MB-Q-LCA_02,MB-Q-LCA_02,G-MB-Q-LCA,Gaica,Gaica mbd,2017-07-21,16-17,2017,7,21,202,1,06:30:00,00:00:00,3,12,1,Early,1,1,"Yuri Rosero-Mora, Robert Rodriguez",NA,NA,NA,55.48088235294068,27.5
G-MB-Q-LCA_02,MB-Q-LCA_02,G-MB-Q-LCA,Gaica,Gaica mbd,2017-07-22,16-17,2017,7,22,203,2,06:25:00,00:00:00,3,12,2,Early,2,1,"Yuri Rosero-Mora, Robert Rodriguez",NA,NA,NA,55.48088235294068,27.5
G-MB-Q-LCA_02,MB-Q-LCA_02,G-MB-Q-LCA,Gaica,Gaica mbd,2017-07-23,16-17,2017,7,23,204,3,06:20:00,00:00:00,3,12,3,Early,3,1,"Yuri Rosero-Mora, Robert Rodriguez",NA,NA,NA,55.48088235294068,27.5
G-MB-Q-LCA_02,MB-Q-LCA_02,G-MB-Q-LCA,Gaica,Gaica mbd,2017-07-24,16-17,2017,7,24,205,4,06:30:00,00:00:00,3,12,4,Early,4,1,"Yuri Rosero-Mora, Robert Rodriguez",NA,NA,NA,55.48088235294068,27.5
G-MB-Q-LCA_03,MB-Q-LCA_03,G-MB-Q-LCA,Gaica,Gaica mbd,2013-08-11,13-14,2013,8,11,223,80,07:12:00,00:00:00,2,12,1,Early,1,1,"Ronald Fernandez-Gomez, Yuri Rosero-Mora",NA,NA,NA,53.122303921568275,25.6
G-MB-Q-LCA_03,MB-Q-LCA_03,G-MB-Q-LCA,Gaica,Gaica mbd,2013-08-12,13-14,2013,8,12,224,1,06:48:00,00:00:00,2,12,2,Early,2,1,"Ronald Fernandez-Gomez, Yuri Rosero-Mora",NA,NA,NA,53.122303921568275,25.6
G-MB-Q-LCA_03,MB-Q-LCA_03,G-MB-Q-LCA,Gaica,Gaica mbd,2013-08-13,13-14,2013,8,13,225,1,08:13:00,00:00:00,2,12,3,Early,3,1,"Ronald Fernandez-Gomez, Yuri Rosero-Mora",NA,NA,NA,53.122303921568275,25.6
G-MB-Q-LCA_03,MB-Q-LCA_03,G-MB-Q-LCA,Gaica,Gaica mbd,2013-08-14,13-14,2013,8,14,226,2,06:53:00,00:00:00,2,12,4,Early,4,1,"Ronald Fernandez-Gomez, Yuri Rosero-Mora",NA,NA,NA,53.122303921568275,25.6
G-MB-Q-LCA_03,MB-Q-LCA_03,G-MB-Q-LCA,Gaica,Gaica mbd,2013-11-05,13-14,2013,11,5,309,85,06:45:00,00:00:00,2,12,5,Late,1,1,"Ronald Fernandez-Gomez, Yuri Rosero-Mora",NA,NA,NA,53.122303921568275,25.6
G-MB-Q-LCA_03,MB-Q-LCA_03,G-MB-Q-LCA,Gaica,Gaica mbd,2013-11-06,13-14,2013,11,6,310,86,06:52:00,00:00:00,2,12,6,Late,2,1,"Ronald Fernandez-Gomez, Yuri Rosero-Mora",NA,NA,NA,53.122303921568275,25.6
G-MB-Q-LCA_03,MB-Q-LCA_03,G-MB-Q-LCA,Gaica,Gaica mbd,2013-11-07,13-14,2013,11,7,311,87,06:48:00,00:00:00,2,12,7,Late,3,1,"Ronald Fernandez-Gomez, Yuri Rosero-Mora",NA,NA,NA,53.122303921568275,25.6
G-MB-Q-LCA_03,MB-Q-LCA_03,G-MB-Q-LCA,Gaica,Gaica mbd,2013-11-08,13-14,2013,11,8,312,88,06:47:00,00:00:00,2,12,8,Late,4,1,"Ronald Fernandez-Gomez, Yuri Rosero-Mora",NA,NA,NA,53.122303921568275,25.6
G-MB-Q-LCA_03,MB-Q-LCA_03,G-MB-Q-LCA,Gaica,Gaica mbd,2017-07-21,16-17,2017,7,21,202,1,06:53:00,00:00:00,2,12,1,Early,1,1,"Yuri Rosero-Mora, Robert Rodriguez",NA,NA,NA,55.29975490196117,25.6
G-MB-Q-LCA_03,MB-Q-LCA_03,G-MB-Q-LCA,Gaica,Gaica mbd,2017-07-22,16-17,2017,7,22,203,2,06:45:00,00:00:00,2,12,2,Early,2,1,"Yuri Rosero-Mora, Robert Rodriguez",NA,NA,NA,55.29975490196117,25.6
G-MB-Q-LCA_03,MB-Q-LCA_03,G-MB-Q-LCA,Gaica,Gaica mbd,2017-07-23,16-17,2017,7,23,204,3,07:05:00,00:00:00,2,12,3,Early,3,1,"Yuri Rosero-Mora, Robert Rodriguez",NA,NA,NA,55.29975490196117,25.6
G-MB-Q-LCA_03,MB-Q-LCA_03,G-MB-Q-LCA,Gaica,Gaica mbd,2017-07-24,16-17,2017,7,24,205,4,06:50:00,00:00:00,2,12,4,Early,4,1,"Yuri Rosero-Mora, Robert Rodriguez",NA,NA,NA,55.29975490196117,25.6
G-MB-Q-LCA_04,MB-Q-LCA_04,G-MB-Q-LCA,Gaica,Gaica mbd,2013-08-11,13-14,2013,8,11,223,80,07:44:00,00:00:00,1,8,1,Early,1,1,"Ronald Fernandez-Gomez, Yuri Rosero-Mora",NA,NA,NA,57.593565815323736,15.6
G-MB-Q-LCA_04,MB-Q-LCA_04,G-MB-Q-LCA,Gaica,Gaica mbd,2013-08-12,13-14,2013,8,12,224,1,07:23:00,00:00:00,1,8,2,Early,2,1,"Ronald Fernandez-Gomez, Yuri Rosero-Mora",NA,NA,NA,57.593565815323736,15.6
G-MB-Q-LCA_04,MB-Q-LCA_04,G-MB-Q-LCA,Gaica,Gaica mbd,2013-08-13,13-14,2013,8,13,225,1,08:52:00,00:00:00,1,8,3,Early,3,1,"Ronald Fernandez-Gomez, Yuri Rosero-Mora",NA,NA,NA,57.593565815323736,15.6
G-MB-Q-LCA_04,MB-Q-LCA_04,G-MB-Q-LCA,Gaica,Gaica mbd,2013-08-14,13-14,2013,8,14,226,2,07:27:00,00:00:00,1,8,4,Early,4,1,"Ronald Fernandez-Gomez, Yuri Rosero-Mora",NA,NA,NA,57.593565815323736,15.6
G-MB-Q-LCA_04,MB-Q-LCA_04,G-MB-Q-LCA,Gaica,Gaica mbd,2013-11-05,13-14,2013,11,5,309,85,07:25:00,00:00:00,1,8,5,Late,1,1,"Ronald Fernandez-Gomez, Yuri Rosero-Mora",NA,NA,NA,57.593565815323736,15.6
G-MB-Q-LCA_04,MB-Q-LCA_04,G-MB-Q-LCA,Gaica,Gaica mbd,2013-11-06,13-14,2013,11,6,310,86,07:30:00,00:00:00,1,8,6,Late,2,1,"Ronald Fernandez-Gomez, Yuri Rosero-Mora",NA,NA,NA,57.593565815323736,15.6
G-MB-Q-LCA_04,MB-Q-LCA_04,G-MB-Q-LCA,Gaica,Gaica mbd,2013-11-07,13-14,2013,11,7,311,87,07:22:00,00:00:00,1,8,7,Late,3,1,"Ronald Fernandez-Gomez, Yuri Rosero-Mora",NA,NA,NA,57.593565815323736,15.6
G-MB-Q-LCA_04,MB-Q-LCA_04,G-MB-Q-LCA,Gaica,Gaica mbd,2013-11-08,13-14,2013,11,8,312,88,07:22:00,00:00:00,1,8,8,Late,4,1,"Ronald Fernandez-Gomez, Yuri Rosero-Mora",NA,NA,NA,57.593565815323736,15.6
G-MB-Q-LCA_05,MB-Q-LCA_05,G-MB-Q-LCA,Gaica,Gaica mbd,2013-08-11,13-14,2013,8,11,223,80,08:39:00,00:00:00,1,8,1,Early,1,1,"Ronald Fernandez-Gomez, Yuri Rosero-Mora",NA,NA,NA,59.214635340185986,26.6
G-MB-Q-LCA_05,MB-Q-LCA_05,G-MB-Q-LCA,Gaica,Gaica mbd,2013-08-12,13-14,2013,8,12,224,1,07:47:00,00:00:00,1,8,2,Early,2,1,"Ronald Fernandez-Gomez, Yuri Rosero-Mora",NA,NA,NA,59.214635340185986,26.6
G-MB-Q-LCA_05,MB-Q-LCA_05,G-MB-Q-LCA,Gaica,Gaica mbd,2013-08-13,13-14,2013,8,13,225,1,09:49:00,00:00:00,1,8,3,Early,3,1,"Ronald Fernandez-Gomez, Yuri Rosero-Mora",NA,NA,NA,59.214635340185986,26.6
G-MB-Q-LCA_05,MB-Q-LCA_05,G-MB-Q-LCA,Gaica,Gaica mbd,2013-08-14,13-14,2013,8,14,226,2,07:53:00,00:00:00,1,8,4,Early,4,1,"Ronald Fernandez-Gomez, Yuri Rosero-Mora",NA,NA,NA,59.214635340185986,26.6
G-MB-Q-LCA_05,MB-Q-LCA_05,G-MB-Q-LCA,Gaica,Gaica mbd,2013-11-05,13-14,2013,11,5,309,85,08:40:00,00:00:00,1,8,5,Late,1,0,"Ronald Fernandez-Gomez, Yuri Rosero-Mora",NA,NA,NA,59.214635340185986,26.6
G-MB-Q-LCA_05,MB-Q-LCA_05,G-MB-Q-LCA,Gaica,Gaica mbd,2013-11-06,13-14,2013,11,6,310,86,07:50:00,00:00:00,1,8,6,Late,2,1,"Ronald Fernandez-Gomez, Yuri Rosero-Mora",NA,NA,NA,59.214635340185986,26.6
G-MB-Q-LCA_05,MB-Q-LCA_05,G-MB-Q-LCA,Gaica,Gaica mbd,2013-11-07,13-14,2013,11,7,311,87,07:44:00,00:00:00,1,8,7,Late,3,1,"Ronald Fernandez-Gomez, Yuri Rosero-Mora",NA,NA,NA,59.214635340185986,26.6
G-MB-Q-LCA_05,MB-Q-LCA_05,G-MB-Q-LCA,Gaica,Gaica mbd,2013-11-08,13-14,2013,11,8,312,88,07:47:00,00:00:00,1,8,8,Late,4,1,"Ronald Fernandez-Gomez, Yuri Rosero-Mora",NA,NA,NA,59.214635340185986,26.6
G-MB-Q-LCA_06,MB-Q-LCA_06,G-MB-Q-LCA,Gaica,Gaica mbd,2013-08-11,13-14,2013,8,11,223,80,09:10:00,00:00:00,1,8,1,Early,1,1,"Ronald Fernandez-Gomez, Yuri Rosero-Mora",NA,NA,NA,57.93231976459008,27.4
G-MB-Q-LCA_06,MB-Q-LCA_06,G-MB-Q-LCA,Gaica,Gaica mbd,2013-08-12,13-14,2013,8,12,224,1,08:11:00,00:00:00,1,8,2,Early,2,1,"Ronald Fernandez-Gomez, Yuri Rosero-Mora",NA,NA,NA,57.93231976459008,27.4
G-MB-Q-LCA_06,MB-Q-LCA_06,G-MB-Q-LCA,Gaica,Gaica mbd,2013-08-13,13-14,2013,8,13,225,1,10:15:00,00:00:00,1,8,3,Early,3,1,"Ronald Fernandez-Gomez, Yuri Rosero-Mora",NA,NA,NA,57.93231976459008,27.4
G-MB-Q-LCA_06,MB-Q-LCA_06,G-MB-Q-LCA,Gaica,Gaica mbd,2013-08-14,13-14,2013,8,14,226,2,08:15:00,00:00:00,1,8,4,Early,4,1,"Ronald Fernandez-Gomez, Yuri Rosero-Mora",NA,NA,NA,57.93231976459008,27.4
G-MB-Q-LCA_06,MB-Q-LCA_06,G-MB-Q-LCA,Gaica,Gaica mbd,2013-11-05,13-14,2013,11,5,309,85,08:12:00,00:00:00,1,8,5,Late,1,1,"Ronald Fernandez-Gomez, Yuri Rosero-Mora",NA,NA,NA,57.93231976459008,27.4
G-MB-Q-LCA_06,MB-Q-LCA_06,G-MB-Q-LCA,Gaica,Gaica mbd,2013-11-06,13-14,2013,11,6,310,86,08:20:00,00:00:00,1,8,6,Late,2,1,"Ronald Fernandez-Gomez, Yuri Rosero-Mora",NA,NA,NA,57.93231976459008,27.4
G-MB-Q-LCA_06,MB-Q-LCA_06,G-MB-Q-LCA,Gaica,Gaica mbd,2013-11-07,13-14,2013,11,7,311,87,08:05:00,00:00:00,1,8,7,Late,3,1,"Ronald Fernandez-Gomez, Yuri Rosero-Mora",NA,NA,NA,57.93231976459008,27.4
G-MB-Q-LCA_06,MB-Q-LCA_06,G-MB-Q-LCA,Gaica,Gaica mbd,2013-11-08,13-14,2013,11,8,312,88,08:10:00,00:00:00,1,8,8,Late,4,1,"Ronald Fernandez-Gomez, Yuri Rosero-Mora",NA,NA,NA,57.93231976459008,27.4
G-MB-Q-LCA_07,MB-Q-LCA_07,G-MB-Q-LCA,Gaica,Gaica mbd,2017-07-21,16-17,2017,7,21,202,1,07:27:00,00:00:00,1,4,1,Early,1,1,"Yuri Rosero-Mora, Robert Rodriguez",NA,NA,NA,57.11584619152601,27.8
G-MB-Q-LCA_07,MB-Q-LCA_07,G-MB-Q-LCA,Gaica,Gaica mbd,2017-07-22,16-17,2017,7,22,203,2,07:08:00,00:00:00,1,4,2,Early,2,1,"Yuri Rosero-Mora, Robert Rodriguez",NA,NA,NA,57.11584619152601,27.8
G-MB-Q-LCA_07,MB-Q-LCA_07,G-MB-Q-LCA,Gaica,Gaica mbd,2017-07-23,16-17,2017,7,23,204,3,07:40:00,00:00:00,1,4,3,Early,3,1,"Yuri Rosero-Mora, Robert Rodriguez",NA,NA,NA,57.11584619152601,27.8
G-MB-Q-LCA_07,MB-Q-LCA_07,G-MB-Q-LCA,Gaica,Gaica mbd,2017-07-24,16-17,2017,7,24,205,4,07:10:00,00:00:00,1,4,4,Early,4,1,"Yuri Rosero-Mora, Robert Rodriguez",NA,NA,NA,57.11584619152601,27.8
G-MB-Q-LCA_08,MB-Q-LCA_08,G-MB-Q-LCA,Gaica,Gaica mbd,2017-07-21,16-17,2017,7,21,202,1,07:15:00,00:00:00,1,4,1,Early,1,1,"Yuri Rosero-Mora, Robert Rodriguez",NA,NA,NA,58.45871110021997,28.1
G-MB-Q-LCA_08,MB-Q-LCA_08,G-MB-Q-LCA,Gaica,Gaica mbd,2017-07-22,16-17,2017,7,22,203,2,07:00:00,00:00:00,1,4,2,Early,2,1,"Yuri Rosero-Mora, Robert Rodriguez",NA,NA,NA,58.45871110021997,28.1
G-MB-Q-LCA_08,MB-Q-LCA_08,G-MB-Q-LCA,Gaica,Gaica mbd,2017-07-23,16-17,2017,7,23,204,3,08:15:00,00:00:00,1,4,3,Early,3,1,"Yuri Rosero-Mora, Robert Rodriguez",NA,NA,NA,58.45871110021997,28.1
G-MB-Q-LCA_08,MB-Q-LCA_08,G-MB-Q-LCA,Gaica,Gaica mbd,2017-07-24,16-17,2017,7,24,205,4,07:28:00,00:00:00,1,4,4,Early,4,1,"Yuri Rosero-Mora, Robert Rodriguez",NA,NA,NA,58.45871110021997,28.1
G-MB-Q-LCA_09,MB-Q-LCA_09,G-MB-Q-LCA,Gaica,Gaica mbd,2017-07-21,16-17,2017,7,21,202,1,06:55:00,00:00:00,1,4,1,Early,1,1,"Yuri Rosero-Mora, Robert Rodriguez",NA,NA,NA,60.691327780499805,27.3
G-MB-Q-LCA_09,MB-Q-LCA_09,G-MB-Q-LCA,Gaica,Gaica mbd,2017-07-22,16-17,2017,7,22,203,2,06:40:00,00:00:00,1,4,2,Early,2,1,"Yuri Rosero-Mora, Robert Rodriguez",NA,NA,NA,60.691327780499805,27.3
G-MB-Q-LCA_09,MB-Q-LCA_09,G-MB-Q-LCA,Gaica,Gaica mbd,2017-07-23,16-17,2017,7,23,204,3,08:35:00,00:00:00,1,4,3,Early,3,1,"Yuri Rosero-Mora, Robert Rodriguez",NA,NA,NA,60.691327780499805,27.3
G-MB-Q-LCA_09,MB-Q-LCA_09,G-MB-Q-LCA,Gaica,Gaica mbd,2017-07-24,16-17,2017,7,24,205,4,07:50:00,00:00:00,1,4,4,Early,4,1,"Yuri Rosero-Mora, Robert Rodriguez",NA,NA,NA,60.691327780499805,27.3
G-MB-Q-PORT_01,MB-Q-PORT_01,G-MB-Q-PORT,Gaica,Gaica mbd,2013-08-07,13-14,2013,8,7,219,76,05:50:00,00:00:00,3,12,1,Early,1,1,"Ronald Fernandez-Gomez, Yuri Rosero-Mora",NA,NA,NA,51.633602743081326,13
G-MB-Q-PORT_01,MB-Q-PORT_01,G-MB-Q-PORT,Gaica,Gaica mbd,2013-08-08,13-14,2013,8,8,220,77,05:50:00,00:00:00,3,12,2,Early,2,1,"Ronald Fernandez-Gomez, Yuri Rosero-Mora",NA,NA,NA,51.633602743081326,13
G-MB-Q-PORT_01,MB-Q-PORT_01,G-MB-Q-PORT,Gaica,Gaica mbd,2013-08-09,13-14,2013,8,9,221,78,05:50:00,00:00:00,3,12,3,Early,3,1,"Ronald Fernandez-Gomez, Yuri Rosero-Mora",NA,NA,NA,51.633602743081326,13
G-MB-Q-PORT_01,MB-Q-PORT_01,G-MB-Q-PORT,Gaica,Gaica mbd,2013-08-10,13-14,2013,8,10,222,79,06:47:00,00:00:00,3,12,4,Early,4,1,"Ronald Fernandez-Gomez, Yuri Rosero-Mora",NA,NA,NA,51.633602743081326,13
G-MB-Q-PORT_01,MB-Q-PORT_01,G-MB-Q-PORT,Gaica,Gaica mbd,2013-11-13,13-14,2013,11,13,317,93,05:47:00,00:00:00,3,12,5,Late,1,1,"Ronald Fernandez-Gomez, Yuri Rosero-Mora",NA,NA,NA,51.633602743081326,13
G-MB-Q-PORT_01,MB-Q-PORT_01,G-MB-Q-PORT,Gaica,Gaica mbd,2013-11-14,13-14,2013,11,14,318,94,05:54:00,00:00:00,3,12,6,Late,2,1,"Ronald Fernandez-Gomez, Yuri Rosero-Mora",NA,NA,NA,51.633602743081326,13
G-MB-Q-PORT_01,MB-Q-PORT_01,G-MB-Q-PORT,Gaica,Gaica mbd,2013-11-15,13-14,2013,11,15,319,95,05:56:00,00:00:00,3,12,7,Late,3,1,"Ronald Fernandez-Gomez, Yuri Rosero-Mora",NA,NA,NA,51.633602743081326,13
G-MB-Q-PORT_01,MB-Q-PORT_01,G-MB-Q-PORT,Gaica,Gaica mbd,2013-11-16,13-14,2013,11,16,320,96,05:57:00,00:00:00,3,12,8,Late,4,1,"Ronald Fernandez-Gomez, Yuri Rosero-Mora",NA,NA,NA,51.633602743081326,13
G-MB-Q-PORT_01,MB-Q-PORT_01,G-MB-Q-PORT,Gaica,Gaica mbd,2017-07-27,16-17,2017,7,27,208,7,06:02:00,00:00:00,3,12,1,Early,1,1,"Yuri Rosero-Mora, Robert Rodriguez",NA,NA,NA,58.970854763653875,13
G-MB-Q-PORT_01,MB-Q-PORT_01,G-MB-Q-PORT,Gaica,Gaica mbd,2017-07-28,16-17,2017,7,28,209,8,06:00:00,00:00:00,3,12,2,Early,2,1,"Yuri Rosero-Mora, Robert Rodriguez",NA,NA,NA,58.970854763653875,13
G-MB-Q-PORT_01,MB-Q-PORT_01,G-MB-Q-PORT,Gaica,Gaica mbd,2017-07-29,16-17,2017,7,29,210,9,05:55:00,00:00:00,3,12,3,Early,3,1,"Yuri Rosero-Mora, Robert Rodriguez",NA,NA,NA,58.970854763653875,13
G-MB-Q-PORT_01,MB-Q-PORT_01,G-MB-Q-PORT,Gaica,Gaica mbd,2017-07-30,16-17,2017,7,30,211,10,06:10:00,00:00:00,3,12,4,Early,4,1,"Yuri Rosero-Mora, Robert Rodriguez",NA,NA,NA,58.970854763653875,13
G-MB-Q-PORT_02,MB-Q-PORT_02,G-MB-Q-PORT,Gaica,Gaica mbd,2013-08-07,13-14,2013,8,7,219,76,06:17:00,00:00:00,3,12,1,Early,1,1,"Ronald Fernandez-Gomez, Yuri Rosero-Mora",NA,NA,NA,52.07956777996019,26.6
G-MB-Q-PORT_02,MB-Q-PORT_02,G-MB-Q-PORT,Gaica,Gaica mbd,2013-08-08,13-14,2013,8,8,220,77,06:13:00,00:00:00,3,12,2,Early,2,1,"Ronald Fernandez-Gomez, Yuri Rosero-Mora",NA,NA,NA,52.07956777996019,26.6
G-MB-Q-PORT_02,MB-Q-PORT_02,G-MB-Q-PORT,Gaica,Gaica mbd,2013-08-09,13-14,2013,8,9,221,78,06:17:00,00:00:00,3,12,3,Early,3,1,"Ronald Fernandez-Gomez, Yuri Rosero-Mora",NA,NA,NA,52.07956777996019,26.6
G-MB-Q-PORT_02,MB-Q-PORT_02,G-MB-Q-PORT,Gaica,Gaica mbd,2013-08-10,13-14,2013,8,10,222,79,06:11:00,00:00:00,3,12,4,Early,4,1,"Ronald Fernandez-Gomez, Yuri Rosero-Mora",NA,NA,NA,52.07956777996019,26.6
G-MB-Q-PORT_02,MB-Q-PORT_02,G-MB-Q-PORT,Gaica,Gaica mbd,2013-11-13,13-14,2013,11,13,317,93,06:15:00,00:00:00,3,12,5,Late,1,1,"Ronald Fernandez-Gomez, Yuri Rosero-Mora",NA,NA,NA,52.07956777996019,26.6
G-MB-Q-PORT_02,MB-Q-PORT_02,G-MB-Q-PORT,Gaica,Gaica mbd,2013-11-14,13-14,2013,11,14,318,94,06:18:00,00:00:00,3,12,6,Late,2,1,"Ronald Fernandez-Gomez, Yuri Rosero-Mora",NA,NA,NA,52.07956777996019,26.6
G-MB-Q-PORT_02,MB-Q-PORT_02,G-MB-Q-PORT,Gaica,Gaica mbd,2013-11-15,13-14,2013,11,15,319,95,06:24:00,00:00:00,3,12,7,Late,3,1,"Ronald Fernandez-Gomez, Yuri Rosero-Mora",NA,NA,NA,52.07956777996019,26.6
G-MB-Q-PORT_02,MB-Q-PORT_02,G-MB-Q-PORT,Gaica,Gaica mbd,2013-11-16,13-14,2013,11,16,320,96,06:18:00,00:00:00,3,12,8,Late,4,1,"Ronald Fernandez-Gomez, Yuri Rosero-Mora",NA,NA,NA,52.07956777996019,26.6
G-MB-Q-PORT_02,MB-Q-PORT_02,G-MB-Q-PORT,Gaica,Gaica mbd,2017-07-27,16-17,2017,7,27,208,7,06:20:00,00:00:00,3,12,1,Early,1,1,"Yuri Rosero-Mora, Robert Rodriguez",NA,NA,NA,59.350442043222145,26.6
G-MB-Q-PORT_02,MB-Q-PORT_02,G-MB-Q-PORT,Gaica,Gaica mbd,2017-07-28,16-17,2017,7,28,209,8,06:17:00,00:00:00,3,12,2,Early,2,1,"Yuri Rosero-Mora, Robert Rodriguez",NA,NA,NA,59.350442043222145,26.6
G-MB-Q-PORT_02,MB-Q-PORT_02,G-MB-Q-PORT,Gaica,Gaica mbd,2017-07-29,16-17,2017,7,29,210,9,06:10:00,00:00:00,3,12,3,Early,3,1,"Yuri Rosero-Mora, Robert Rodriguez",NA,NA,NA,59.350442043222145,26.6
G-MB-Q-PORT_02,MB-Q-PORT_02,G-MB-Q-PORT,Gaica,Gaica mbd,2017-07-30,16-17,2017,7,30,211,10,06:26:00,00:00:00,3,12,4,Early,4,1,"Yuri Rosero-Mora, Robert Rodriguez",NA,NA,NA,59.350442043222145,26.6
G-MB-Q-PORT_03,MB-Q-PORT_03,G-MB-Q-PORT,Gaica,Gaica mbd,2013-08-07,13-14,2013,8,7,219,76,06:53:00,00:00:00,3,12,1,Early,1,1,"Ronald Fernandez-Gomez, Yuri Rosero-Mora",NA,NA,NA,51.836884643643934,26.5
G-MB-Q-PORT_03,MB-Q-PORT_03,G-MB-Q-PORT,Gaica,Gaica mbd,2013-08-08,13-14,2013,8,8,220,77,06:41:00,00:00:00,3,12,2,Early,2,1,"Ronald Fernandez-Gomez, Yuri Rosero-Mora",NA,NA,NA,51.836884643643934,26.5
G-MB-Q-PORT_03,MB-Q-PORT_03,G-MB-Q-PORT,Gaica,Gaica mbd,2013-08-09,13-14,2013,8,9,221,78,06:43:00,00:00:00,3,12,3,Early,3,1,"Ronald Fernandez-Gomez, Yuri Rosero-Mora",NA,NA,NA,51.836884643643934,26.5
G-MB-Q-PORT_03,MB-Q-PORT_03,G-MB-Q-PORT,Gaica,Gaica mbd,2013-08-10,13-14,2013,8,10,222,79,06:32:00,00:00:00,3,12,4,Early,4,1,"Ronald Fernandez-Gomez, Yuri Rosero-Mora",NA,NA,NA,51.836884643643934,26.5
G-MB-Q-PORT_03,MB-Q-PORT_03,G-MB-Q-PORT,Gaica,Gaica mbd,2013-11-13,13-14,2013,11,13,317,93,06:35:00,00:00:00,3,12,5,Late,1,1,"Ronald Fernandez-Gomez, Yuri Rosero-Mora",NA,NA,NA,51.836884643643934,26.5
G-MB-Q-PORT_03,MB-Q-PORT_03,G-MB-Q-PORT,Gaica,Gaica mbd,2013-11-14,13-14,2013,11,14,318,94,06:38:00,00:00:00,3,12,6,Late,2,1,"Ronald Fernandez-Gomez, Yuri Rosero-Mora",NA,NA,NA,51.836884643643934,26.5
G-MB-Q-PORT_03,MB-Q-PORT_03,G-MB-Q-PORT,Gaica,Gaica mbd,2013-11-15,13-14,2013,11,15,319,95,06:47:00,00:00:00,3,12,7,Late,3,1,"Ronald Fernandez-Gomez, Yuri Rosero-Mora",NA,NA,NA,51.836884643643934,26.5
G-MB-Q-PORT_03,MB-Q-PORT_03,G-MB-Q-PORT,Gaica,Gaica mbd,2013-11-16,13-14,2013,11,16,320,96,06:40:00,00:00:00,3,12,8,Late,4,1,"Ronald Fernandez-Gomez, Yuri Rosero-Mora",NA,NA,NA,51.836884643643934,26.5
G-MB-Q-PORT_03,MB-Q-PORT_03,G-MB-Q-PORT,Gaica,Gaica mbd,2017-07-27,16-17,2017,7,27,208,7,06:40:00,00:00:00,3,12,1,Early,1,1,"Yuri Rosero-Mora, Robert Rodriguez",NA,NA,NA,58.86039676708348,26.5
G-MB-Q-PORT_03,MB-Q-PORT_03,G-MB-Q-PORT,Gaica,Gaica mbd,2017-07-28,16-17,2017,7,28,209,8,06:40:00,00:00:00,3,12,2,Early,2,1,"Yuri Rosero-Mora, Robert Rodriguez",NA,NA,NA,58.86039676708348,26.5
G-MB-Q-PORT_03,MB-Q-PORT_03,G-MB-Q-PORT,Gaica,Gaica mbd,2017-07-29,16-17,2017,7,29,210,9,06:34:00,00:00:00,3,12,3,Early,3,1,"Yuri Rosero-Mora, Robert Rodriguez",NA,NA,NA,58.86039676708348,26.5
G-MB-Q-PORT_03,MB-Q-PORT_03,G-MB-Q-PORT,Gaica,Gaica mbd,2017-07-30,16-17,2017,7,30,211,10,06:44:00,00:00:00,3,12,4,Early,4,1,"Yuri Rosero-Mora, Robert Rodriguez",NA,NA,NA,58.86039676708348,26.5
G-MB-Q-PORT_04,MB-Q-PORT_04,G-MB-Q-PORT,Gaica,Gaica mbd,2013-08-07,13-14,2013,8,7,219,76,07:18:00,00:00:00,3,12,1,Early,1,1,"Ronald Fernandez-Gomez, Yuri Rosero-Mora",NA,NA,NA,52.996566944580394,26.6
G-MB-Q-PORT_04,MB-Q-PORT_04,G-MB-Q-PORT,Gaica,Gaica mbd,2013-08-08,13-14,2013,8,8,220,77,07:12:00,00:00:00,3,12,2,Early,2,1,"Ronald Fernandez-Gomez, Yuri Rosero-Mora",NA,NA,NA,52.996566944580394,26.6
G-MB-Q-PORT_04,MB-Q-PORT_04,G-MB-Q-PORT,Gaica,Gaica mbd,2013-08-09,13-14,2013,8,9,221,78,07:05:00,00:00:00,3,12,3,Early,3,1,"Ronald Fernandez-Gomez, Yuri Rosero-Mora",NA,NA,NA,52.996566944580394,26.6
G-MB-Q-PORT_04,MB-Q-PORT_04,G-MB-Q-PORT,Gaica,Gaica mbd,2013-08-10,13-14,2013,8,10,222,79,07:04:00,00:00:00,3,12,4,Early,4,1,"Ronald Fernandez-Gomez, Yuri Rosero-Mora",NA,NA,NA,52.996566944580394,26.6
G-MB-Q-PORT_04,MB-Q-PORT_04,G-MB-Q-PORT,Gaica,Gaica mbd,2013-11-13,13-14,2013,11,13,317,93,06:58:00,00:00:00,3,12,5,Late,1,1,"Ronald Fernandez-Gomez, Yuri Rosero-Mora",NA,NA,NA,52.996566944580394,26.6
G-MB-Q-PORT_04,MB-Q-PORT_04,G-MB-Q-PORT,Gaica,Gaica mbd,2013-11-14,13-14,2013,11,14,318,94,06:59:00,00:00:00,3,12,6,Late,2,1,"Ronald Fernandez-Gomez, Yuri Rosero-Mora",NA,NA,NA,52.996566944580394,26.6
G-MB-Q-PORT_04,MB-Q-PORT_04,G-MB-Q-PORT,Gaica,Gaica mbd,2013-11-15,13-14,2013,11,15,319,95,07:15:00,00:00:00,3,12,7,Late,3,1,"Ronald Fernandez-Gomez, Yuri Rosero-Mora",NA,NA,NA,52.996566944580394,26.6
G-MB-Q-PORT_04,MB-Q-PORT_04,G-MB-Q-PORT,Gaica,Gaica mbd,2013-11-16,13-14,2013,11,16,320,96,06:10:00,00:00:00,3,12,8,Late,4,1,"Ronald Fernandez-Gomez, Yuri Rosero-Mora",NA,NA,NA,52.996566944580394,26.6
G-MB-Q-PORT_04,MB-Q-PORT_04,G-MB-Q-PORT,Gaica,Gaica mbd,2017-07-27,16-17,2017,7,27,208,7,07:15:00,00:00:00,3,12,1,Early,1,1,"Yuri Rosero-Mora, Robert Rodriguez",NA,NA,NA,60.11108386464025,26.6
G-MB-Q-PORT_04,MB-Q-PORT_04,G-MB-Q-PORT,Gaica,Gaica mbd,2017-07-28,16-17,2017,7,28,209,8,06:45:00,00:00:00,3,12,2,Early,2,1,"Yuri Rosero-Mora, Robert Rodriguez",NA,NA,NA,60.11108386464025,26.6
G-MB-Q-PORT_04,MB-Q-PORT_04,G-MB-Q-PORT,Gaica,Gaica mbd,2017-07-29,16-17,2017,7,29,210,9,06:50:00,00:00:00,3,12,3,Early,3,1,"Yuri Rosero-Mora, Robert Rodriguez",NA,NA,NA,60.11108386464025,26.6
G-MB-Q-PORT_04,MB-Q-PORT_04,G-MB-Q-PORT,Gaica,Gaica mbd,2017-07-30,16-17,2017,7,30,211,10,07:02:00,00:00:00,3,12,4,Early,4,1,"Yuri Rosero-Mora, Robert Rodriguez",NA,NA,NA,60.11108386464025,26.6
G-MB-Q-PORT_05,MB-Q-PORT_05,G-MB-Q-PORT,Gaica,Gaica mbd,2013-08-07,13-14,2013,8,7,219,76,07:49:00,00:00:00,3,12,1,Early,1,1,"Ronald Fernandez-Gomez, Yuri Rosero-Mora",NA,NA,NA,55.13984815086941,27.1
G-MB-Q-PORT_05,MB-Q-PORT_05,G-MB-Q-PORT,Gaica,Gaica mbd,2013-08-08,13-14,2013,8,8,220,77,07:36:00,00:00:00,3,12,2,Early,2,1,"Ronald Fernandez-Gomez, Yuri Rosero-Mora",NA,NA,NA,55.13984815086941,27.1
G-MB-Q-PORT_05,MB-Q-PORT_05,G-MB-Q-PORT,Gaica,Gaica mbd,2013-08-09,13-14,2013,8,9,221,78,07:33:00,00:00:00,3,12,3,Early,3,1,"Ronald Fernandez-Gomez, Yuri Rosero-Mora",NA,NA,NA,55.13984815086941,27.1
G-MB-Q-PORT_05,MB-Q-PORT_05,G-MB-Q-PORT,Gaica,Gaica mbd,2013-08-10,13-14,2013,8,10,222,79,07:32:00,00:00:00,3,12,4,Early,4,1,"Ronald Fernandez-Gomez, Yuri Rosero-Mora",NA,NA,NA,55.13984815086941,27.1
G-MB-Q-PORT_05,MB-Q-PORT_05,G-MB-Q-PORT,Gaica,Gaica mbd,2013-11-13,13-14,2013,11,13,317,93,07:19:00,00:00:00,3,12,5,Late,1,1,"Ronald Fernandez-Gomez, Yuri Rosero-Mora",NA,NA,NA,55.13984815086941,27.1
G-MB-Q-PORT_05,MB-Q-PORT_05,G-MB-Q-PORT,Gaica,Gaica mbd,2013-11-14,13-14,2013,11,14,318,94,07:22:00,00:00:00,3,12,6,Late,2,1,"Ronald Fernandez-Gomez, Yuri Rosero-Mora",NA,NA,NA,55.13984815086941,27.1
G-MB-Q-PORT_05,MB-Q-PORT_05,G-MB-Q-PORT,Gaica,Gaica mbd,2013-11-15,13-14,2013,11,15,319,95,07:35:00,00:00:00,3,12,7,Late,3,1,"Ronald Fernandez-Gomez, Yuri Rosero-Mora",NA,NA,NA,55.13984815086941,27.1
G-MB-Q-PORT_05,MB-Q-PORT_05,G-MB-Q-PORT,Gaica,Gaica mbd,2013-11-16,13-14,2013,11,16,320,96,06:30:00,00:00:00,3,12,8,Late,4,1,"Ronald Fernandez-Gomez, Yuri Rosero-Mora",NA,NA,NA,55.13984815086941,27.1
G-MB-Q-PORT_05,MB-Q-PORT_05,G-MB-Q-PORT,Gaica,Gaica mbd,2017-07-27,16-17,2017,7,27,208,7,07:40:00,00:00:00,3,12,1,Early,1,1,"Yuri Rosero-Mora, Robert Rodriguez",NA,NA,NA,62.69483223120312,27.1
G-MB-Q-PORT_05,MB-Q-PORT_05,G-MB-Q-PORT,Gaica,Gaica mbd,2017-07-28,16-17,2017,7,28,209,8,07:10:00,00:00:00,3,12,2,Early,2,1,"Yuri Rosero-Mora, Robert Rodriguez",NA,NA,NA,62.69483223120312,27.1
G-MB-Q-PORT_05,MB-Q-PORT_05,G-MB-Q-PORT,Gaica,Gaica mbd,2017-07-29,16-17,2017,7,29,210,9,07:15:00,00:00:00,3,12,3,Early,3,1,"Yuri Rosero-Mora, Robert Rodriguez",NA,NA,NA,62.69483223120312,27.1
G-MB-Q-PORT_05,MB-Q-PORT_05,G-MB-Q-PORT,Gaica,Gaica mbd,2017-07-30,16-17,2017,7,30,211,10,07:16:00,00:00:00,3,12,4,Early,4,1,"Yuri Rosero-Mora, Robert Rodriguez",NA,NA,NA,62.69483223120312,27.1
G-MB-Q-PORT_06,MB-Q-PORT_06,G-MB-Q-PORT,Gaica,Gaica mbd,2013-08-07,13-14,2013,8,7,219,76,08:20:00,00:00:00,3,12,1,Early,1,1,"Ronald Fernandez-Gomez, Yuri Rosero-Mora",NA,NA,NA,55.92942906150466,27.5
G-MB-Q-PORT_06,MB-Q-PORT_06,G-MB-Q-PORT,Gaica,Gaica mbd,2013-08-08,13-14,2013,8,8,220,77,08:10:00,00:00:00,3,12,2,Early,2,1,"Ronald Fernandez-Gomez, Yuri Rosero-Mora",NA,NA,NA,55.92942906150466,27.5
G-MB-Q-PORT_06,MB-Q-PORT_06,G-MB-Q-PORT,Gaica,Gaica mbd,2013-08-09,13-14,2013,8,9,221,78,07:57:00,00:00:00,3,12,3,Early,3,1,"Ronald Fernandez-Gomez, Yuri Rosero-Mora",NA,NA,NA,55.92942906150466,27.5
G-MB-Q-PORT_06,MB-Q-PORT_06,G-MB-Q-PORT,Gaica,Gaica mbd,2013-08-10,13-14,2013,8,10,222,79,07:54:00,00:00:00,3,12,4,Early,4,1,"Ronald Fernandez-Gomez, Yuri Rosero-Mora",NA,NA,NA,55.92942906150466,27.5
G-MB-Q-PORT_06,MB-Q-PORT_06,G-MB-Q-PORT,Gaica,Gaica mbd,2013-11-13,13-14,2013,11,13,317,93,07:40:00,00:00:00,3,12,5,Late,1,1,"Ronald Fernandez-Gomez, Yuri Rosero-Mora",NA,NA,NA,55.92942906150466,27.5
G-MB-Q-PORT_06,MB-Q-PORT_06,G-MB-Q-PORT,Gaica,Gaica mbd,2013-11-14,13-14,2013,11,14,318,94,07:43:00,00:00:00,3,12,6,Late,2,1,"Ronald Fernandez-Gomez, Yuri Rosero-Mora",NA,NA,NA,55.92942906150466,27.5
G-MB-Q-PORT_06,MB-Q-PORT_06,G-MB-Q-PORT,Gaica,Gaica mbd,2013-11-15,13-14,2013,11,15,319,95,08:05:00,00:00:00,3,12,7,Late,3,1,"Ronald Fernandez-Gomez, Yuri Rosero-Mora",NA,NA,NA,55.92942906150466,27.5
G-MB-Q-PORT_06,MB-Q-PORT_06,G-MB-Q-PORT,Gaica,Gaica mbd,2013-11-16,13-14,2013,11,16,320,96,06:55:00,00:00:00,3,12,8,Late,4,1,"Ronald Fernandez-Gomez, Yuri Rosero-Mora",NA,NA,NA,55.92942906150466,27.5
G-MB-Q-PORT_06,MB-Q-PORT_06,G-MB-Q-PORT,Gaica,Gaica mbd,2017-07-27,16-17,2017,7,27,208,7,08:20:00,00:00:00,3,12,1,Early,1,1,"Yuri Rosero-Mora, Robert Rodriguez",NA,NA,NA,63.830433717225745,27.5
G-MB-Q-PORT_06,MB-Q-PORT_06,G-MB-Q-PORT,Gaica,Gaica mbd,2017-07-28,16-17,2017,7,28,209,8,06:25:00,00:00:00,3,12,2,Early,2,1,"Yuri Rosero-Mora, Robert Rodriguez",NA,NA,NA,63.830433717225745,27.5
G-MB-Q-PORT_06,MB-Q-PORT_06,G-MB-Q-PORT,Gaica,Gaica mbd,2017-07-29,16-17,2017,7,29,210,9,07:40:00,00:00:00,3,12,3,Early,3,1,"Yuri Rosero-Mora, Robert Rodriguez",NA,NA,NA,63.830433717225745,27.5
G-MB-Q-PORT_06,MB-Q-PORT_06,G-MB-Q-PORT,Gaica,Gaica mbd,2017-07-30,16-17,2017,7,30,211,10,07:31:00,00:00:00,3,12,4,Early,4,1,"Yuri Rosero-Mora, Robert Rodriguez",NA,NA,NA,63.830433717225745,27.5
G-MB-S-EDE_01,MB-S-EDE_01,G-MB-S-EDE,Gaica,Gaica mbd,2014-03-18,13-14,2014,3,18,77,5,06:15:00,00:00:00,1,4,1,Early,1,0,"Ronald Fernandez-Gomez, Yuri Rosero-Mora",NA,NA,NA,73.55993150684928,21.7
G-MB-S-EDE_01,MB-S-EDE_01,G-MB-S-EDE,Gaica,Gaica mbd,2014-03-19,13-14,2014,3,19,78,6,06:30:00,00:00:00,1,4,2,Early,2,1,"Ronald Fernandez-Gomez, Yuri Rosero-Mora",NA,NA,NA,73.55993150684928,21.7
G-MB-S-EDE_01,MB-S-EDE_01,G-MB-S-EDE,Gaica,Gaica mbd,2014-03-20,13-14,2014,3,20,79,7,06:15:00,00:00:00,1,4,3,Early,3,1,"Ronald Fernandez-Gomez, Yuri Rosero-Mora",NA,NA,NA,73.55993150684928,21.7
G-MB-S-EDE_01,MB-S-EDE_01,G-MB-S-EDE,Gaica,Gaica mbd,2014-03-21,13-14,2014,3,21,80,8,06:00:00,00:00:00,1,4,4,Early,4,0,"Ronald Fernandez-Gomez, Yuri Rosero-Mora",NA,NA,NA,73.55993150684928,21.7
G-MB-S-EDE_02,MB-S-EDE_02,G-MB-S-EDE,Gaica,Gaica mbd,2014-03-18,13-14,2014,3,18,77,5,06:40:00,00:00:00,1,4,1,Early,1,0,"Ronald Fernandez-Gomez, Yuri Rosero-Mora",NA,NA,NA,73.46355185909982,19.4
G-MB-S-EDE_02,MB-S-EDE_02,G-MB-S-EDE,Gaica,Gaica mbd,2014-03-19,13-14,2014,3,19,78,6,06:43:00,00:00:00,1,4,2,Early,2,0,"Ronald Fernandez-Gomez, Yuri Rosero-Mora",NA,NA,NA,73.46355185909982,19.4
G-MB-S-EDE_02,MB-S-EDE_02,G-MB-S-EDE,Gaica,Gaica mbd,2014-03-20,13-14,2014,3,20,79,7,06:30:00,00:00:00,1,4,3,Early,3,1,"Ronald Fernandez-Gomez, Yuri Rosero-Mora",NA,NA,NA,73.46355185909982,19.4
G-MB-S-EDE_02,MB-S-EDE_02,G-MB-S-EDE,Gaica,Gaica mbd,2014-03-21,13-14,2014,3,21,80,8,06:30:00,00:00:00,1,4,4,Early,4,1,"Ronald Fernandez-Gomez, Yuri Rosero-Mora",NA,NA,NA,73.46355185909982,19.4
G-MB-S-EDE_03,MB-S-EDE_03,G-MB-S-EDE,Gaica,Gaica mbd,2014-03-18,13-14,2014,3,18,77,5,07:07:00,00:00:00,1,4,1,Early,1,1,"Ronald Fernandez-Gomez, Yuri Rosero-Mora",NA,NA,NA,74.24755381604693,13.7
G-MB-S-EDE_03,MB-S-EDE_03,G-MB-S-EDE,Gaica,Gaica mbd,2014-03-19,13-14,2014,3,19,78,6,06:59:00,00:00:00,1,4,2,Early,2,1,"Ronald Fernandez-Gomez, Yuri Rosero-Mora",NA,NA,NA,74.24755381604693,13.7
G-MB-S-EDE_03,MB-S-EDE_03,G-MB-S-EDE,Gaica,Gaica mbd,2014-03-20,13-14,2014,3,20,79,7,06:48:00,00:00:00,1,4,3,Early,3,1,"Ronald Fernandez-Gomez, Yuri Rosero-Mora",NA,NA,NA,74.24755381604693,13.7
G-MB-S-EDE_03,MB-S-EDE_03,G-MB-S-EDE,Gaica,Gaica mbd,2014-03-21,13-14,2014,3,21,80,8,06:45:00,00:00:00,1,4,4,Early,4,0,"Ronald Fernandez-Gomez, Yuri Rosero-Mora",NA,NA,NA,74.24755381604693,13.7
G-MB-S-EDE_04,MB-S-EDE_04,G-MB-S-EDE,Gaica,Gaica mbd,2014-03-18,13-14,2014,3,18,77,5,07:13:00,00:00:00,1,4,1,Early,1,1,"Ronald Fernandez-Gomez, Yuri Rosero-Mora",NA,NA,NA,74.48632144601869,16.2
G-MB-S-EDE_04,MB-S-EDE_04,G-MB-S-EDE,Gaica,Gaica mbd,2014-03-19,13-14,2014,3,19,78,6,07:22:00,00:00:00,1,4,2,Early,2,1,"Ronald Fernandez-Gomez, Yuri Rosero-Mora",NA,NA,NA,74.48632144601869,16.2
G-MB-S-EDE_04,MB-S-EDE_04,G-MB-S-EDE,Gaica,Gaica mbd,2014-03-20,13-14,2014,3,20,79,7,07:00:00,00:00:00,1,4,3,Early,3,1,"Ronald Fernandez-Gomez, Yuri Rosero-Mora",NA,NA,NA,74.48632144601869,16.2
G-MB-S-EDE_04,MB-S-EDE_04,G-MB-S-EDE,Gaica,Gaica mbd,2014-03-21,13-14,2014,3,21,80,8,07:00:00,00:00:00,1,4,4,Early,4,1,"Ronald Fernandez-Gomez, Yuri Rosero-Mora",NA,NA,NA,74.48632144601869,16.2
G-MB-S-EDE_05,MB-S-EDE_05,G-MB-S-EDE,Gaica,Gaica mbd,2014-03-18,13-14,2014,3,18,77,5,07:35:00,00:00:00,1,4,1,Early,1,1,"Ronald Fernandez-Gomez, Yuri Rosero-Mora",NA,NA,NA,74.59060895084352,17.9
G-MB-S-EDE_05,MB-S-EDE_05,G-MB-S-EDE,Gaica,Gaica mbd,2014-03-19,13-14,2014,3,19,78,6,07:40:00,00:00:00,1,4,2,Early,2,0,"Ronald Fernandez-Gomez, Yuri Rosero-Mora",NA,NA,NA,74.59060895084352,17.9
G-MB-S-EDE_05,MB-S-EDE_05,G-MB-S-EDE,Gaica,Gaica mbd,2014-03-20,13-14,2014,3,20,79,7,07:18:00,00:00:00,1,4,3,Early,3,1,"Ronald Fernandez-Gomez, Yuri Rosero-Mora",NA,NA,NA,74.59060895084352,17.9
G-MB-S-EDE_05,MB-S-EDE_05,G-MB-S-EDE,Gaica,Gaica mbd,2014-03-21,13-14,2014,3,21,80,8,07:22:00,00:00:00,1,4,4,Early,4,1,"Ronald Fernandez-Gomez, Yuri Rosero-Mora",NA,NA,NA,74.59060895084352,17.9
G-MB-S-EDE_06,MB-S-EDE_06,G-MB-S-EDE,Gaica,Gaica mbd,2014-03-18,13-14,2014,3,18,77,5,07:47:00,00:00:00,1,4,1,Early,1,1,"Ronald Fernandez-Gomez, Yuri Rosero-Mora",NA,NA,NA,75.07013685239482,28.3
G-MB-S-EDE_06,MB-S-EDE_06,G-MB-S-EDE,Gaica,Gaica mbd,2014-03-19,13-14,2014,3,19,78,6,08:00:00,00:00:00,1,4,2,Early,2,1,"Ronald Fernandez-Gomez, Yuri Rosero-Mora",NA,NA,NA,75.07013685239482,28.3
G-MB-S-EDE_06,MB-S-EDE_06,G-MB-S-EDE,Gaica,Gaica mbd,2014-03-20,13-14,2014,3,20,79,7,07:40:00,00:00:00,1,4,3,Early,3,1,"Ronald Fernandez-Gomez, Yuri Rosero-Mora",NA,NA,NA,75.07013685239482,28.3
G-MB-S-EDE_06,MB-S-EDE_06,G-MB-S-EDE,Gaica,Gaica mbd,2014-03-21,13-14,2014,3,21,80,8,08:00:00,00:00:00,1,4,4,Early,4,1,"Ronald Fernandez-Gomez, Yuri Rosero-Mora",NA,NA,NA,75.07013685239482,28.3
G-MB-S-LN_01,MB-S-LN_01,G-MB-S-LN,Gaica,Gaica mbd,2014-03-14,13-14,2014,3,14,73,1,05:58:00,00:00:00,1,4,1,Early,1,1,"Ronald Fernandez-Gomez, Yuri Rosero-Mora",NA,NA,NA,64.22700587084123,22.3
G-MB-S-LN_01,MB-S-LN_01,G-MB-S-LN,Gaica,Gaica mbd,2014-03-15,13-14,2014,3,15,74,2,05:45:00,00:00:00,1,4,2,Early,2,0,"Ronald Fernandez-Gomez, Yuri Rosero-Mora",NA,NA,NA,64.22700587084123,22.3
G-MB-S-LN_01,MB-S-LN_01,G-MB-S-LN,Gaica,Gaica mbd,2014-03-16,13-14,2014,3,16,75,3,05:39:00,00:00:00,1,4,3,Early,3,1,"Ronald Fernandez-Gomez, Yuri Rosero-Mora",NA,NA,NA,64.22700587084123,22.3
G-MB-S-LN_01,MB-S-LN_01,G-MB-S-LN,Gaica,Gaica mbd,2014-03-17,13-14,2014,3,17,76,4,05:40:00,00:00:00,1,4,4,Early,4,1,"Ronald Fernandez-Gomez, Yuri Rosero-Mora",NA,NA,NA,64.22700587084123,22.3
G-MB-S-LN_02,MB-S-LN_02,G-MB-S-LN,Gaica,Gaica mbd,2014-03-14,13-14,2014,3,14,73,1,06:25:00,00:00:00,1,4,1,Early,1,1,"Ronald Fernandez-Gomez, Yuri Rosero-Mora",NA,NA,NA,64.72526934378081,22.3
G-MB-S-LN_02,MB-S-LN_02,G-MB-S-LN,Gaica,Gaica mbd,2014-03-15,13-14,2014,3,15,74,2,06:06:00,00:00:00,1,4,2,Early,2,1,"Ronald Fernandez-Gomez, Yuri Rosero-Mora",NA,NA,NA,64.72526934378081,22.3
G-MB-S-LN_02,MB-S-LN_02,G-MB-S-LN,Gaica,Gaica mbd,2014-03-16,13-14,2014,3,16,75,3,05:57:00,00:00:00,1,4,3,Early,3,1,"Ronald Fernandez-Gomez, Yuri Rosero-Mora",NA,NA,NA,64.72526934378081,22.3
G-MB-S-LN_02,MB-S-LN_02,G-MB-S-LN,Gaica,Gaica mbd,2014-03-17,13-14,2014,3,17,76,4,06:00:00,00:00:00,1,4,4,Early,4,1,"Ronald Fernandez-Gomez, Yuri Rosero-Mora",NA,NA,NA,64.72526934378081,22.3
G-MB-S-LN_03,MB-S-LN_03,G-MB-S-LN,Gaica,Gaica mbd,2014-03-14,13-14,2014,3,14,73,1,06:40:00,00:00:00,1,4,1,Early,1,1,"Ronald Fernandez-Gomez, Yuri Rosero-Mora",NA,NA,NA,65.74779843444314,20.2
G-MB-S-LN_03,MB-S-LN_03,G-MB-S-LN,Gaica,Gaica mbd,2014-03-15,13-14,2014,3,15,74,2,06:20:00,00:00:00,1,4,2,Early,2,1,"Ronald Fernandez-Gomez, Yuri Rosero-Mora",NA,NA,NA,65.74779843444314,20.2
G-MB-S-LN_03,MB-S-LN_03,G-MB-S-LN,Gaica,Gaica mbd,2014-03-16,13-14,2014,3,16,75,3,06:12:00,00:00:00,1,4,3,Early,3,1,"Ronald Fernandez-Gomez, Yuri Rosero-Mora",NA,NA,NA,65.74779843444314,20.2
G-MB-S-LN_03,MB-S-LN_03,G-MB-S-LN,Gaica,Gaica mbd,2014-03-17,13-14,2014,3,17,76,4,06:20:00,00:00:00,1,4,4,Early,4,1,"Ronald Fernandez-Gomez, Yuri Rosero-Mora",NA,NA,NA,65.74779843444314,20.2
G-MB-S-LN_04,MB-S-LN_04,G-MB-S-LN,Gaica,Gaica mbd,2014-03-14,13-14,2014,3,14,73,1,07:00:00,00:00:00,1,4,1,Early,1,1,"Ronald Fernandez-Gomez, Yuri Rosero-Mora",NA,NA,NA,66.402152641878,20.3
G-MB-S-LN_04,MB-S-LN_04,G-MB-S-LN,Gaica,Gaica mbd,2014-03-15,13-14,2014,3,15,74,2,06:38:00,00:00:00,1,4,2,Early,2,1,"Ronald Fernandez-Gomez, Yuri Rosero-Mora",NA,NA,NA,66.402152641878,20.3
G-MB-S-LN_04,MB-S-LN_04,G-MB-S-LN,Gaica,Gaica mbd,2014-03-16,13-14,2014,3,16,75,3,06:32:00,00:00:00,1,4,3,Early,3,1,"Ronald Fernandez-Gomez, Yuri Rosero-Mora",NA,NA,NA,66.402152641878,20.3
G-MB-S-LN_04,MB-S-LN_04,G-MB-S-LN,Gaica,Gaica mbd,2014-03-17,13-14,2014,3,17,76,4,06:37:00,00:00:00,1,4,4,Early,4,1,"Ronald Fernandez-Gomez, Yuri Rosero-Mora",NA,NA,NA,66.402152641878,20.3
G-MB-S-LN_05,MB-S-LN_05,G-MB-S-LN,Gaica,Gaica mbd,2014-03-14,13-14,2014,3,14,73,1,07:15:00,00:00:00,1,4,1,Early,1,1,"Ronald Fernandez-Gomez, Yuri Rosero-Mora",NA,NA,NA,67.03152492668642,23.9
G-MB-S-LN_05,MB-S-LN_05,G-MB-S-LN,Gaica,Gaica mbd,2014-03-15,13-14,2014,3,15,74,2,06:50:00,00:00:00,1,4,2,Early,2,1,"Ronald Fernandez-Gomez, Yuri Rosero-Mora",NA,NA,NA,67.03152492668642,23.9
G-MB-S-LN_05,MB-S-LN_05,G-MB-S-LN,Gaica,Gaica mbd,2014-03-16,13-14,2014,3,16,75,3,06:50:00,00:00:00,1,4,3,Early,3,1,"Ronald Fernandez-Gomez, Yuri Rosero-Mora",NA,NA,NA,67.03152492668642,23.9
G-MB-S-LN_05,MB-S-LN_05,G-MB-S-LN,Gaica,Gaica mbd,2014-03-17,13-14,2014,3,17,76,4,06:55:00,00:00:00,1,4,4,Early,4,1,"Ronald Fernandez-Gomez, Yuri Rosero-Mora",NA,NA,NA,67.03152492668642,23.9
G-MB-S-LN_06,MB-S-LN_06,G-MB-S-LN,Gaica,Gaica mbd,2014-03-14,13-14,2014,3,14,73,1,07:30:00,00:00:00,1,4,1,Early,1,1,"Ronald Fernandez-Gomez, Yuri Rosero-Mora",NA,NA,NA,68.83418928833343,23.9
G-MB-S-LN_06,MB-S-LN_06,G-MB-S-LN,Gaica,Gaica mbd,2014-03-15,13-14,2014,3,15,74,2,07:10:00,00:00:00,1,4,2,Early,2,1,"Ronald Fernandez-Gomez, Yuri Rosero-Mora",NA,NA,NA,68.83418928833343,23.9
G-MB-S-LN_06,MB-S-LN_06,G-MB-S-LN,Gaica,Gaica mbd,2014-03-16,13-14,2014,3,16,75,3,07:18:00,00:00:00,1,4,3,Early,3,1,"Ronald Fernandez-Gomez, Yuri Rosero-Mora",NA,NA,NA,68.83418928833343,23.9
G-MB-S-LN_06,MB-S-LN_06,G-MB-S-LN,Gaica,Gaica mbd,2014-03-17,13-14,2014,3,17,76,4,07:12:00,00:00:00,1,4,4,Early,4,1,"Ronald Fernandez-Gomez, Yuri Rosero-Mora",NA,NA,NA,68.83418928833343,23.9
G-MB-S-MF_01,MB-S-MF_01,G-MB-S-MF,Gaica,Gaica mbd,2014-03-22,13-14,2014,3,22,81,9,06:00:00,00:00:00,1,4,1,Early,1,1,"Ronald Fernandez-Gomez, Yuri Rosero-Mora",NA,NA,NA,68.25965770171176,16.8
G-MB-S-MF_01,MB-S-MF_01,G-MB-S-MF,Gaica,Gaica mbd,2014-03-23,13-14,2014,3,23,82,10,05:55:00,00:00:00,1,4,2,Early,2,1,"Ronald Fernandez-Gomez, Yuri Rosero-Mora",NA,NA,NA,68.25965770171176,16.8
G-MB-S-MF_01,MB-S-MF_01,G-MB-S-MF,Gaica,Gaica mbd,2014-03-24,13-14,2014,3,24,83,11,06:04:00,00:00:00,1,4,3,Early,3,1,"Ronald Fernandez-Gomez, Yuri Rosero-Mora",NA,NA,NA,68.25965770171176,16.8
G-MB-S-MF_01,MB-S-MF_01,G-MB-S-MF,Gaica,Gaica mbd,2014-03-25,13-14,2014,3,25,84,12,06:01:00,00:00:00,1,4,4,Early,4,1,"Ronald Fernandez-Gomez, Yuri Rosero-Mora",NA,NA,NA,68.25965770171176,16.8
G-MB-S-MF_02,MB-S-MF_02,G-MB-S-MF,Gaica,Gaica mbd,2014-03-22,13-14,2014,3,22,81,9,06:17:00,00:00:00,1,4,1,Early,1,1,"Ronald Fernandez-Gomez, Yuri Rosero-Mora",NA,NA,NA,69.01539589442795,16.8
G-MB-S-MF_02,MB-S-MF_02,G-MB-S-MF,Gaica,Gaica mbd,2014-03-23,13-14,2014,3,23,82,10,06:09:00,00:00:00,1,4,2,Early,2,1,"Ronald Fernandez-Gomez, Yuri Rosero-Mora",NA,NA,NA,69.01539589442795,16.8
G-MB-S-MF_02,MB-S-MF_02,G-MB-S-MF,Gaica,Gaica mbd,2014-03-24,13-14,2014,3,24,83,11,06:18:00,00:00:00,1,4,3,Early,3,1,"Ronald Fernandez-Gomez, Yuri Rosero-Mora",NA,NA,NA,69.01539589442795,16.8
G-MB-S-MF_02,MB-S-MF_02,G-MB-S-MF,Gaica,Gaica mbd,2014-03-25,13-14,2014,3,25,84,12,06:16:00,00:00:00,1,4,4,Early,4,1,"Ronald Fernandez-Gomez, Yuri Rosero-Mora",NA,NA,NA,69.01539589442795,16.8
G-MB-S-MF_03,MB-S-MF_03,G-MB-S-MF,Gaica,Gaica mbd,2014-03-22,13-14,2014,3,22,81,9,06:33:00,00:00:00,1,4,1,Early,1,1,"Ronald Fernandez-Gomez, Yuri Rosero-Mora",NA,NA,NA,69.3338220918874,16
G-MB-S-MF_03,MB-S-MF_03,G-MB-S-MF,Gaica,Gaica mbd,2014-03-23,13-14,2014,3,23,82,10,06:25:00,00:00:00,1,4,2,Early,2,1,"Ronald Fernandez-Gomez, Yuri Rosero-Mora",NA,NA,NA,69.3338220918874,16
G-MB-S-MF_03,MB-S-MF_03,G-MB-S-MF,Gaica,Gaica mbd,2014-03-24,13-14,2014,3,24,83,11,06:30:00,00:00:00,1,4,3,Early,3,1,"Ronald Fernandez-Gomez, Yuri Rosero-Mora",NA,NA,NA,69.3338220918874,16
G-MB-S-MF_03,MB-S-MF_03,G-MB-S-MF,Gaica,Gaica mbd,2014-03-25,13-14,2014,3,25,84,12,06:29:00,00:00:00,1,4,4,Early,4,1,"Ronald Fernandez-Gomez, Yuri Rosero-Mora",NA,NA,NA,69.3338220918874,16
G-MB-S-MF_04,MB-S-MF_04,G-MB-S-MF,Gaica,Gaica mbd,2014-03-22,13-14,2014,3,22,81,9,07:13:00,00:00:00,1,4,1,Early,1,1,"Ronald Fernandez-Gomez, Yuri Rosero-Mora",NA,NA,NA,69.78571428571463,18.9
G-MB-S-MF_04,MB-S-MF_04,G-MB-S-MF,Gaica,Gaica mbd,2014-03-23,13-14,2014,3,23,82,10,06:45:00,00:00:00,1,4,2,Early,2,1,"Ronald Fernandez-Gomez, Yuri Rosero-Mora",NA,NA,NA,69.78571428571463,18.9
G-MB-S-MF_04,MB-S-MF_04,G-MB-S-MF,Gaica,Gaica mbd,2014-03-24,13-14,2014,3,24,83,11,06:45:00,00:00:00,1,4,3,Early,3,1,"Ronald Fernandez-Gomez, Yuri Rosero-Mora",NA,NA,NA,69.78571428571463,18.9
G-MB-S-MF_04,MB-S-MF_04,G-MB-S-MF,Gaica,Gaica mbd,2014-03-25,13-14,2014,3,25,84,12,06:55:00,00:00:00,1,4,4,Early,4,1,"Ronald Fernandez-Gomez, Yuri Rosero-Mora",NA,NA,NA,69.78571428571463,18.9
G-MB-S-MF_05,MB-S-MF_05,G-MB-S-MF,Gaica,Gaica mbd,2014-03-22,13-14,2014,3,22,81,9,07:30:00,00:00:00,1,4,1,Early,1,1,"Ronald Fernandez-Gomez, Yuri Rosero-Mora",NA,NA,NA,70.11681329423237,18.9
G-MB-S-MF_05,MB-S-MF_05,G-MB-S-MF,Gaica,Gaica mbd,2014-03-23,13-14,2014,3,23,82,10,07:00:00,00:00:00,1,4,2,Early,2,1,"Ronald Fernandez-Gomez, Yuri Rosero-Mora",NA,NA,NA,70.11681329423237,18.9
G-MB-S-MF_05,MB-S-MF_05,G-MB-S-MF,Gaica,Gaica mbd,2014-03-24,13-14,2014,3,24,83,11,07:03:00,00:00:00,1,4,3,Early,3,1,"Ronald Fernandez-Gomez, Yuri Rosero-Mora",NA,NA,NA,70.11681329423237,18.9
G-MB-S-MF_05,MB-S-MF_05,G-MB-S-MF,Gaica,Gaica mbd,2014-03-25,13-14,2014,3,25,84,12,07:07:00,00:00:00,1,4,4,Early,4,1,"Ronald Fernandez-Gomez, Yuri Rosero-Mora",NA,NA,NA,70.11681329423237,18.9
G-MB-S-MF_06,MB-S-MF_06,G-MB-S-MF,Gaica,Gaica mbd,2014-03-22,13-14,2014,3,22,81,9,07:57:00,00:00:00,1,4,1,Early,1,1,"Ronald Fernandez-Gomez, Yuri Rosero-Mora",NA,NA,NA,70.94086021505339,16.8
G-MB-S-MF_06,MB-S-MF_06,G-MB-S-MF,Gaica,Gaica mbd,2014-03-23,13-14,2014,3,23,82,10,07:12:00,00:00:00,1,4,2,Early,2,1,"Ronald Fernandez-Gomez, Yuri Rosero-Mora",NA,NA,NA,70.94086021505339,16.8
G-MB-S-MF_06,MB-S-MF_06,G-MB-S-MF,Gaica,Gaica mbd,2014-03-24,13-14,2014,3,24,83,11,07:19:00,00:00:00,1,4,3,Early,3,1,"Ronald Fernandez-Gomez, Yuri Rosero-Mora",NA,NA,NA,70.94086021505339,16.8
G-MB-S-MF_06,MB-S-MF_06,G-MB-S-MF,Gaica,Gaica mbd,2014-03-25,13-14,2014,3,25,84,12,07:26:00,00:00:00,1,4,4,Early,4,1,"Ronald Fernandez-Gomez, Yuri Rosero-Mora",NA,NA,NA,70.94086021505339,16.8
G-MB-S-MF_07,MB-S-MF_07,G-MB-S-MF,Gaica,Gaica mbd,2014-03-22,13-14,2014,3,22,81,9,08:15:00,00:00:00,1,4,1,Early,1,1,"Ronald Fernandez-Gomez, Yuri Rosero-Mora",NA,NA,NA,71.76785714285619,17.1
G-MB-S-MF_07,MB-S-MF_07,G-MB-S-MF,Gaica,Gaica mbd,2014-03-23,13-14,2014,3,23,82,10,07:30:00,00:00:00,1,4,2,Early,2,1,"Ronald Fernandez-Gomez, Yuri Rosero-Mora",NA,NA,NA,71.76785714285619,17.1
G-MB-S-MF_07,MB-S-MF_07,G-MB-S-MF,Gaica,Gaica mbd,2014-03-24,13-14,2014,3,24,83,11,07:43:00,00:00:00,1,4,3,Early,3,1,"Ronald Fernandez-Gomez, Yuri Rosero-Mora",NA,NA,NA,71.76785714285619,17.1
G-MB-S-MF_07,MB-S-MF_07,G-MB-S-MF,Gaica,Gaica mbd,2014-03-25,13-14,2014,3,25,84,12,07:57:00,00:00:00,1,4,4,Early,4,1,"Ronald Fernandez-Gomez, Yuri Rosero-Mora",NA,NA,NA,71.76785714285619,17.1
G-MB-S-MF_08,MB-S-MF_08,G-MB-S-MF,Gaica,Gaica mbd,2014-03-22,13-14,2014,3,22,81,9,08:35:00,00:00:00,1,4,1,Early,1,1,"Ronald Fernandez-Gomez, Yuri Rosero-Mora",NA,NA,NA,73.38248960626004,18.6
G-MB-S-MF_08,MB-S-MF_08,G-MB-S-MF,Gaica,Gaica mbd,2014-03-23,13-14,2014,3,23,82,10,07:52:00,00:00:00,1,4,2,Early,2,1,"Ronald Fernandez-Gomez, Yuri Rosero-Mora",NA,NA,NA,73.38248960626004,18.6
G-MB-S-MF_08,MB-S-MF_08,G-MB-S-MF,Gaica,Gaica mbd,2014-03-24,13-14,2014,3,24,83,11,07:58:00,00:00:00,1,4,3,Early,3,1,"Ronald Fernandez-Gomez, Yuri Rosero-Mora",NA,NA,NA,73.38248960626004,18.6
G-MB-S-MF_08,MB-S-MF_08,G-MB-S-MF,Gaica,Gaica mbd,2014-03-25,13-14,2014,3,25,84,12,08:10:00,00:00:00,1,4,4,Early,4,1,"Ronald Fernandez-Gomez, Yuri Rosero-Mora",NA,NA,NA,73.38248960626004,18.6
G-MB-S-MF_09,MB-S-MF_09,G-MB-S-MF,Gaica,Gaica mbd,2014-03-22,13-14,2014,3,22,81,9,09:00:00,00:00:00,1,4,1,Early,1,1,"Ronald Fernandez-Gomez, Yuri Rosero-Mora",NA,NA,NA,74.36088019559843,12.1
G-MB-S-MF_09,MB-S-MF_09,G-MB-S-MF,Gaica,Gaica mbd,2014-03-23,13-14,2014,3,23,82,10,08:36:00,00:00:00,1,4,2,Early,2,1,"Ronald Fernandez-Gomez, Yuri Rosero-Mora",NA,NA,NA,74.36088019559843,12.1
G-MB-S-MF_09,MB-S-MF_09,G-MB-S-MF,Gaica,Gaica mbd,2014-03-24,13-14,2014,3,24,83,11,08:11:00,00:00:00,1,4,3,Early,3,1,"Ronald Fernandez-Gomez, Yuri Rosero-Mora",NA,NA,NA,74.36088019559843,12.1
G-MB-S-MF_09,MB-S-MF_09,G-MB-S-MF,Gaica,Gaica mbd,2014-03-25,13-14,2014,3,25,84,12,08:23:00,00:00:00,1,4,4,Early,4,1,"Ronald Fernandez-Gomez, Yuri Rosero-Mora",NA,NA,NA,74.36088019559843,12.1
G-MB-S-MF_10,MB-S-MF_10,G-MB-S-MF,Gaica,Gaica mbd,2014-03-22,13-14,2014,3,22,81,9,09:22:00,00:00:00,1,4,1,Early,1,1,"Ronald Fernandez-Gomez, Yuri Rosero-Mora",NA,NA,NA,77.30772994129228,22.4
G-MB-S-MF_10,MB-S-MF_10,G-MB-S-MF,Gaica,Gaica mbd,2014-03-23,13-14,2014,3,23,82,10,08:52:00,00:00:00,1,4,2,Early,2,1,"Ronald Fernandez-Gomez, Yuri Rosero-Mora",NA,NA,NA,77.30772994129228,22.4
G-MB-S-MF_10,MB-S-MF_10,G-MB-S-MF,Gaica,Gaica mbd,2014-03-24,13-14,2014,3,24,83,11,08:28:00,00:00:00,1,4,3,Early,3,1,"Ronald Fernandez-Gomez, Yuri Rosero-Mora",NA,NA,NA,77.30772994129228,22.4
G-MB-S-MF_10,MB-S-MF_10,G-MB-S-MF,Gaica,Gaica mbd,2014-03-25,13-14,2014,3,25,84,12,08:44:00,00:00:00,1,4,4,Early,4,1,"Ronald Fernandez-Gomez, Yuri Rosero-Mora",NA,NA,NA,77.30772994129228,22.4
G-MB-S-MF_11,MB-S-MF_11,G-MB-S-MF,Gaica,Gaica mbd,2014-03-22,13-14,2014,3,22,81,9,09:53:00,00:00:00,1,4,1,Early,1,1,"Ronald Fernandez-Gomez, Yuri Rosero-Mora",NA,NA,NA,75.85986793837074,24.1
G-MB-S-MF_11,MB-S-MF_11,G-MB-S-MF,Gaica,Gaica mbd,2014-03-23,13-14,2014,3,23,82,10,09:15:00,00:00:00,1,4,2,Early,2,1,"Ronald Fernandez-Gomez, Yuri Rosero-Mora",NA,NA,NA,75.85986793837074,24.1
G-MB-S-MF_11,MB-S-MF_11,G-MB-S-MF,Gaica,Gaica mbd,2014-03-24,13-14,2014,3,24,83,11,08:40:00,00:00:00,1,4,3,Early,3,1,"Ronald Fernandez-Gomez, Yuri Rosero-Mora",NA,NA,NA,75.85986793837074,24.1
G-MB-S-MF_11,MB-S-MF_11,G-MB-S-MF,Gaica,Gaica mbd,2014-03-25,13-14,2014,3,25,84,12,09:10:00,00:00:00,1,4,4,Early,4,1,"Ronald Fernandez-Gomez, Yuri Rosero-Mora",NA,NA,NA,75.85986793837074,24.1
G-MB-S-MF_12,MB-S-MF_12,G-MB-S-MF,Gaica,Gaica mbd,2014-03-22,13-14,2014,3,22,81,9,10:13:00,00:00:00,1,4,1,Early,1,1,"Ronald Fernandez-Gomez, Yuri Rosero-Mora",NA,NA,NA,73.95176297747213,22
G-MB-S-MF_12,MB-S-MF_12,G-MB-S-MF,Gaica,Gaica mbd,2014-03-23,13-14,2014,3,23,82,10,09:32:00,00:00:00,1,4,2,Early,2,1,"Ronald Fernandez-Gomez, Yuri Rosero-Mora",NA,NA,NA,73.95176297747213,22
G-MB-S-MF_12,MB-S-MF_12,G-MB-S-MF,Gaica,Gaica mbd,2014-03-24,13-14,2014,3,24,83,11,09:00:00,00:00:00,1,4,3,Early,3,1,"Ronald Fernandez-Gomez, Yuri Rosero-Mora",NA,NA,NA,73.95176297747213,22
G-MB-S-MF_12,MB-S-MF_12,G-MB-S-MF,Gaica,Gaica mbd,2014-03-25,13-14,2014,3,25,84,12,09:32:00,00:00:00,1,4,4,Early,4,1,"Ronald Fernandez-Gomez, Yuri Rosero-Mora",NA,NA,NA,73.95176297747213,22
U-MB-M-A_01,MB-M-A_01,U-MB-M-A,Unillanos,Unillanos mbd,2019-11-17,19,2019,11,17,321,8,05:43:00,00:00:00,3,4,1,Early,1,1,"Alvaro Velasquez-Suarez, Evelyn Alvarez-Daza",NA,Despejado,NA,18.61917606669971,9.7
U-MB-M-A_01,MB-M-A_01,U-MB-M-A,Unillanos,Unillanos mbd,2019-11-18,19,2019,11,18,322,9,06:08:00,00:00:00,3,4,2,Early,2,1,Sergio Montoya-Arango,NA,Nublado,NA,18.61917606669971,9.7
U-MB-M-A_01,MB-M-A_01,U-MB-M-A,Unillanos,Unillanos mbd,2019-11-19,19,2019,11,19,323,10,06:33:00,00:00:00,3,4,3,Early,3,1,"Alvaro Velasquez-Suarez, Evelyn Alvarez-Daza",NA,Nublado,NA,18.61917606669971,9.7
U-MB-M-A_01,MB-M-A_01,U-MB-M-A,Unillanos,Unillanos mbd,2019-11-20,19,2019,11,20,324,11,06:26:00,00:00:00,3,4,4,Early,4,1,Sergio Montoya-Arango,NA,Nublado,NA,18.61917606669971,9.7
U-MB-M-A_02,MB-M-A_02,U-MB-M-A,Unillanos,Unillanos mbd,2019-11-17,19,2019,11,17,321,8,05:50:00,00:00:00,3,4,1,Early,1,1,Sergio Montoya-Arango,NA,Despejado,NA,24.060969637611063,0
U-MB-M-A_02,MB-M-A_02,U-MB-M-A,Unillanos,Unillanos mbd,2019-11-18,19,2019,11,18,322,9,06:07:00,00:00:00,3,4,2,Early,2,1,"Alvaro Velasquez-Suarez, Evelyn Alvarez-Daza",NA,Nublado,NA,24.060969637611063,0
U-MB-M-A_02,MB-M-A_02,U-MB-M-A,Unillanos,Unillanos mbd,2019-11-19,19,2019,11,19,323,10,06:34:00,00:00:00,3,4,3,Early,3,1,Sergio Montoya-Arango,NA,Nublado,NA,24.060969637611063,0
U-MB-M-A_02,MB-M-A_02,U-MB-M-A,Unillanos,Unillanos mbd,2019-11-20,19,2019,11,20,324,11,06:30:00,00:00:00,3,4,4,Early,4,1,"Alvaro Velasquez-Suarez, Evelyn Alvarez-Daza",NA,Llovizna,NA,24.060969637611063,0
U-MB-M-A_03,MB-M-A_03,U-MB-M-A,Unillanos,Unillanos mbd,2019-11-17,19,2019,11,17,321,8,06:04:00,00:00:00,3,4,1,Early,1,1,Sergio Montoya-Arango,NA,NA,NA,28.956478977133564,0
U-MB-M-A_03,MB-M-A_03,U-MB-M-A,Unillanos,Unillanos mbd,2019-11-18,19,2019,11,18,322,9,06:26:00,00:00:00,3,4,2,Early,2,1,"Alvaro Velasquez-Suarez, Evelyn Alvarez-Daza",NA,Nublado,NA,28.956478977133564,0
U-MB-M-A_03,MB-M-A_03,U-MB-M-A,Unillanos,Unillanos mbd,2019-11-19,19,2019,11,19,323,10,06:49:00,00:00:00,3,4,3,Early,3,1,Sergio Montoya-Arango,NA,Nublado,NA,28.956478977133564,0
U-MB-M-A_03,MB-M-A_03,U-MB-M-A,Unillanos,Unillanos mbd,2019-11-21,19,2019,11,21,325,12,06:01:00,00:00:00,3,4,4,Early,4,1,"Alvaro Velasquez-Suarez, Evelyn Alvarez-Daza",NA,Despejado,NA,28.956478977133564,0
U-MB-M-A_04,MB-M-A_04,U-MB-M-A,Unillanos,Unillanos mbd,2019-11-17,19,2019,11,17,321,8,06:19:00,00:00:00,3,4,1,Early,1,1,Sergio Montoya-Arango,NA,Despejado,NA,25.985738873863077,15.3
U-MB-M-A_04,MB-M-A_04,U-MB-M-A,Unillanos,Unillanos mbd,2019-11-18,19,2019,11,18,322,9,06:45:00,00:00:00,3,4,2,Early,2,1,"Alvaro Velasquez-Suarez, Evelyn Alvarez-Daza",NA,Nublado,NA,25.985738873863077,15.3
U-MB-M-A_04,MB-M-A_04,U-MB-M-A,Unillanos,Unillanos mbd,2019-11-19,19,2019,11,19,323,10,07:04:00,00:00:00,3,4,3,Early,3,1,Sergio Montoya-Arango,NA,Nublado,NA,25.985738873863077,15.3
U-MB-M-A_04,MB-M-A_04,U-MB-M-A,Unillanos,Unillanos mbd,2019-11-21,19,2019,11,21,325,12,06:18:00,00:00:00,3,4,4,Early,4,1,"Alvaro Velasquez-Suarez, Evelyn Alvarez-Daza",NA,Despejado,NA,25.985738873863077,15.3
U-MB-M-A_05,MB-M-A_05,U-MB-M-A,Unillanos,Unillanos mbd,2019-11-17,19,2019,11,17,321,8,06:37:00,00:00:00,3,4,1,Early,1,1,Sergio Montoya-Arango,NA,Despejado,NA,19.384445534837933,0
U-MB-M-A_05,MB-M-A_05,U-MB-M-A,Unillanos,Unillanos mbd,2019-11-18,19,2019,11,18,322,9,07:16:00,00:00:00,3,4,2,Early,2,1,"Alvaro Velasquez-Suarez, Evelyn Alvarez-Daza",NA,Nublado,NA,19.384445534837933,0
U-MB-M-A_05,MB-M-A_05,U-MB-M-A,Unillanos,Unillanos mbd,2019-11-19,19,2019,11,19,323,10,07:20:00,00:00:00,3,4,3,Early,3,1,Sergio Montoya-Arango,NA,Nublado,NA,19.384445534837933,0
U-MB-M-A_05,MB-M-A_05,U-MB-M-A,Unillanos,Unillanos mbd,2019-11-21,19,2019,11,21,325,12,06:39:00,00:00:00,3,4,4,Early,4,1,"Alvaro Velasquez-Suarez, Evelyn Alvarez-Daza",NA,Despejado,NA,19.384445534837933,0
U-MB-M-A_06,MB-M-A_06,U-MB-M-A,Unillanos,Unillanos mbd,2019-11-17,19,2019,11,17,321,8,06:56:00,00:00:00,3,4,1,Early,1,1,Sergio Montoya-Arango,NA,Despejado,NA,15.301128003923504,0
U-MB-M-A_06,MB-M-A_06,U-MB-M-A,Unillanos,Unillanos mbd,2019-11-18,19,2019,11,18,322,9,07:52:00,00:00:00,3,4,2,Early,2,1,"Alvaro Velasquez-Suarez, Evelyn Alvarez-Daza",NA,Llovizna,NA,15.301128003923504,0
U-MB-M-A_06,MB-M-A_06,U-MB-M-A,Unillanos,Unillanos mbd,2019-11-19,19,2019,11,19,323,10,07:38:00,00:00:00,3,4,3,Early,3,1,Sergio Montoya-Arango,NA,Nublado,NA,15.301128003923504,0
U-MB-M-A_06,MB-M-A_06,U-MB-M-A,Unillanos,Unillanos mbd,2019-11-21,19,2019,11,21,325,12,06:59:00,00:00:00,3,4,4,Early,4,1,"Alvaro Velasquez-Suarez, Evelyn Alvarez-Daza",NA,Llovizna,NA,15.301128003923504,0
U-MB-M-A_07,MB-M-A_07,U-MB-M-A,Unillanos,Unillanos mbd,2019-11-17,19,2019,11,17,321,8,07:13:00,00:00:00,3,4,1,Early,1,1,Sergio Montoya-Arango,NA,Despejado,NA,18.667568232112348,0
U-MB-M-A_07,MB-M-A_07,U-MB-M-A,Unillanos,Unillanos mbd,2019-11-18,19,2019,11,18,322,9,08:16:00,00:00:00,3,4,2,Early,2,1,"Alvaro Velasquez-Suarez, Evelyn Alvarez-Daza",NA,Nublado,NA,18.667568232112348,0
U-MB-M-A_07,MB-M-A_07,U-MB-M-A,Unillanos,Unillanos mbd,2019-11-19,19,2019,11,19,323,10,08:02:00,00:00:00,3,4,4,Early,3,0,NA,NA,NA,NA,18.667568232112348,0
U-MB-M-A_07,MB-M-A_07,U-MB-M-A,Unillanos,Unillanos mbd,2019-11-21,19,2019,11,21,325,12,07:32:00,00:00:00,3,4,3,Early,4,1,"Alvaro Velasquez-Suarez, Evelyn Alvarez-Daza",NA,Llovizna,NA,18.667568232112348,0
U-MB-M-A_08,MB-M-A_08,U-MB-M-A,Unillanos,Unillanos mbd,2019-11-17,19,2019,11,17,321,8,07:28:00,00:00:00,3,4,1,Early,1,1,Sergio Montoya-Arango,NA,Despejado,NA,19.762091824208856,0
U-MB-M-A_08,MB-M-A_08,U-MB-M-A,Unillanos,Unillanos mbd,2019-11-18,19,2019,11,18,322,9,08:37:00,00:00:00,3,4,2,Early,2,1,"Alvaro Velasquez-Suarez, Evelyn Alvarez-Daza",NA,Nublado,NA,19.762091824208856,0
U-MB-M-A_08,MB-M-A_08,U-MB-M-A,Unillanos,Unillanos mbd,2019-11-19,19,2019,11,19,323,10,08:11:00,00:00:00,3,4,3,Early,3,1,Sergio Montoya-Arango,NA,Nublado,NA,19.762091824208856,0
U-MB-M-A_08,MB-M-A_08,U-MB-M-A,Unillanos,Unillanos mbd,2019-11-21,19,2019,11,21,325,12,07:47:00,00:00:00,3,4,4,Early,4,1,"Alvaro Velasquez-Suarez, Evelyn Alvarez-Daza",NA,Nublado,NA,19.762091824208856,0
U-MB-M-A_09,MB-M-A_09,U-MB-M-A,Unillanos,Unillanos mbd,2019-11-17,19,2019,11,17,321,8,09:23:00,00:00:00,3,4,1,Early,1,1,Sergio Montoya-Arango,NA,Despejado,NA,22.671740731647724,10.8
U-MB-M-A_09,MB-M-A_09,U-MB-M-A,Unillanos,Unillanos mbd,2019-11-18,19,2019,11,18,322,9,08:57:00,00:00:00,3,4,2,Early,2,1,"Alvaro Velasquez-Suarez, Evelyn Alvarez-Daza",NA,Llovizna,NA,22.671740731647724,10.8
U-MB-M-A_09,MB-M-A_09,U-MB-M-A,Unillanos,Unillanos mbd,2019-11-19,19,2019,11,19,323,10,08:44:00,00:00:00,3,4,3,Early,3,1,Sergio Montoya-Arango,NA,Nublado,NA,22.671740731647724,10.8
U-MB-M-A_09,MB-M-A_09,U-MB-M-A,Unillanos,Unillanos mbd,2019-11-21,19,2019,11,21,325,12,08:05:00,00:00:00,3,4,4,Early,4,1,"Alvaro Velasquez-Suarez, Evelyn Alvarez-Daza",NA,Nublado,NA,22.671740731647724,10.8
U-MB-M-A_10,MB-M-A_10,U-MB-M-A,Unillanos,Unillanos mbd,2019-11-17,19,2019,11,17,321,8,09:04:00,00:00:00,3,4,1,Early,1,1,Sergio Montoya-Arango,NA,Despejado,NA,24.825649828346776,23.2
U-MB-M-A_10,MB-M-A_10,U-MB-M-A,Unillanos,Unillanos mbd,2019-11-18,19,2019,11,18,322,9,09:18:00,00:00:00,3,4,2,Early,2,1,"Alvaro Velasquez-Suarez, Evelyn Alvarez-Daza",NA,Llovizna,NA,24.825649828346776,23.2
U-MB-M-A_10,MB-M-A_10,U-MB-M-A,Unillanos,Unillanos mbd,2019-11-19,19,2019,11,19,323,10,09:08:00,00:00:00,3,4,3,Early,3,1,Sergio Montoya-Arango,NA,Despejado,NA,24.825649828346776,23.2
U-MB-M-A_10,MB-M-A_10,U-MB-M-A,Unillanos,Unillanos mbd,2019-11-21,19,2019,11,21,325,12,08:43:00,00:00:00,3,4,4,Early,4,1,"Alvaro Velasquez-Suarez, Evelyn Alvarez-Daza",NA,NA,NA,24.825649828346776,23.2
U-MB-M-A_13,MB-M-A_13,U-MB-M-A,Unillanos,Unillanos mbd,2019-11-17,19,2019,11,17,321,8,09:17:00,00:00:00,3,4,1,Early,1,1,"Alvaro Velasquez-Suarez, Evelyn Alvarez-Daza",NA,NA,NA,23.227932136710407,0
U-MB-M-A_13,MB-M-A_13,U-MB-M-A,Unillanos,Unillanos mbd,2019-11-18,19,2019,11,18,322,9,08:42:00,00:00:00,3,4,2,Early,2,1,Sergio Montoya-Arango,NA,Nublado,NA,23.227932136710407,0
U-MB-M-A_13,MB-M-A_13,U-MB-M-A,Unillanos,Unillanos mbd,2019-11-19,19,2019,11,19,323,10,07:57:00,00:00:00,3,4,3,Early,3,1,"Alvaro Velasquez-Suarez, Evelyn Alvarez-Daza",NA,Nublado,NA,23.227932136710407,0
U-MB-M-A_13,MB-M-A_13,U-MB-M-A,Unillanos,Unillanos mbd,2019-11-21,19,2019,11,21,325,12,08:38:00,00:00:00,3,4,4,Early,4,1,Sergio Montoya-Arango,NA,Nublado,NA,23.227932136710407,0
U-MB-M-A_14,MB-M-A_14,U-MB-M-A,Unillanos,Unillanos mbd,2019-11-18,19,2019,11,18,322,9,09:20:00,00:00:00,3,4,1,Early,1,1,Sergio Montoya-Arango,NA,Llovizna,NA,18.91210410017212,0
U-MB-M-A_14,MB-M-A_14,U-MB-M-A,Unillanos,Unillanos mbd,2019-11-19,19,2019,11,19,323,10,07:32:00,00:00:00,3,4,2,Early,2,1,"Alvaro Velasquez-Suarez, Evelyn Alvarez-Daza",NA,Nublado,NA,18.91210410017212,0
U-MB-M-A_14,MB-M-A_14,U-MB-M-A,Unillanos,Unillanos mbd,2019-11-20,19,2019,11,20,324,11,07:27:17,00:00:00,3,4,4,Early,3,0,NA,NA,NA,NA,18.91210410017212,0
U-MB-M-A_14,MB-M-A_14,U-MB-M-A,Unillanos,Unillanos mbd,2019-11-21,19,2019,11,21,325,12,08:55:00,00:00:00,3,4,3,Early,4,1,Sergio Montoya-Arango,NA,Nublado,NA,18.91210410017212,0
U-MB-M-A_15,MB-M-A_15,U-MB-M-A,Unillanos,Unillanos mbd,2019-11-18,19,2019,11,18,322,9,09:35:00,00:00:00,3,4,1,Early,1,1,Sergio Montoya-Arango,NA,Nublado,NA,15.858964925190085,0
U-MB-M-A_15,MB-M-A_15,U-MB-M-A,Unillanos,Unillanos mbd,2019-11-19,19,2019,11,19,323,10,07:14:00,00:00:00,3,4,2,Early,2,1,"Alvaro Velasquez-Suarez, Evelyn Alvarez-Daza",NA,Nublado,NA,15.858964925190085,0
U-MB-M-A_15,MB-M-A_15,U-MB-M-A,Unillanos,Unillanos mbd,2019-11-20,19,2019,11,20,324,11,07:27:17,00:00:00,3,4,4,Early,3,0,NA,NA,NA,NA,15.858964925190085,0
U-MB-M-A_15,MB-M-A_15,U-MB-M-A,Unillanos,Unillanos mbd,2019-11-21,19,2019,11,21,325,12,09:08:00,00:00:00,3,4,3,Early,4,1,Sergio Montoya-Arango,NA,Nublado,NA,15.858964925190085,0
U-MB-M-A_16,MB-M-A_16,U-MB-M-A,Unillanos,Unillanos mbd,2019-11-17,19,2019,11,17,321,8,06:15:00,00:00:00,3,4,1,Early,1,1,"Alvaro Velasquez-Suarez, Evelyn Alvarez-Daza",NA,Despejado,NA,16.28403237674806,16.3
U-MB-M-A_16,MB-M-A_16,U-MB-M-A,Unillanos,Unillanos mbd,2019-11-18,19,2019,11,18,322,9,06:28:00,00:00:00,3,4,2,Early,2,1,Sergio Montoya-Arango,NA,Nublado,NA,16.28403237674806,16.3
U-MB-M-A_16,MB-M-A_16,U-MB-M-A,Unillanos,Unillanos mbd,2019-11-20,19,2019,11,20,324,11,07:30:00,00:00:00,3,4,3,Early,3,1,"Alvaro Velasquez-Suarez, Evelyn Alvarez-Daza",NA,Llovizna,NA,16.28403237674806,16.3
U-MB-M-A_16,MB-M-A_16,U-MB-M-A,Unillanos,Unillanos mbd,2019-11-21,19,2019,11,21,325,12,05:52:00,00:00:00,3,4,4,Early,4,1,Sergio Montoya-Arango,NA,Despejado,NA,16.28403237674806,16.3
U-MB-M-A_17,MB-M-A_17,U-MB-M-A,Unillanos,Unillanos mbd,2019-11-17,19,2019,11,17,321,8,06:40:00,00:00:00,3,4,1,Early,1,1,"Alvaro Velasquez-Suarez, Evelyn Alvarez-Daza",NA,Despejado,NA,16.297012732614967,0
U-MB-M-A_17,MB-M-A_17,U-MB-M-A,Unillanos,Unillanos mbd,2019-11-18,19,2019,11,18,322,9,06:45:00,00:00:00,3,4,2,Early,2,1,Sergio Montoya-Arango,NA,Nublado,NA,16.297012732614967,0
U-MB-M-A_17,MB-M-A_17,U-MB-M-A,Unillanos,Unillanos mbd,2019-11-20,19,2019,11,20,324,11,07:50:00,00:00:00,3,4,3,Early,3,1,"Alvaro Velasquez-Suarez, Evelyn Alvarez-Daza",NA,Nublado,NA,16.297012732614967,0
U-MB-M-A_17,MB-M-A_17,U-MB-M-A,Unillanos,Unillanos mbd,2019-11-21,19,2019,11,21,325,12,06:08:00,00:00:00,3,4,4,Early,4,1,Sergio Montoya-Arango,NA,Despejado,NA,16.297012732614967,0
U-MB-M-A_18,MB-M-A_18,U-MB-M-A,Unillanos,Unillanos mbd,2019-11-17,19,2019,11,17,321,8,07:29:00,00:00:00,3,4,1,Early,1,1,"Alvaro Velasquez-Suarez, Evelyn Alvarez-Daza",NA,Despejado,NA,13.251782640766905,17.9
U-MB-M-A_18,MB-M-A_18,U-MB-M-A,Unillanos,Unillanos mbd,2019-11-18,19,2019,11,18,322,9,07:02:00,00:00:00,3,4,2,Early,2,1,Sergio Montoya-Arango,NA,Nublado,NA,13.251782640766905,17.9
U-MB-M-A_18,MB-M-A_18,U-MB-M-A,Unillanos,Unillanos mbd,2019-11-20,19,2019,11,20,324,11,08:12:00,00:00:00,3,4,3,Early,3,1,"Alvaro Velasquez-Suarez, Evelyn Alvarez-Daza",NA,Nublado,NA,13.251782640766905,17.9
U-MB-M-A_18,MB-M-A_18,U-MB-M-A,Unillanos,Unillanos mbd,2019-11-21,19,2019,11,21,325,12,06:32:00,00:00:00,3,4,4,Early,4,1,Sergio Montoya-Arango,NA,NA,NA,13.251782640766905,17.9
U-MB-M-A_19,MB-M-A_19,U-MB-M-A,Unillanos,Unillanos mbd,2019-11-17,19,2019,11,17,321,8,07:01:00,00:00:00,3,4,1,Early,1,1,"Alvaro Velasquez-Suarez, Evelyn Alvarez-Daza",NA,Despejado,NA,13.04573395623328,8.8
U-MB-M-A_19,MB-M-A_19,U-MB-M-A,Unillanos,Unillanos mbd,2019-11-18,19,2019,11,18,322,9,07:18:00,00:00:00,3,4,2,Early,2,1,Sergio Montoya-Arango,NA,Nublado,NA,13.04573395623328,8.8
U-MB-M-A_19,MB-M-A_19,U-MB-M-A,Unillanos,Unillanos mbd,2019-11-20,19,2019,11,20,324,11,08:31:00,00:00:00,3,4,3,Early,3,1,"Alvaro Velasquez-Suarez, Evelyn Alvarez-Daza",NA,Despejado,NA,13.04573395623328,8.8
U-MB-M-A_19,MB-M-A_19,U-MB-M-A,Unillanos,Unillanos mbd,2019-11-21,19,2019,11,21,325,12,06:49:00,00:00:00,3,4,4,Early,4,1,Sergio Montoya-Arango,NA,Nublado,NA,13.04573395623328,8.8
U-MB-M-A_20,MB-M-A_20,U-MB-M-A,Unillanos,Unillanos mbd,2019-11-17,19,2019,11,17,321,8,07:59:00,00:00:00,3,4,1,Early,1,1,"Alvaro Velasquez-Suarez, Evelyn Alvarez-Daza",NA,Despejado,NA,15.688267059401214,9.6
U-MB-M-A_20,MB-M-A_20,U-MB-M-A,Unillanos,Unillanos mbd,2019-11-18,19,2019,11,18,322,9,07:47:00,00:00:00,3,4,2,Early,2,1,Sergio Montoya-Arango,NA,Nublado,NA,15.688267059401214,9.6
U-MB-M-A_20,MB-M-A_20,U-MB-M-A,Unillanos,Unillanos mbd,2019-11-19,19,2019,11,19,323,10,09:15:00,00:00:00,3,4,3,Early,3,1,"Alvaro Velasquez-Suarez, Evelyn Alvarez-Daza",NA,Despejado,NA,15.688267059401214,9.6
U-MB-M-A_20,MB-M-A_20,U-MB-M-A,Unillanos,Unillanos mbd,2019-11-21,19,2019,11,21,325,12,07:49:00,00:00:00,3,4,4,Early,4,1,Sergio Montoya-Arango,NA,Brisa,NA,15.688267059401214,9.6
U-MB-M-A_21,MB-M-A_21,U-MB-M-A,Unillanos,Unillanos mbd,2019-11-17,19,2019,11,17,321,8,08:56:00,00:00:00,3,4,1,Early,1,1,"Alvaro Velasquez-Suarez, Evelyn Alvarez-Daza",NA,Despejado,NA,22.519372241294523,0
U-MB-M-A_21,MB-M-A_21,U-MB-M-A,Unillanos,Unillanos mbd,2019-11-18,19,2019,11,18,322,9,08:07:00,00:00:00,3,4,2,Early,2,1,Sergio Montoya-Arango,NA,Nublado,NA,22.519372241294523,0
U-MB-M-A_21,MB-M-A_21,U-MB-M-A,Unillanos,Unillanos mbd,2019-11-19,19,2019,11,19,323,10,08:14:00,00:00:00,3,4,3,Early,3,1,"Alvaro Velasquez-Suarez, Evelyn Alvarez-Daza",NA,Despejado,NA,22.519372241294523,0
U-MB-M-A_21,MB-M-A_21,U-MB-M-A,Unillanos,Unillanos mbd,2019-11-21,19,2019,11,21,325,12,08:07:00,00:00:00,3,4,4,Early,4,1,Sergio Montoya-Arango,NA,Nublado,NA,22.519372241294523,0
U-MB-M-A_22,MB-M-A_22,U-MB-M-A,Unillanos,Unillanos mbd,2019-11-17,19,2019,11,17,321,8,08:28:00,00:00:00,3,4,1,Early,1,1,"Alvaro Velasquez-Suarez, Evelyn Alvarez-Daza",NA,Despejado,NA,23.450220696419667,0
U-MB-M-A_22,MB-M-A_22,U-MB-M-A,Unillanos,Unillanos mbd,2019-11-18,19,2019,11,18,322,9,08:21:00,00:00:00,3,4,2,Early,2,1,Sergio Montoya-Arango,NA,Nublado,NA,23.450220696419667,0
U-MB-M-A_22,MB-M-A_22,U-MB-M-A,Unillanos,Unillanos mbd,2019-11-19,19,2019,11,19,323,10,08:45:00,00:00:00,3,4,3,Early,3,1,"Alvaro Velasquez-Suarez, Evelyn Alvarez-Daza",NA,NA,NA,23.450220696419667,0
U-MB-M-A_22,MB-M-A_22,U-MB-M-A,Unillanos,Unillanos mbd,2019-11-21,19,2019,11,21,325,12,08:22:00,00:00:00,3,4,4,Early,4,1,Sergio Montoya-Arango,NA,Nublado,NA,23.450220696419667,0
U-MB-M-A_23,MB-M-A_23,U-MB-M-A,Unillanos,Unillanos mbd,2019-11-17,19,2019,11,17,321,8,08:25:00,00:00:00,3,4,1,Early,1,1,Sergio Montoya-Arango,NA,NA,NA,24.173614516920257,0
U-MB-M-A_23,MB-M-A_23,U-MB-M-A,Unillanos,Unillanos mbd,2019-11-18,19,2019,11,18,322,9,09:54:00,00:00:00,3,4,2,Early,2,1,"Alvaro Velasquez-Suarez, Evelyn Alvarez-Daza",NA,Despejado,NA,24.173614516920257,0
U-MB-M-A_23,MB-M-A_23,U-MB-M-A,Unillanos,Unillanos mbd,2019-11-19,19,2019,11,19,323,10,09:44:00,00:00:00,3,4,3,Early,3,1,Sergio Montoya-Arango,NA,Nublado,NA,24.173614516920257,0
U-MB-M-A_23,MB-M-A_23,U-MB-M-A,Unillanos,Unillanos mbd,2019-11-21,19,2019,11,21,325,12,09:15:00,00:00:00,3,4,4,Early,4,1,"Alvaro Velasquez-Suarez, Evelyn Alvarez-Daza",NA,Despejado,NA,24.173614516920257,0
U-MB-M-A_24,MB-M-A_24,U-MB-M-A,Unillanos,Unillanos mbd,2019-11-17,19,2019,11,17,321,8,08:42:00,00:00:00,3,4,1,Early,1,1,Sergio Montoya-Arango,NA,Despejado,NA,24.69666503187794,0
U-MB-M-A_24,MB-M-A_24,U-MB-M-A,Unillanos,Unillanos mbd,2019-11-18,19,2019,11,18,322,9,09:38:00,00:00:00,3,4,2,Early,2,1,"Alvaro Velasquez-Suarez, Evelyn Alvarez-Daza",NA,Nublado,NA,24.69666503187794,0
U-MB-M-A_24,MB-M-A_24,U-MB-M-A,Unillanos,Unillanos mbd,2019-11-19,19,2019,11,19,323,10,09:28:00,00:00:00,3,4,3,Early,3,1,Sergio Montoya-Arango,NA,Despejado,NA,24.69666503187794,0
U-MB-M-A_24,MB-M-A_24,U-MB-M-A,Unillanos,Unillanos mbd,2019-11-21,19,2019,11,21,325,12,09:02:00,00:00:00,3,4,4,Early,4,1,"Alvaro Velasquez-Suarez, Evelyn Alvarez-Daza",NA,Despejado,NA,24.69666503187794,0
U-MB-M-A_25,MB-M-A_25,U-MB-M-A,Unillanos,Unillanos mbd,2019-11-17,19,2019,11,17,321,8,07:46:00,00:00:00,3,4,1,Early,1,1,Sergio Montoya-Arango,NA,Despejado,NA,22.559862610401783,0
U-MB-M-A_25,MB-M-A_25,U-MB-M-A,Unillanos,Unillanos mbd,2019-11-18,19,2019,11,18,322,9,10:15:00,00:00:00,3,4,2,Early,2,1,"Alvaro Velasquez-Suarez, Evelyn Alvarez-Daza",NA,Despejado,NA,22.559862610401783,0
U-MB-M-A_25,MB-M-A_25,U-MB-M-A,Unillanos,Unillanos mbd,2019-11-19,19,2019,11,19,323,10,08:26:00,00:00:00,3,4,3,Early,3,1,Sergio Montoya-Arango,NA,Nublado,NA,22.559862610401783,0
U-MB-M-A_25,MB-M-A_25,U-MB-M-A,Unillanos,Unillanos mbd,2019-11-21,19,2019,11,21,325,12,09:44:00,00:00:00,3,4,4,Early,4,1,"Alvaro Velasquez-Suarez, Evelyn Alvarez-Daza",NA,NA,NA,22.559862610401783,0
U-MB-M-A_26,MB-M-A_26,U-MB-M-A,Unillanos,Unillanos mbd,2019-11-17,19,2019,11,17,321,8,10:24:00,00:00:00,3,4,1,Early,1,1,"Alvaro Velasquez-Suarez, Evelyn Alvarez-Daza",NA,Despejado,NA,14.28725754971752,0
U-MB-M-A_26,MB-M-A_26,U-MB-M-A,Unillanos,Unillanos mbd,2019-11-18,19,2019,11,18,322,9,09:49:00,00:00:00,3,4,2,Early,2,1,Sergio Montoya-Arango,NA,Nublado,NA,14.28725754971752,0
U-MB-M-A_26,MB-M-A_26,U-MB-M-A,Unillanos,Unillanos mbd,2019-11-20,19,2019,11,20,324,11,07:12:00,00:00:00,3,4,3,Early,3,1,"Alvaro Velasquez-Suarez, Evelyn Alvarez-Daza",NA,Nublado,NA,14.28725754971752,0
U-MB-M-A_26,MB-M-A_26,U-MB-M-A,Unillanos,Unillanos mbd,2019-11-21,19,2019,11,21,325,12,09:26:00,00:00:00,3,4,4,Early,4,1,Sergio Montoya-Arango,NA,Nublado,NA,14.28725754971752,0
U-MB-M-EPO3_01,MB-M-EPO3_01,U-MB-M-EPO3,Unillanos,Unillanos mbd,2019-11-10,19,2019,11,10,314,1,05:43:00,00:00:00,3,4,1,Early,1,1,"Alvaro Velasquez-Suarez, Evelyn Alvarez-Daza",NA,Despejado,NA,32.716879293424874,8.3
U-MB-M-EPO3_01,MB-M-EPO3_01,U-MB-M-EPO3,Unillanos,Unillanos mbd,2019-11-11,19,2019,11,11,315,2,08:20:00,00:00:00,3,4,2,Early,2,1,"Alvaro Velasquez-Suarez, Evelyn Alvarez-Daza",NA,NA,NA,32.716879293424874,8.3
U-MB-M-EPO3_01,MB-M-EPO3_01,U-MB-M-EPO3,Unillanos,Unillanos mbd,2019-11-12,19,2019,11,12,316,3,05:36:00,00:00:00,3,4,3,Early,3,1,"Alvaro Velasquez-Suarez, Evelyn Alvarez-Daza",NA,NA,NA,32.716879293424874,8.3
U-MB-M-EPO3_01,MB-M-EPO3_01,U-MB-M-EPO3,Unillanos,Unillanos mbd,2019-11-13,19,2019,11,13,317,4,07:38:00,00:00:00,3,4,4,Early,4,1,"Alvaro Velasquez-Suarez, Evelyn Alvarez-Daza",NA,Nublado,NA,32.716879293424874,8.3
U-MB-M-EPO3_02,MB-M-EPO3_02,U-MB-M-EPO3,Unillanos,Unillanos mbd,2019-11-10,19,2019,11,10,314,1,06:10:00,00:00:00,3,4,1,Early,1,1,"Alvaro Velasquez-Suarez, Evelyn Alvarez-Daza",NA,NA,NA,29.922001471670427,24
U-MB-M-EPO3_02,MB-M-EPO3_02,U-MB-M-EPO3,Unillanos,Unillanos mbd,2019-11-11,19,2019,11,11,315,2,07:54:00,00:00:00,3,4,2,Early,2,1,"Alvaro Velasquez-Suarez, Evelyn Alvarez-Daza",NA,NA,NA,29.922001471670427,24
U-MB-M-EPO3_02,MB-M-EPO3_02,U-MB-M-EPO3,Unillanos,Unillanos mbd,2019-11-12,19,2019,11,12,316,3,06:00:00,00:00:00,3,4,3,Early,3,1,"Alvaro Velasquez-Suarez, Evelyn Alvarez-Daza",NA,NA,NA,29.922001471670427,24
U-MB-M-EPO3_02,MB-M-EPO3_02,U-MB-M-EPO3,Unillanos,Unillanos mbd,2019-11-13,19,2019,11,13,317,4,07:17:00,00:00:00,3,4,4,Early,4,1,"Alvaro Velasquez-Suarez, Evelyn Alvarez-Daza",NA,NA,NA,29.922001471670427,24
U-MB-M-EPO3_03,MB-M-EPO3_03,U-MB-M-EPO3,Unillanos,Unillanos mbd,2019-11-10,19,2019,11,10,314,1,06:35:00,00:00:00,3,4,1,Early,1,1,"Alvaro Velasquez-Suarez, Evelyn Alvarez-Daza",NA,Despejado,NA,28,17
U-MB-M-EPO3_03,MB-M-EPO3_03,U-MB-M-EPO3,Unillanos,Unillanos mbd,2019-11-11,19,2019,11,11,315,2,07:25:00,00:00:00,3,4,2,Early,2,1,"Alvaro Velasquez-Suarez, Evelyn Alvarez-Daza",NA,NA,NA,28,17
U-MB-M-EPO3_03,MB-M-EPO3_03,U-MB-M-EPO3,Unillanos,Unillanos mbd,2019-11-12,19,2019,11,12,316,3,06:22:00,00:00:00,3,4,3,Early,3,1,"Alvaro Velasquez-Suarez, Evelyn Alvarez-Daza",NA,Nublado,NA,28,17
U-MB-M-EPO3_03,MB-M-EPO3_03,U-MB-M-EPO3,Unillanos,Unillanos mbd,2019-11-13,19,2019,11,13,317,4,06:53:00,00:00:00,3,4,4,Early,4,1,"Alvaro Velasquez-Suarez, Evelyn Alvarez-Daza",NA,NA,NA,28,17
U-MB-M-EPO3_04,MB-M-EPO3_04,U-MB-M-EPO3,Unillanos,Unillanos mbd,2019-11-10,19,2019,11,10,314,1,07:05:00,00:00:00,3,4,1,Early,1,1,"Alvaro Velasquez-Suarez, Evelyn Alvarez-Daza",NA,NA,NA,27.921852033316995,8.3
U-MB-M-EPO3_04,MB-M-EPO3_04,U-MB-M-EPO3,Unillanos,Unillanos mbd,2019-11-11,19,2019,11,11,315,2,06:57:00,00:00:00,3,4,2,Early,2,1,"Alvaro Velasquez-Suarez, Evelyn Alvarez-Daza",NA,NA,NA,27.921852033316995,8.3
U-MB-M-EPO3_04,MB-M-EPO3_04,U-MB-M-EPO3,Unillanos,Unillanos mbd,2019-11-12,19,2019,11,12,316,3,06:52:00,00:00:00,3,4,3,Early,3,1,"Alvaro Velasquez-Suarez, Evelyn Alvarez-Daza",NA,Llovizna,NA,27.921852033316995,8.3
U-MB-M-EPO3_04,MB-M-EPO3_04,U-MB-M-EPO3,Unillanos,Unillanos mbd,2019-11-13,19,2019,11,13,317,4,06:24:00,00:00:00,3,4,4,Early,4,1,"Alvaro Velasquez-Suarez, Evelyn Alvarez-Daza",NA,NA,NA,27.921852033316995,8.3
U-MB-M-EPO3_05,MB-M-EPO3_05,U-MB-M-EPO3,Unillanos,Unillanos mbd,2019-11-10,19,2019,11,10,314,1,07:25:00,00:00:00,3,4,1,Early,1,1,"Alvaro Velasquez-Suarez, Evelyn Alvarez-Daza",NA,Despejado,NA,27.388766249693443,13.2
U-MB-M-EPO3_05,MB-M-EPO3_05,U-MB-M-EPO3,Unillanos,Unillanos mbd,2019-11-11,19,2019,11,11,315,2,06:25:00,00:00:00,3,4,2,Early,2,1,"Alvaro Velasquez-Suarez, Evelyn Alvarez-Daza",NA,NA,NA,27.388766249693443,13.2
U-MB-M-EPO3_05,MB-M-EPO3_05,U-MB-M-EPO3,Unillanos,Unillanos mbd,2019-11-12,19,2019,11,12,316,3,07:11:00,00:00:00,3,4,3,Early,3,1,"Alvaro Velasquez-Suarez, Evelyn Alvarez-Daza",NA,Nublado,NA,27.388766249693443,13.2
U-MB-M-EPO3_05,MB-M-EPO3_05,U-MB-M-EPO3,Unillanos,Unillanos mbd,2019-11-13,19,2019,11,13,317,4,06:04:00,00:00:00,3,4,4,Early,4,1,"Alvaro Velasquez-Suarez, Evelyn Alvarez-Daza",NA,NA,NA,27.388766249693443,13.2
U-MB-M-EPO3_06,MB-M-EPO3_06,U-MB-M-EPO3,Unillanos,Unillanos mbd,2019-11-10,19,2019,11,10,314,1,06:35:36,00:00:00,3,4,3,Early,1,0,NA,NA,NA,NA,31.38463426607741,0
U-MB-M-EPO3_06,MB-M-EPO3_06,U-MB-M-EPO3,Unillanos,Unillanos mbd,2019-11-11,19,2019,11,11,315,2,05:54:00,00:00:00,3,4,1,Early,2,1,"Alvaro Velasquez-Suarez, Evelyn Alvarez-Daza",NA,NA,NA,31.38463426607741,0
U-MB-M-EPO3_06,MB-M-EPO3_06,U-MB-M-EPO3,Unillanos,Unillanos mbd,2019-11-11,19,2019,11,11,315,2,07:09:10,00:00:00,3,4,4,Early,3,0,NA,NA,NA,NA,31.38463426607741,0
U-MB-M-EPO3_06,MB-M-EPO3_06,U-MB-M-EPO3,Unillanos,Unillanos mbd,2019-11-13,19,2019,11,13,317,4,05:45:00,00:00:00,3,4,2,Early,4,1,"Alvaro Velasquez-Suarez, Evelyn Alvarez-Daza",NA,NA,NA,31.38463426607741,0
U-MB-M-LP2_01,MB-M-LP2_01,U-MB-M-LP2,Unillanos,Unillanos mbd,2019-11-24,19,2019,11,24,328,15,05:53:00,00:00:00,3,4,1,Early,1,1,"Alvaro Velasquez-Suarez, Evelyn Alvarez-Daza",NA,Despejado,NA,28.4650135035599,0
U-MB-M-LP2_01,MB-M-LP2_01,U-MB-M-LP2,Unillanos,Unillanos mbd,2019-11-25,19,2019,11,25,329,16,06:04:00,00:00:00,3,4,2,Early,2,1,Sergio Montoya-Arango,NA,Nublado,NA,28.4650135035599,0
U-MB-M-LP2_01,MB-M-LP2_01,U-MB-M-LP2,Unillanos,Unillanos mbd,2019-11-26,19,2019,11,26,330,17,05:55:00,00:00:00,3,4,3,Early,3,1,"Alvaro Velasquez-Suarez, Evelyn Alvarez-Daza",NA,Nublado,NA,28.4650135035599,0
U-MB-M-LP2_01,MB-M-LP2_01,U-MB-M-LP2,Unillanos,Unillanos mbd,2019-11-26,19,2019,11,26,330,17,09:08:00,00:00:00,3,4,4,Early,4,1,Sergio Montoya-Arango,NA,Nublado,NA,28.4650135035599,0
U-MB-M-LP2_02,MB-M-LP2_02,U-MB-M-LP2,Unillanos,Unillanos mbd,2019-11-24,19,2019,11,24,328,15,06:23:00,00:00:00,3,4,1,Early,1,1,"Alvaro Velasquez-Suarez, Evelyn Alvarez-Daza",NA,Despejado,NA,27.931009084213017,11.5
U-MB-M-LP2_02,MB-M-LP2_02,U-MB-M-LP2,Unillanos,Unillanos mbd,2019-11-25,19,2019,11,25,329,16,06:19:00,00:00:00,3,4,2,Early,2,1,Sergio Montoya-Arango,NA,Nublado,NA,27.931009084213017,11.5
U-MB-M-LP2_02,MB-M-LP2_02,U-MB-M-LP2,Unillanos,Unillanos mbd,2019-11-26,19,2019,11,26,330,17,06:15:00,00:00:00,3,4,3,Early,3,1,"Alvaro Velasquez-Suarez, Evelyn Alvarez-Daza",NA,NA,NA,27.931009084213017,11.5
U-MB-M-LP2_02,MB-M-LP2_02,U-MB-M-LP2,Unillanos,Unillanos mbd,2019-11-26,19,2019,11,26,330,17,09:23:00,00:00:00,3,4,4,Early,4,1,Sergio Montoya-Arango,NA,Nublado,NA,27.931009084213017,11.5
U-MB-M-LP2_03,MB-M-LP2_03,U-MB-M-LP2,Unillanos,Unillanos mbd,2019-11-24,19,2019,11,24,328,15,06:45:00,00:00:00,3,4,1,Early,1,1,"Alvaro Velasquez-Suarez, Evelyn Alvarez-Daza",NA,Despejado,NA,27.316086316821945,12.9
U-MB-M-LP2_03,MB-M-LP2_03,U-MB-M-LP2,Unillanos,Unillanos mbd,2019-11-25,19,2019,11,25,329,16,06:37:00,00:00:00,3,4,2,Early,2,1,Sergio Montoya-Arango,NA,Nublado,NA,27.316086316821945,12.9
U-MB-M-LP2_03,MB-M-LP2_03,U-MB-M-LP2,Unillanos,Unillanos mbd,2019-11-26,19,2019,11,26,330,17,06:31:00,00:00:00,3,4,3,Early,3,1,"Alvaro Velasquez-Suarez, Evelyn Alvarez-Daza",NA,Despejado,NA,27.316086316821945,12.9
U-MB-M-LP2_03,MB-M-LP2_03,U-MB-M-LP2,Unillanos,Unillanos mbd,2019-11-26,19,2019,11,26,330,17,09:39:00,00:00:00,3,4,4,Early,4,1,Sergio Montoya-Arango,NA,Nublado,NA,27.316086316821945,12.9
U-MB-M-LP2_04,MB-M-LP2_04,U-MB-M-LP2,Unillanos,Unillanos mbd,2019-11-24,19,2019,11,24,328,15,07:12:00,00:00:00,3,4,1,Early,1,1,"Alvaro Velasquez-Suarez, Evelyn Alvarez-Daza",NA,Despejado,NA,25.941075374416624,11.6
U-MB-M-LP2_04,MB-M-LP2_04,U-MB-M-LP2,Unillanos,Unillanos mbd,2019-11-25,19,2019,11,25,329,16,06:52:00,00:00:00,3,4,2,Early,2,1,Sergio Montoya-Arango,NA,Nublado,NA,25.941075374416624,11.6
U-MB-M-LP2_04,MB-M-LP2_04,U-MB-M-LP2,Unillanos,Unillanos mbd,2019-11-26,19,2019,11,26,330,17,06:48:00,00:00:00,3,4,3,Early,3,1,"Alvaro Velasquez-Suarez, Evelyn Alvarez-Daza",NA,Despejado,NA,25.941075374416624,11.6
U-MB-M-LP2_04,MB-M-LP2_04,U-MB-M-LP2,Unillanos,Unillanos mbd,2019-11-26,19,2019,11,26,330,17,09:54:00,00:00:00,3,4,4,Early,4,1,Sergio Montoya-Arango,NA,Nublado,NA,25.941075374416624,11.6
U-MB-M-LP2_05,MB-M-LP2_05,U-MB-M-LP2,Unillanos,Unillanos mbd,2019-11-24,19,2019,11,24,328,15,07:29:00,00:00:00,3,4,1,Early,1,1,"Alvaro Velasquez-Suarez, Evelyn Alvarez-Daza",NA,Despejado,NA,25.644820814924213,21
U-MB-M-LP2_05,MB-M-LP2_05,U-MB-M-LP2,Unillanos,Unillanos mbd,2019-11-25,19,2019,11,25,329,16,07:20:00,00:00:00,3,4,2,Early,2,1,Sergio Montoya-Arango,NA,Nublado,NA,25.644820814924213,21
U-MB-M-LP2_05,MB-M-LP2_05,U-MB-M-LP2,Unillanos,Unillanos mbd,2019-11-26,19,2019,11,26,330,17,07:12:00,00:00:00,3,4,3,Early,3,1,"Alvaro Velasquez-Suarez, Evelyn Alvarez-Daza",NA,NA,NA,25.644820814924213,21
U-MB-M-LP2_05,MB-M-LP2_05,U-MB-M-LP2,Unillanos,Unillanos mbd,2019-11-26,19,2019,11,26,330,17,10:13:00,00:00:00,3,4,4,Early,4,1,Sergio Montoya-Arango,NA,Nublado,NA,25.644820814924213,21
U-MB-M-LP2_06,MB-M-LP2_06,U-MB-M-LP2,Unillanos,Unillanos mbd,2019-11-24,19,2019,11,24,328,15,07:51:00,00:00:00,3,4,1,Early,1,1,"Alvaro Velasquez-Suarez, Evelyn Alvarez-Daza",NA,Despejado,NA,23.055909759686138,0
U-MB-M-LP2_06,MB-M-LP2_06,U-MB-M-LP2,Unillanos,Unillanos mbd,2019-11-25,19,2019,11,25,329,16,07:40:00,00:00:00,3,4,2,Early,2,1,Sergio Montoya-Arango,NA,Nublado,NA,23.055909759686138,0
U-MB-M-LP2_06,MB-M-LP2_06,U-MB-M-LP2,Unillanos,Unillanos mbd,2019-11-26,19,2019,11,26,330,17,05:55:00,00:00:00,3,4,3,Early,3,1,Sergio Montoya-Arango,NA,Nublado,NA,23.055909759686138,0
U-MB-M-LP2_06,MB-M-LP2_06,U-MB-M-LP2,Unillanos,Unillanos mbd,2019-11-26,19,2019,11,26,330,17,07:31:00,00:00:00,3,4,4,Early,4,1,"Alvaro Velasquez-Suarez, Evelyn Alvarez-Daza",NA,Despejado,NA,23.055909759686138,0
U-MB-M-LP2_07,MB-M-LP2_07,U-MB-M-LP2,Unillanos,Unillanos mbd,2019-11-24,19,2019,11,24,328,15,07:35:00,00:00:00,3,4,1,Early,1,1,Sergio Montoya-Arango,NA,Nublado,NA,23.00220750551873,0
U-MB-M-LP2_07,MB-M-LP2_07,U-MB-M-LP2,Unillanos,Unillanos mbd,2019-11-25,19,2019,11,25,329,16,05:59:00,00:00:00,3,4,2,Early,2,1,"Alvaro Velasquez-Suarez, Evelyn Alvarez-Daza",NA,Despejado,NA,23.00220750551873,0
U-MB-M-LP2_07,MB-M-LP2_07,U-MB-M-LP2,Unillanos,Unillanos mbd,2019-11-26,19,2019,11,26,330,17,06:10:00,00:00:00,3,4,3,Early,3,1,Sergio Montoya-Arango,NA,Nublado,NA,23.00220750551873,0
U-MB-M-LP2_07,MB-M-LP2_07,U-MB-M-LP2,Unillanos,Unillanos mbd,2019-11-26,19,2019,11,26,330,17,07:46:00,00:00:00,3,4,4,Early,4,1,"Alvaro Velasquez-Suarez, Evelyn Alvarez-Daza",NA,Despejado,NA,23.00220750551873,0
U-MB-M-LP2_08,MB-M-LP2_08,U-MB-M-LP2,Unillanos,Unillanos mbd,2019-11-24,19,2019,11,24,328,15,07:19:00,00:00:00,3,4,1,Early,1,1,Sergio Montoya-Arango,NA,Nublado,NA,24.668551758052622,0
U-MB-M-LP2_08,MB-M-LP2_08,U-MB-M-LP2,Unillanos,Unillanos mbd,2019-11-25,19,2019,11,25,329,16,06:21:00,00:00:00,3,4,2,Early,2,1,"Alvaro Velasquez-Suarez, Evelyn Alvarez-Daza",NA,Despejado,NA,24.668551758052622,0
U-MB-M-LP2_08,MB-M-LP2_08,U-MB-M-LP2,Unillanos,Unillanos mbd,2019-11-26,19,2019,11,26,330,17,06:27:00,00:00:00,3,4,3,Early,3,1,Sergio Montoya-Arango,NA,Nublado,NA,24.668551758052622,0
U-MB-M-LP2_08,MB-M-LP2_08,U-MB-M-LP2,Unillanos,Unillanos mbd,2019-11-26,19,2019,11,26,330,17,08:04:00,00:00:00,3,4,4,Early,4,1,"Alvaro Velasquez-Suarez, Evelyn Alvarez-Daza",NA,Despejado,NA,24.668551758052622,0
U-MB-M-LP2_09,MB-M-LP2_09,U-MB-M-LP2,Unillanos,Unillanos mbd,2019-11-24,19,2019,11,24,328,15,07:04:00,00:00:00,3,4,1,Early,1,1,Sergio Montoya-Arango,NA,Nublado,NA,28.35335948994628,0
U-MB-M-LP2_09,MB-M-LP2_09,U-MB-M-LP2,Unillanos,Unillanos mbd,2019-11-25,19,2019,11,25,329,16,06:37:00,00:00:00,3,4,2,Early,2,1,"Alvaro Velasquez-Suarez, Evelyn Alvarez-Daza",NA,Despejado,NA,28.35335948994628,0
U-MB-M-LP2_09,MB-M-LP2_09,U-MB-M-LP2,Unillanos,Unillanos mbd,2019-11-26,19,2019,11,26,330,17,06:41:00,00:00:00,3,4,3,Early,3,1,Sergio Montoya-Arango,NA,Nublado,NA,28.35335948994628,0
U-MB-M-LP2_09,MB-M-LP2_09,U-MB-M-LP2,Unillanos,Unillanos mbd,2019-11-26,19,2019,11,26,330,17,08:20:00,00:00:00,3,4,4,Early,4,1,"Alvaro Velasquez-Suarez, Evelyn Alvarez-Daza",NA,Despejado,NA,28.35335948994628,0
U-MB-M-LP2_10,MB-M-LP2_10,U-MB-M-LP2,Unillanos,Unillanos mbd,2019-11-24,19,2019,11,24,328,15,06:47:00,00:00:00,3,4,1,Early,1,1,Sergio Montoya-Arango,NA,Despejado,NA,35.84985279686013,0
U-MB-M-LP2_10,MB-M-LP2_10,U-MB-M-LP2,Unillanos,Unillanos mbd,2019-11-25,19,2019,11,25,329,16,06:49:00,00:00:00,3,4,2,Early,2,1,"Alvaro Velasquez-Suarez, Evelyn Alvarez-Daza",NA,Despejado,NA,35.84985279686013,0
U-MB-M-LP2_10,MB-M-LP2_10,U-MB-M-LP2,Unillanos,Unillanos mbd,2019-11-26,19,2019,11,26,330,17,06:55:00,00:00:00,3,4,3,Early,3,1,Sergio Montoya-Arango,NA,Nublado,NA,35.84985279686013,0
U-MB-M-LP2_10,MB-M-LP2_10,U-MB-M-LP2,Unillanos,Unillanos mbd,2019-11-26,19,2019,11,26,330,17,08:36:00,00:00:00,3,4,4,Early,4,1,"Alvaro Velasquez-Suarez, Evelyn Alvarez-Daza",NA,Despejado,NA,35.84985279686013,0
U-MB-M-LP2_11,MB-M-LP2_11,U-MB-M-LP2,Unillanos,Unillanos mbd,2019-11-24,19,2019,11,24,328,15,06:02:00,00:00:00,3,4,1,Early,1,1,Sergio Montoya-Arango,NA,Despejado,NA,24.608535688005905,16.1
U-MB-M-LP2_11,MB-M-LP2_11,U-MB-M-LP2,Unillanos,Unillanos mbd,2019-11-25,19,2019,11,25,329,16,07:44:00,00:00:00,3,4,2,Early,2,1,"Alvaro Velasquez-Suarez, Evelyn Alvarez-Daza",NA,Despejado,NA,24.608535688005905,16.1
U-MB-M-LP2_11,MB-M-LP2_11,U-MB-M-LP2,Unillanos,Unillanos mbd,2019-11-26,19,2019,11,26,330,17,07:24:00,00:00:00,3,4,3,Early,3,1,Sergio Montoya-Arango,NA,Nublado,NA,24.608535688005905,16.1
U-MB-M-LP2_11,MB-M-LP2_11,U-MB-M-LP2,Unillanos,Unillanos mbd,2019-11-26,19,2019,11,26,330,17,09:18:00,00:00:00,3,4,4,Early,4,1,"Alvaro Velasquez-Suarez, Evelyn Alvarez-Daza",NA,Despejado,NA,24.608535688005905,16.1
U-MB-M-LP2_12,MB-M-LP2_12,U-MB-M-LP2,Unillanos,Unillanos mbd,2019-11-24,19,2019,11,24,328,15,06:20:00,00:00:00,3,4,1,Early,1,1,Sergio Montoya-Arango,NA,Nublado,NA,23.14138185394643,9.5
U-MB-M-LP2_12,MB-M-LP2_12,U-MB-M-LP2,Unillanos,Unillanos mbd,2019-11-25,19,2019,11,25,329,16,07:26:00,00:00:00,3,4,2,Early,2,1,"Alvaro Velasquez-Suarez, Evelyn Alvarez-Daza",NA,Despejado,NA,23.14138185394643,9.5
U-MB-M-LP2_12,MB-M-LP2_12,U-MB-M-LP2,Unillanos,Unillanos mbd,2019-11-26,19,2019,11,26,330,17,07:48:00,00:00:00,3,4,3,Early,3,1,Sergio Montoya-Arango,NA,Nublado,NA,23.14138185394643,9.5
U-MB-M-LP2_12,MB-M-LP2_12,U-MB-M-LP2,Unillanos,Unillanos mbd,2019-11-26,19,2019,11,26,330,17,09:02:00,00:00:00,3,4,4,Early,4,1,"Alvaro Velasquez-Suarez, Evelyn Alvarez-Daza",NA,Despejado,NA,23.14138185394643,9.5
U-MB-M-LRO1_01,MB-M-LRO1_01,U-MB-M-LRO1,Unillanos,Unillanos mbd,2019-11-10,19,2019,11,10,314,1,06:35:00,00:00:00,3,4,1,Early,1,1,Sergio Montoya-Arango,NA,Nublado,NA,47.95266127054227,17.4
U-MB-M-LRO1_01,MB-M-LRO1_01,U-MB-M-LRO1,Unillanos,Unillanos mbd,2019-11-11,19,2019,11,11,315,2,05:51:00,00:00:00,3,4,2,Early,2,1,Sergio Montoya-Arango,NA,Despejado,NA,47.95266127054227,17.4
U-MB-M-LRO1_01,MB-M-LRO1_01,U-MB-M-LRO1,Unillanos,Unillanos mbd,2019-11-12,19,2019,11,12,316,3,06:49:00,00:00:00,3,4,3,Early,3,1,Sergio Montoya-Arango,NA,Nublado,NA,47.95266127054227,17.4
U-MB-M-LRO1_01,MB-M-LRO1_01,U-MB-M-LRO1,Unillanos,Unillanos mbd,2019-11-13,19,2019,11,13,317,4,06:44:00,00:00:00,3,4,4,Early,4,1,Sergio Montoya-Arango,NA,NA,NA,47.95266127054227,17.4
U-MB-M-LRO1_02,MB-M-LRO1_02,U-MB-M-LRO1,Unillanos,Unillanos mbd,2019-11-10,19,2019,11,10,314,1,06:56:00,00:00:00,3,4,1,Early,1,1,Sergio Montoya-Arango,NA,NA,NA,50.04022565611938,0
U-MB-M-LRO1_02,MB-M-LRO1_02,U-MB-M-LRO1,Unillanos,Unillanos mbd,2019-11-11,19,2019,11,11,315,2,06:08:00,00:00:00,3,4,2,Early,2,1,Sergio Montoya-Arango,NA,Nublado,NA,50.04022565611938,0
U-MB-M-LRO1_02,MB-M-LRO1_02,U-MB-M-LRO1,Unillanos,Unillanos mbd,2019-11-12,19,2019,11,12,316,3,07:06:00,00:00:00,3,4,3,Early,3,1,Sergio Montoya-Arango,NA,Nublado,NA,50.04022565611938,0
U-MB-M-LRO1_02,MB-M-LRO1_02,U-MB-M-LRO1,Unillanos,Unillanos mbd,2019-11-13,19,2019,11,13,317,4,07:03:00,00:00:00,3,4,4,Early,4,1,Sergio Montoya-Arango,NA,NA,NA,50.04022565611938,0
U-MB-M-LRO1_03,MB-M-LRO1_03,U-MB-M-LRO1,Unillanos,Unillanos mbd,2019-11-10,19,2019,11,10,314,1,07:19:00,00:00:00,3,4,1,Early,1,1,Sergio Montoya-Arango,NA,NA,NA,49.81869479882278,0
U-MB-M-LRO1_03,MB-M-LRO1_03,U-MB-M-LRO1,Unillanos,Unillanos mbd,2019-11-11,19,2019,11,11,315,2,06:23:00,00:00:00,3,4,2,Early,2,1,Sergio Montoya-Arango,NA,Nublado,NA,49.81869479882278,0
U-MB-M-LRO1_03,MB-M-LRO1_03,U-MB-M-LRO1,Unillanos,Unillanos mbd,2019-11-12,19,2019,11,12,316,3,07:20:00,00:00:00,3,4,3,Early,3,1,Sergio Montoya-Arango,NA,Nublado,NA,49.81869479882278,0
U-MB-M-LRO1_03,MB-M-LRO1_03,U-MB-M-LRO1,Unillanos,Unillanos mbd,2019-11-13,19,2019,11,13,317,4,07:18:00,00:00:00,3,4,4,Early,4,1,Sergio Montoya-Arango,NA,NA,NA,49.81869479882278,0
U-MB-M-LRO1_04,MB-M-LRO1_04,U-MB-M-LRO1,Unillanos,Unillanos mbd,2019-11-10,19,2019,11,10,314,1,07:39:00,00:00:00,3,4,1,Early,1,1,Sergio Montoya-Arango,NA,Nublado,NA,47.05419323197699,9
U-MB-M-LRO1_04,MB-M-LRO1_04,U-MB-M-LRO1,Unillanos,Unillanos mbd,2019-11-11,19,2019,11,11,315,2,06:39:00,00:00:00,3,4,2,Early,2,1,Sergio Montoya-Arango,NA,Brisa,NA,47.05419323197699,9
U-MB-M-LRO1_04,MB-M-LRO1_04,U-MB-M-LRO1,Unillanos,Unillanos mbd,2019-11-12,19,2019,11,12,316,3,07:35:00,00:00:00,3,4,3,Early,3,1,Sergio Montoya-Arango,NA,Nublado,NA,47.05419323197699,9
U-MB-M-LRO1_04,MB-M-LRO1_04,U-MB-M-LRO1,Unillanos,Unillanos mbd,2019-11-13,19,2019,11,13,317,4,07:34:00,00:00:00,3,4,4,Early,4,1,Sergio Montoya-Arango,NA,Nublado,NA,47.05419323197699,9
U-MB-M-LRO1_05,MB-M-LRO1_05,U-MB-M-LRO1,Unillanos,Unillanos mbd,2019-11-10,19,2019,11,10,314,1,06:13:00,00:00:00,3,4,1,Early,1,1,Sergio Montoya-Arango,NA,NA,NA,45.08827145315947,22.1
U-MB-M-LRO1_05,MB-M-LRO1_05,U-MB-M-LRO1,Unillanos,Unillanos mbd,2019-11-11,19,2019,11,11,315,2,08:55:00,00:00:00,3,4,2,Early,2,1,Sergio Montoya-Arango,NA,Nublado,NA,45.08827145315947,22.1
U-MB-M-LRO1_05,MB-M-LRO1_05,U-MB-M-LRO1,Unillanos,Unillanos mbd,2019-11-12,19,2019,11,12,316,3,06:18:00,00:00:00,3,4,3,Early,3,1,Sergio Montoya-Arango,NA,NA,NA,45.08827145315947,22.1
U-MB-M-LRO1_05,MB-M-LRO1_05,U-MB-M-LRO1,Unillanos,Unillanos mbd,2019-11-13,19,2019,11,13,317,4,06:25:00,00:00:00,3,4,4,Early,4,1,Sergio Montoya-Arango,NA,Nublado,NA,45.08827145315947,22.1
U-MB-M-LRO1_06,MB-M-LRO1_06,U-MB-M-LRO1,Unillanos,Unillanos mbd,2019-11-10,19,2019,11,10,314,1,05:56:00,00:00:00,3,4,1,Early,1,1,Sergio Montoya-Arango,NA,Despejado,NA,43.9408879077752,22.7
U-MB-M-LRO1_06,MB-M-LRO1_06,U-MB-M-LRO1,Unillanos,Unillanos mbd,2019-11-11,19,2019,11,11,315,2,09:12:00,00:00:00,3,4,2,Early,2,1,Sergio Montoya-Arango,NA,Nublado,NA,43.9408879077752,22.7
U-MB-M-LRO1_06,MB-M-LRO1_06,U-MB-M-LRO1,Unillanos,Unillanos mbd,2019-11-12,19,2019,11,12,316,3,06:01:00,00:00:00,3,4,3,Early,3,1,Sergio Montoya-Arango,NA,Despejado,NA,43.9408879077752,22.7
U-MB-M-LRO1_06,MB-M-LRO1_06,U-MB-M-LRO1,Unillanos,Unillanos mbd,2019-11-13,19,2019,11,13,317,4,06:08:00,00:00:00,3,4,4,Early,4,1,Sergio Montoya-Arango,NA,Nublado,NA,43.9408879077752,22.7
U-MB-M-LRO1_07,MB-M-LRO1_07,U-MB-M-LRO1,Unillanos,Unillanos mbd,2019-11-10,19,2019,11,10,314,1,05:32:00,00:00:00,3,4,1,Early,1,1,Sergio Montoya-Arango,NA,Despejado,NA,37.049422178510255,0
U-MB-M-LRO1_07,MB-M-LRO1_07,U-MB-M-LRO1,Unillanos,Unillanos mbd,2019-11-11,19,2019,11,11,315,2,09:37:00,00:00:00,3,4,2,Early,2,1,Sergio Montoya-Arango,NA,Nublado,NA,37.049422178510255,0
U-MB-M-LRO1_07,MB-M-LRO1_07,U-MB-M-LRO1,Unillanos,Unillanos mbd,2019-11-12,19,2019,11,12,316,3,05:40:00,00:00:00,3,4,3,Early,3,1,Sergio Montoya-Arango,NA,Despejado,NA,37.049422178510255,0
U-MB-M-LRO1_07,MB-M-LRO1_07,U-MB-M-LRO1,Unillanos,Unillanos mbd,2019-11-13,19,2019,11,13,317,4,05:42:00,00:00:00,3,4,4,Early,4,1,Sergio Montoya-Arango,NA,Nublado,NA,37.049422178510255,0
U-MB-M-LRO1_08,MB-M-LRO1_08,U-MB-M-LRO1,Unillanos,Unillanos mbd,2019-11-10,19,2019,11,10,314,1,07:54:00,00:00:00,3,4,1,Early,1,1,Sergio Montoya-Arango,NA,NA,NA,40.76600441501135,0
U-MB-M-LRO1_08,MB-M-LRO1_08,U-MB-M-LRO1,Unillanos,Unillanos mbd,2019-11-11,19,2019,11,11,315,2,06:55:00,00:00:00,3,4,2,Early,2,1,Sergio Montoya-Arango,NA,NA,NA,40.76600441501135,0
U-MB-M-LRO1_08,MB-M-LRO1_08,U-MB-M-LRO1,Unillanos,Unillanos mbd,2019-11-12,19,2019,11,12,316,3,07:51:00,00:00:00,3,4,3,Early,3,1,Sergio Montoya-Arango,NA,Nublado,NA,40.76600441501135,0
U-MB-M-LRO1_08,MB-M-LRO1_08,U-MB-M-LRO1,Unillanos,Unillanos mbd,2019-11-13,19,2019,11,13,317,4,07:57:00,00:00:00,3,4,4,Early,4,1,Sergio Montoya-Arango,NA,NA,NA,40.76600441501135,0
U-MB-M-LRO1_09,MB-M-LRO1_09,U-MB-M-LRO1,Unillanos,Unillanos mbd,2019-11-10,19,2019,11,10,314,1,08:10:00,00:00:00,3,4,1,Early,1,1,Sergio Montoya-Arango,NA,NA,NA,38.271947032859174,0
U-MB-M-LRO1_09,MB-M-LRO1_09,U-MB-M-LRO1,Unillanos,Unillanos mbd,2019-11-11,19,2019,11,11,315,2,07:25:00,00:00:00,3,4,2,Early,2,1,Sergio Montoya-Arango,NA,Nublado,NA,38.271947032859174,0
U-MB-M-LRO1_09,MB-M-LRO1_09,U-MB-M-LRO1,Unillanos,Unillanos mbd,2019-11-12,19,2019,11,12,316,3,08:25:00,00:00:00,3,4,3,Early,3,1,Sergio Montoya-Arango,NA,Nublado,NA,38.271947032859174,0
U-MB-M-LRO1_09,MB-M-LRO1_09,U-MB-M-LRO1,Unillanos,Unillanos mbd,2019-11-13,19,2019,11,13,317,4,08:34:00,00:00:00,3,4,4,Early,4,1,Sergio Montoya-Arango,NA,NA,NA,38.271947032859174,0
U-MB-M-LRO1_10,MB-M-LRO1_10,U-MB-M-LRO1,Unillanos,Unillanos mbd,2019-11-10,19,2019,11,10,314,1,08:28:00,00:00:00,3,4,1,Early,1,1,Sergio Montoya-Arango,NA,Nublado,NA,39.841020608439585,11.7
U-MB-M-LRO1_10,MB-M-LRO1_10,U-MB-M-LRO1,Unillanos,Unillanos mbd,2019-11-11,19,2019,11,11,315,2,07:41:00,00:00:00,3,4,2,Early,2,1,Sergio Montoya-Arango,NA,Nublado,NA,39.841020608439585,11.7
U-MB-M-LRO1_10,MB-M-LRO1_10,U-MB-M-LRO1,Unillanos,Unillanos mbd,2019-11-12,19,2019,11,12,316,3,07:17:44,00:00:00,3,4,4,Early,3,0,NA,NA,NA,NA,39.841020608439585,11.7
U-MB-M-LRO1_10,MB-M-LRO1_10,U-MB-M-LRO1,Unillanos,Unillanos mbd,2019-11-13,19,2019,11,13,317,4,08:52:00,00:00:00,3,4,3,Early,4,1,Sergio Montoya-Arango,NA,Nublado,NA,39.841020608439585,11.7
U-MB-M-LRO1_11,MB-M-LRO1_11,U-MB-M-LRO1,Unillanos,Unillanos mbd,2019-11-10,19,2019,11,10,314,1,08:48:00,00:00:00,3,4,1,Early,1,1,Sergio Montoya-Arango,NA,Nublado,NA,45.58214811182029,0
U-MB-M-LRO1_11,MB-M-LRO1_11,U-MB-M-LRO1,Unillanos,Unillanos mbd,2019-11-11,19,2019,11,11,315,2,07:57:00,00:00:00,3,4,2,Early,2,1,Sergio Montoya-Arango,NA,Nublado,NA,45.58214811182029,0
U-MB-M-LRO1_11,MB-M-LRO1_11,U-MB-M-LRO1,Unillanos,Unillanos mbd,2019-11-12,19,2019,11,12,316,3,08:58:00,00:00:00,3,4,3,Early,3,1,Sergio Montoya-Arango,NA,Nublado,NA,45.58214811182029,0
U-MB-M-LRO1_11,MB-M-LRO1_11,U-MB-M-LRO1,Unillanos,Unillanos mbd,2019-11-13,19,2019,11,13,317,4,09:11:00,00:00:00,3,4,4,Early,4,1,Sergio Montoya-Arango,NA,NA,NA,45.58214811182029,0
U-MB-M-LRO1_12,MB-M-LRO1_12,U-MB-M-LRO1,Unillanos,Unillanos mbd,2019-11-10,19,2019,11,10,314,1,09:45:00,00:00:00,3,4,1,Early,1,1,Sergio Montoya-Arango,NA,Brisa,NA,38.45709368084606,0
U-MB-M-LRO1_12,MB-M-LRO1_12,U-MB-M-LRO1,Unillanos,Unillanos mbd,2019-11-11,19,2019,11,11,315,2,07:11:00,00:00:00,3,4,2,Early,2,1,Sergio Montoya-Arango,NA,NA,NA,38.45709368084606,0
U-MB-M-LRO1_12,MB-M-LRO1_12,U-MB-M-LRO1,Unillanos,Unillanos mbd,2019-11-12,19,2019,11,12,316,3,08:12:00,00:00:00,3,4,3,Early,3,1,Sergio Montoya-Arango,NA,Nublado,NA,38.45709368084606,0
U-MB-M-LRO1_12,MB-M-LRO1_12,U-MB-M-LRO1,Unillanos,Unillanos mbd,2019-11-13,19,2019,11,13,317,4,08:19:00,00:00:00,3,4,4,Early,4,1,Sergio Montoya-Arango,NA,NA,NA,38.45709368084606,0
UBC-MB-M-A_01,MB-M-A_01,UBC-MB-M-A,Ubc,Ubc mbd,2022-05-28,22,2022,5,28,148,1,05:31:00,00:00:00,3,7,1,Early,1,1,"Aaron Alexander Skinner, Santiago Lugo-Enciso",Light,Nublado,No,18.470573810691008,5.6
UBC-MB-M-A_01,MB-M-A_01,UBC-MB-M-A,Ubc,Ubc mbd,2022-05-29,22,2022,5,29,149,2,08:50:00,00:00:00,3,7,2,Early,2,1,"Aaron Alexander Skinner, Santiago Lugo-Enciso",Light,Nublado,No,18.470573810691008,5.6
UBC-MB-M-A_01,MB-M-A_01,UBC-MB-M-A,Ubc,Ubc mbd,2022-05-31,22,2022,5,31,151,4,07:22:00,00:00:00,3,7,3,Early,3,1,"Aaron Alexander Skinner, Santiago Lugo-Enciso",Light,Nublado,No,18.470573810691008,5.6
UBC-MB-M-A_01,MB-M-A_01,UBC-MB-M-A,Ubc,Ubc mbd,2026-01-13,25-26,2026,1,13,13,43,06:07:00,00:00:00,3,7,1,Early,1,1,Santiago Lugo-Enciso,Light,Nublado,No,18.538254046101397,7
UBC-MB-M-A_01,MB-M-A_01,UBC-MB-M-A,Ubc,Ubc mbd,2026-01-15,25-26,2026,1,15,15,45,09:17:00,00:00:00,3,7,2,Early,2,1,Santiago Lugo-Enciso,Moderate,Nublado,No,18.538254046101397,7
UBC-MB-M-A_01,MB-M-A_01,UBC-MB-M-A,Ubc,Ubc mbd,2026-01-16,25-26,2026,1,16,16,46,08:03:00,00:00:00,3,7,3,Early,3,1,Santiago Lugo-Enciso,Light,Nublado,No,18.538254046101397,7
UBC-MB-M-A_01,MB-M-A_01,UBC-MB-M-A,Ubc,Ubc mbd,2026-01-27,25-26,2026,1,27,27,57,09:57:00,00:00:00,3,7,4,Early,4,1,Santiago Lugo-Enciso,Moderate,Nublado,No,18.538254046101397,7
UBC-MB-M-A_01-A,MB-M-A_01-A,UBC-MB-M-A,Ubc,Ubc mbd,2026-01-20,25-26,2026,1,20,20,50,10:58:00,00:00:00,4,3,1,Early,1,0,Santiago Lugo-Enciso,Moderate,Brisa,No,33.66068355052831,18.5
UBC-MB-M-A_01-A,MB-M-A_01-A,UBC-MB-M-A,Ubc,Ubc mbd,2026-01-22,25-26,2026,1,22,22,52,09:56:00,00:00:00,4,3,2,Early,2,1,Santiago Lugo-Enciso,Moderate,Llovizna,No,33.66068355052831,18.5
UBC-MB-M-A_01-A,MB-M-A_01-A,UBC-MB-M-A,Ubc,Ubc mbd,2026-01-23,25-26,2026,1,23,23,53,07:14:00,00:06:00,4,3,3,Early,3,1,Santiago Lugo-Enciso,Moderate,Nublado,No,33.66068355052831,18.5
UBC-MB-M-A_01-B,MB-M-A_01-B,UBC-MB-M-A,Ubc,Ubc mbd,2026-01-20,25-26,2026,1,20,20,50,06:22:00,00:00:00,4,4,1,Early,1,1,Santiago Lugo-Enciso,Moderate,Nublado,No,26.14982834722962,17.4
UBC-MB-M-A_01-B,MB-M-A_01-B,UBC-MB-M-A,Ubc,Ubc mbd,2026-01-22,25-26,2026,1,22,22,52,10:49:00,00:00:00,4,4,2,Early,2,1,Santiago Lugo-Enciso,Moderate,Nublado,No,26.14982834722962,17.4
UBC-MB-M-A_01-B,MB-M-A_01-B,UBC-MB-M-A,Ubc,Ubc mbd,2026-01-23,25-26,2026,1,23,23,53,08:04:00,00:00:00,4,4,3,Early,3,1,Santiago Lugo-Enciso,Moderate,Nublado,No,26.14982834722962,17.4
UBC-MB-M-A_01-B,MB-M-A_01-B,UBC-MB-M-A,Ubc,Ubc mbd,2026-01-26,25-26,2026,1,26,26,56,06:20:00,00:06:00,4,4,4,Early,4,1,Santiago Lugo-Enciso,Light,Nublado,No,26.14982834722962,17.4
UBC-MB-M-A_02,MB-M-A_02,UBC-MB-M-A,Ubc,Ubc mbd,2022-05-28,22,2022,5,28,148,1,05:58:00,00:00:00,3,7,1,Early,1,1,"Aaron Alexander Skinner, Santiago Lugo-Enciso",Light,Nublado,No,23.948334965719525,0
UBC-MB-M-A_02,MB-M-A_02,UBC-MB-M-A,Ubc,Ubc mbd,2022-05-29,22,2022,5,29,149,2,09:12:00,00:00:00,3,7,2,Early,2,1,"Aaron Alexander Skinner, Santiago Lugo-Enciso",Light,Nublado,No,23.948334965719525,0
UBC-MB-M-A_02,MB-M-A_02,UBC-MB-M-A,Ubc,Ubc mbd,2022-05-31,22,2022,5,31,151,4,07:47:00,00:00:00,3,7,3,Early,3,1,"Aaron Alexander Skinner, Santiago Lugo-Enciso",Moderate,Nublado,No,23.948334965719525,0
UBC-MB-M-A_02,MB-M-A_02,UBC-MB-M-A,Ubc,Ubc mbd,2026-01-13,25-26,2026,1,13,13,43,06:25:00,00:00:00,3,7,1,Early,1,1,Santiago Lugo-Enciso,Moderate,Nublado,No,24.048237022527804,0
UBC-MB-M-A_02,MB-M-A_02,UBC-MB-M-A,Ubc,Ubc mbd,2026-01-15,25-26,2026,1,15,15,45,09:33:00,00:00:00,3,7,2,Early,2,1,Santiago Lugo-Enciso,Moderate,Brisa,No,24.048237022527804,0
UBC-MB-M-A_02,MB-M-A_02,UBC-MB-M-A,Ubc,Ubc mbd,2026-01-16,25-26,2026,1,16,16,46,08:21:00,00:00:00,3,7,3,Early,3,1,Santiago Lugo-Enciso,Moderate,Nublado,No,24.048237022527804,0
UBC-MB-M-A_02,MB-M-A_02,UBC-MB-M-A,Ubc,Ubc mbd,2026-01-27,25-26,2026,1,27,27,57,10:14:00,00:00:00,3,7,4,Early,4,1,Santiago Lugo-Enciso,Moderate,Nublado,No,24.048237022527804,0
UBC-MB-M-A_02-A,MB-M-A_02-A,UBC-MB-M-A,Ubc,Ubc mbd,2026-01-21,25-26,2026,1,21,21,51,11:16:00,00:00:00,4,3,1,Early,1,1,Santiago Lugo-Enciso,NA,NA,NA,34.642629384351636,24.4
UBC-MB-M-A_02-A,MB-M-A_02-A,UBC-MB-M-A,Ubc,Ubc mbd,2026-01-22,25-26,2026,1,22,22,52,10:23:00,00:00:00,4,3,2,Early,2,1,Santiago Lugo-Enciso,Moderate,Nublado,No,34.642629384351636,24.4
UBC-MB-M-A_02-A,MB-M-A_02-A,UBC-MB-M-A,Ubc,Ubc mbd,2026-01-23,25-26,2026,1,23,23,53,07:30:00,00:00:00,4,3,3,Early,3,1,Santiago Lugo-Enciso,Moderate,Nublado,No,34.642629384351636,24.4
UBC-MB-M-A_02-B,MB-M-A_02-B,UBC-MB-M-A,Ubc,Ubc mbd,2026-01-20,25-26,2026,1,20,20,50,06:40:00,00:00:00,4,4,1,Early,1,1,Santiago Lugo-Enciso,Moderate,Nublado,No,30.08655028276395,17
UBC-MB-M-A_02-B,MB-M-A_02-B,UBC-MB-M-A,Ubc,Ubc mbd,2026-01-22,25-26,2026,1,22,22,52,11:07:00,00:00:00,4,4,2,Early,2,1,Santiago Lugo-Enciso,Moderate,Nublado,No,30.08655028276395,17
UBC-MB-M-A_02-B,MB-M-A_02-B,UBC-MB-M-A,Ubc,Ubc mbd,2026-01-23,25-26,2026,1,23,23,53,08:17:00,00:00:00,4,4,3,Early,3,1,Santiago Lugo-Enciso,Moderate,Nublado,No,30.08655028276395,17
UBC-MB-M-A_02-B,MB-M-A_02-B,UBC-MB-M-A,Ubc,Ubc mbd,2026-01-26,25-26,2026,1,26,26,56,06:34:00,00:05:00,4,4,4,Early,4,1,Santiago Lugo-Enciso,Light,Nublado,No,30.08655028276395,17
UBC-MB-M-A_03,MB-M-A_03,UBC-MB-M-A,Ubc,Ubc mbd,2022-05-28,22,2022,5,28,148,1,06:18:00,00:00:00,3,7,1,Early,1,1,"Aaron Alexander Skinner, Santiago Lugo-Enciso",None,Nublado,No,28.955495451193244,0
UBC-MB-M-A_03,MB-M-A_03,UBC-MB-M-A,Ubc,Ubc mbd,2022-05-29,22,2022,5,29,149,2,09:34:00,00:00:00,3,7,2,Early,2,1,"Aaron Alexander Skinner, Santiago Lugo-Enciso",Light,Brisa,No,28.955495451193244,0
UBC-MB-M-A_03,MB-M-A_03,UBC-MB-M-A,Ubc,Ubc mbd,2022-05-31,22,2022,5,31,151,4,08:09:00,00:00:00,3,7,3,Early,3,1,"Aaron Alexander Skinner, Santiago Lugo-Enciso",Light,Nublado,No,28.955495451193244,0
UBC-MB-M-A_03,MB-M-A_03,UBC-MB-M-A,Ubc,Ubc mbd,2026-01-13,25-26,2026,1,13,13,43,06:46:00,00:00:00,3,7,1,Early,1,1,Santiago Lugo-Enciso,Moderate,Brisa,No,29.117531349888974,0
UBC-MB-M-A_03,MB-M-A_03,UBC-MB-M-A,Ubc,Ubc mbd,2026-01-15,25-26,2026,1,15,15,45,09:48:00,00:00:00,3,7,2,Early,2,1,Santiago Lugo-Enciso,Moderate,Nublado,No,29.117531349888974,0
UBC-MB-M-A_03,MB-M-A_03,UBC-MB-M-A,Ubc,Ubc mbd,2026-01-16,25-26,2026,1,16,16,46,08:38:00,00:00:00,3,7,3,Early,3,1,Santiago Lugo-Enciso,Moderate,Nublado,No,29.117531349888974,0
UBC-MB-M-A_03,MB-M-A_03,UBC-MB-M-A,Ubc,Ubc mbd,2026-01-27,25-26,2026,1,27,27,57,10:31:00,00:00:00,3,7,4,Early,4,1,Santiago Lugo-Enciso,Moderate,Brisa,No,29.117531349888974,0
UBC-MB-M-A_03-A,MB-M-A_03-A,UBC-MB-M-A,Ubc,Ubc mbd,2026-01-21,25-26,2026,1,21,21,51,09:36:00,00:00:00,4,3,1,Early,1,1,Santiago Lugo-Enciso,NA,NA,NA,37.348455125060816,24.2
UBC-MB-M-A_03-A,MB-M-A_03-A,UBC-MB-M-A,Ubc,Ubc mbd,2026-01-22,25-26,2026,1,22,22,52,07:49:00,00:00:00,4,3,2,Early,2,1,Santiago Lugo-Enciso,Moderate,Nublado,No,37.348455125060816,24.2
UBC-MB-M-A_03-A,MB-M-A_03-A,UBC-MB-M-A,Ubc,Ubc mbd,2026-01-23,25-26,2026,1,23,23,53,09:58:00,00:00:00,4,3,3,Early,3,1,Santiago Lugo-Enciso,Moderate,Nublado,No,37.348455125060816,24.2
UBC-MB-M-A_03-B,MB-M-A_03-B,UBC-MB-M-A,Ubc,Ubc mbd,2026-01-21,25-26,2026,1,21,21,51,07:02:00,00:00:00,4,4,1,Early,1,1,Santiago Lugo-Enciso,NA,NA,NA,32.692420897718776,23.7
UBC-MB-M-A_03-B,MB-M-A_03-B,UBC-MB-M-A,Ubc,Ubc mbd,2026-01-22,25-26,2026,1,22,22,52,11:26:00,00:00:00,4,4,2,Early,2,1,Santiago Lugo-Enciso,Moderate,Nublado,No,32.692420897718776,23.7
UBC-MB-M-A_03-B,MB-M-A_03-B,UBC-MB-M-A,Ubc,Ubc mbd,2026-01-23,25-26,2026,1,23,23,53,08:35:00,00:00:00,4,4,3,Early,3,1,Santiago Lugo-Enciso,Moderate,Nublado,No,32.692420897718776,23.7
UBC-MB-M-A_03-B,MB-M-A_03-B,UBC-MB-M-A,Ubc,Ubc mbd,2026-01-26,25-26,2026,1,26,26,56,06:58:00,00:06:00,4,4,4,Early,4,1,Santiago Lugo-Enciso,Light,Nublado,No,32.692420897718776,23.7
UBC-MB-M-A_04,MB-M-A_04,UBC-MB-M-A,Ubc,Ubc mbd,2022-05-28,22,2022,5,28,148,1,06:36:00,00:00:00,3,7,1,Early,1,1,"Aaron Alexander Skinner, Santiago Lugo-Enciso",Light,Nublado,No,25.820998278829325,15.3
UBC-MB-M-A_04,MB-M-A_04,UBC-MB-M-A,Ubc,Ubc mbd,2022-05-29,22,2022,5,29,149,2,10:13:00,00:00:00,3,7,2,Early,2,1,"Aaron Alexander Skinner, Santiago Lugo-Enciso",Light,Nublado,No,25.820998278829325,15.3
UBC-MB-M-A_04,MB-M-A_04,UBC-MB-M-A,Ubc,Ubc mbd,2022-05-31,22,2022,5,31,151,4,08:27:00,00:00:00,3,7,3,Early,3,1,"Aaron Alexander Skinner, Santiago Lugo-Enciso",Light,Nublado,No,25.820998278829325,15.3
UBC-MB-M-A_04,MB-M-A_04,UBC-MB-M-A,Ubc,Ubc mbd,2026-01-13,25-26,2026,1,13,13,43,07:06:00,00:04:00,3,7,1,Early,1,1,Santiago Lugo-Enciso,Light,Nublado,No,25.906073272683138,15.3
UBC-MB-M-A_04,MB-M-A_04,UBC-MB-M-A,Ubc,Ubc mbd,2026-01-15,25-26,2026,1,15,15,45,10:05:00,00:05:00,3,7,2,Early,2,1,Santiago Lugo-Enciso,Moderate,Nublado,No,25.906073272683138,15.3
UBC-MB-M-A_04,MB-M-A_04,UBC-MB-M-A,Ubc,Ubc mbd,2026-01-16,25-26,2026,1,16,16,46,09:03:00,00:05:00,3,7,3,Early,3,1,Santiago Lugo-Enciso,Moderate,Nublado,No,25.906073272683138,15.3
UBC-MB-M-A_04,MB-M-A_04,UBC-MB-M-A,Ubc,Ubc mbd,2026-01-27,25-26,2026,1,27,27,57,11:00:00,00:06:00,3,7,4,Early,4,1,Santiago Lugo-Enciso,Moderate,Nublado,No,25.906073272683138,15.3
UBC-MB-M-A_04-A,MB-M-A_04-A,UBC-MB-M-A,Ubc,Ubc mbd,2026-01-21,25-26,2026,1,21,21,51,09:55:00,00:00:00,4,3,1,Early,1,1,Santiago Lugo-Enciso,NA,NA,NA,35.81722276741906,23.8
UBC-MB-M-A_04-A,MB-M-A_04-A,UBC-MB-M-A,Ubc,Ubc mbd,2026-01-22,25-26,2026,1,22,22,52,08:05:00,00:00:00,4,3,2,Early,2,1,Santiago Lugo-Enciso,Moderate,Nublado,No,35.81722276741906,23.8
UBC-MB-M-A_04-A,MB-M-A_04-A,UBC-MB-M-A,Ubc,Ubc mbd,2026-01-23,25-26,2026,1,23,23,53,10:12:00,00:00:00,4,3,3,Early,3,1,Santiago Lugo-Enciso,Moderate,Nublado,No,35.81722276741906,23.8
UBC-MB-M-A_04-B,MB-M-A_04-B,UBC-MB-M-A,Ubc,Ubc mbd,2026-01-21,25-26,2026,1,21,21,51,07:27:00,00:00:00,4,3,1,Early,1,1,Santiago Lugo-Enciso,NA,NA,NA,35.06818739269009,23.2
UBC-MB-M-A_04-B,MB-M-A_04-B,UBC-MB-M-A,Ubc,Ubc mbd,2026-01-22,25-26,2026,1,22,22,52,11:44:00,00:00:00,4,3,2,Early,2,1,Santiago Lugo-Enciso,Moderate,Nublado,No,35.06818739269009,23.2
UBC-MB-M-A_04-B,MB-M-A_04-B,UBC-MB-M-A,Ubc,Ubc mbd,2026-01-23,25-26,2026,1,23,23,53,08:52:00,00:00:00,4,3,3,Early,3,1,Santiago Lugo-Enciso,Moderate,Nublado,No,35.06818739269009,23.2
UBC-MB-M-A_05,MB-M-A_05,UBC-MB-M-A,Ubc,Ubc mbd,2022-05-28,22,2022,5,28,148,1,07:02:00,00:00:00,3,7,1,Early,1,1,"Aaron Alexander Skinner, Santiago Lugo-Enciso",None,Nublado,No,19.05888125613393,0
UBC-MB-M-A_05,MB-M-A_05,UBC-MB-M-A,Ubc,Ubc mbd,2022-05-29,22,2022,5,29,149,2,10:37:00,00:00:00,3,7,2,Early,2,1,"Aaron Alexander Skinner, Santiago Lugo-Enciso",Light,Nublado,No,19.05888125613393,0
UBC-MB-M-A_05,MB-M-A_05,UBC-MB-M-A,Ubc,Ubc mbd,2022-05-31,22,2022,5,31,151,4,08:46:00,00:00:00,3,7,3,Early,3,1,"Aaron Alexander Skinner, Santiago Lugo-Enciso",Light,Nublado,No,19.05888125613393,0
UBC-MB-M-A_05,MB-M-A_05,UBC-MB-M-A,Ubc,Ubc mbd,2026-01-13,25-26,2026,1,13,13,43,07:31:00,00:00:00,3,7,1,Early,1,1,Santiago Lugo-Enciso,Moderate,Nublado,No,19.08464180569171,0
UBC-MB-M-A_05,MB-M-A_05,UBC-MB-M-A,Ubc,Ubc mbd,2026-01-14,25-26,2026,1,14,14,44,06:12:00,00:00:00,3,7,2,Early,2,0,Santiago Lugo-Enciso,Moderate,Nublado,No,19.08464180569171,0
UBC-MB-M-A_05,MB-M-A_05,UBC-MB-M-A,Ubc,Ubc mbd,2026-01-15,25-26,2026,1,15,15,45,06:08:00,00:00:00,3,7,3,Early,3,1,Santiago Lugo-Enciso,Moderate,Nublado,No,19.08464180569171,0
UBC-MB-M-A_05,MB-M-A_05,UBC-MB-M-A,Ubc,Ubc mbd,2026-01-16,25-26,2026,1,16,16,46,09:32:00,00:00:00,3,7,4,Early,4,1,Santiago Lugo-Enciso,Moderate,Nublado,No,19.08464180569171,0
UBC-MB-M-A_05-A,MB-M-A_05-A,UBC-MB-M-A,Ubc,Ubc mbd,2026-01-21,25-26,2026,1,21,21,51,10:16:00,00:00:00,4,3,1,Early,1,1,Santiago Lugo-Enciso,NA,NA,NA,34.24307088545474,18.2
UBC-MB-M-A_05-A,MB-M-A_05-A,UBC-MB-M-A,Ubc,Ubc mbd,2026-01-22,25-26,2026,1,22,22,52,08:30:00,00:00:00,4,3,2,Early,2,1,Santiago Lugo-Enciso,Moderate,Nublado,No,34.24307088545474,18.2
UBC-MB-M-A_05-A,MB-M-A_05-A,UBC-MB-M-A,Ubc,Ubc mbd,2026-01-23,25-26,2026,1,23,23,53,06:37:00,00:00:00,4,3,3,Early,3,1,Santiago Lugo-Enciso,Moderate,Nublado,No,34.24307088545474,18.2
UBC-MB-M-A_05-B,MB-M-A_05-B,UBC-MB-M-A,Ubc,Ubc mbd,2026-01-21,25-26,2026,1,21,21,51,08:07:00,00:00:00,4,3,1,Early,1,1,Santiago Lugo-Enciso,NA,NA,NA,37.36978911231066,23.6
UBC-MB-M-A_05-B,MB-M-A_05-B,UBC-MB-M-A,Ubc,Ubc mbd,2026-01-22,25-26,2026,1,22,22,52,06:39:00,00:00:00,4,3,2,Early,2,1,Santiago Lugo-Enciso,Light,Nublado,No,37.36978911231066,23.6
UBC-MB-M-A_05-B,MB-M-A_05-B,UBC-MB-M-A,Ubc,Ubc mbd,2026-01-23,25-26,2026,1,23,23,53,09:09:00,00:00:00,4,3,3,Early,3,1,Santiago Lugo-Enciso,Moderate,Nublado,No,37.36978911231066,23.6
UBC-MB-M-A_06,MB-M-A_06,UBC-MB-M-A,Ubc,Ubc mbd,2022-05-28,22,2022,5,28,148,1,07:35:00,00:00:00,3,7,1,Early,1,1,Santiago Lugo-Enciso,Light,Nublado,No,15.190289357528323,0
UBC-MB-M-A_06,MB-M-A_06,UBC-MB-M-A,Ubc,Ubc mbd,2022-05-31,22,2022,5,31,151,4,09:10:00,00:00:00,3,7,2,Early,2,1,"Aaron Alexander Skinner, Santiago Lugo-Enciso",None,Nublado,No,15.190289357528323,0
UBC-MB-M-A_06,MB-M-A_06,UBC-MB-M-A,Ubc,Ubc mbd,2022-06-01,22,2022,6,1,152,5,05:36:00,00:00:00,3,7,3,Early,3,1,"Aaron Alexander Skinner, Santiago Lugo-Enciso",Moderate,Nublado,No,15.190289357528323,0
UBC-MB-M-A_06,MB-M-A_06,UBC-MB-M-A,Ubc,Ubc mbd,2026-01-13,25-26,2026,1,13,13,43,08:18:00,00:00:00,3,7,1,Early,1,1,Santiago Lugo-Enciso,Moderate,Brisa,No,15.324668955369994,0
UBC-MB-M-A_06,MB-M-A_06,UBC-MB-M-A,Ubc,Ubc mbd,2026-01-14,25-26,2026,1,14,14,44,06:33:00,00:00:00,3,7,2,Early,2,1,Santiago Lugo-Enciso,Light,Nublado,No,15.324668955369994,0
UBC-MB-M-A_06,MB-M-A_06,UBC-MB-M-A,Ubc,Ubc mbd,2026-01-15,25-26,2026,1,15,15,45,06:26:00,00:00:00,3,7,3,Early,3,1,Santiago Lugo-Enciso,Moderate,Nublado,No,15.324668955369994,0
UBC-MB-M-A_06,MB-M-A_06,UBC-MB-M-A,Ubc,Ubc mbd,2026-01-16,25-26,2026,1,16,16,46,09:53:00,00:00:00,3,7,4,Early,4,1,Santiago Lugo-Enciso,Moderate,Nublado,No,15.324668955369994,0
UBC-MB-M-A_06-A,MB-M-A_06-A,UBC-MB-M-A,Ubc,Ubc mbd,2026-01-21,25-26,2026,1,21,21,51,10:38:00,00:05:00,4,3,1,Early,1,1,Santiago Lugo-Enciso,NA,NA,NA,33.011280039235245,24.4
UBC-MB-M-A_06-A,MB-M-A_06-A,UBC-MB-M-A,Ubc,Ubc mbd,2026-01-22,25-26,2026,1,22,22,52,09:02:00,00:05:00,4,3,2,Early,2,1,Santiago Lugo-Enciso,Moderate,Nublado,No,33.011280039235245,24.4
UBC-MB-M-A_06-A,MB-M-A_06-A,UBC-MB-M-A,Ubc,Ubc mbd,2026-01-23,25-26,2026,1,23,23,53,06:55:00,00:00:00,4,3,3,Early,3,1,Santiago Lugo-Enciso,Moderate,Nublado,No,33.011280039235245,24.4
UBC-MB-M-A_06-B,MB-M-A_06-B,UBC-MB-M-A,Ubc,Ubc mbd,2026-01-21,25-26,2026,1,21,21,51,08:39:00,00:00:00,4,3,1,Early,1,1,Santiago Lugo-Enciso,NA,NA,NA,40.166707646914155,23.8
UBC-MB-M-A_06-B,MB-M-A_06-B,UBC-MB-M-A,Ubc,Ubc mbd,2026-01-22,25-26,2026,1,22,22,52,07:04:00,00:00:00,4,3,2,Early,2,1,Santiago Lugo-Enciso,Moderate,Nublado,No,40.166707646914155,23.8
UBC-MB-M-A_06-B,MB-M-A_06-B,UBC-MB-M-A,Ubc,Ubc mbd,2026-01-23,25-26,2026,1,23,23,53,09:28:00,00:00:00,4,3,3,Early,3,1,Santiago Lugo-Enciso,Moderate,Nublado,No,40.166707646914155,23.8
UBC-MB-M-A_07,MB-M-A_07,UBC-MB-M-A,Ubc,Ubc mbd,2022-06-05,22,2022,6,5,156,9,10:14:00,00:00:00,3,7,1,Early,1,1,"Aaron Alexander Skinner, Santiago Lugo-Enciso",Light,Brisa,No,18.929677895254112,0
UBC-MB-M-A_07,MB-M-A_07,UBC-MB-M-A,Ubc,Ubc mbd,2022-06-08,22,2022,6,8,159,12,06:40:00,00:00:00,3,7,2,Early,2,1,"Aaron Alexander Skinner, Santiago Lugo-Enciso",Light,Nublado,No,18.929677895254112,0
UBC-MB-M-A_07,MB-M-A_07,UBC-MB-M-A,Ubc,Ubc mbd,2022-06-09,22,2022,6,9,160,13,07:49:00,00:00:00,3,7,3,Early,3,1,"Aaron Alexander Skinner, Santiago Lugo-Enciso",Moderate,Nublado,No,18.929677895254112,0
UBC-MB-M-A_07,MB-M-A_07,UBC-MB-M-A,Ubc,Ubc mbd,2026-01-13,25-26,2026,1,13,13,43,08:37:00,00:00:00,3,7,1,Early,1,1,Santiago Lugo-Enciso,Moderate,Brisa,No,19.224243914433615,0
UBC-MB-M-A_07,MB-M-A_07,UBC-MB-M-A,Ubc,Ubc mbd,2026-01-14,25-26,2026,1,14,14,44,07:16:00,00:00:00,3,7,2,Early,2,1,Santiago Lugo-Enciso,Light,Brisa,No,19.224243914433615,0
UBC-MB-M-A_07,MB-M-A_07,UBC-MB-M-A,Ubc,Ubc mbd,2026-01-15,25-26,2026,1,15,15,45,06:42:00,00:00:00,3,7,3,Early,3,1,Santiago Lugo-Enciso,Moderate,Nublado,No,19.224243914433615,0
UBC-MB-M-A_07,MB-M-A_07,UBC-MB-M-A,Ubc,Ubc mbd,2026-01-16,25-26,2026,1,16,16,46,10:12:00,00:00:00,3,7,4,Early,4,1,Santiago Lugo-Enciso,Moderate,Nublado,No,19.224243914433615,0
UBC-MB-M-A_08,MB-M-A_08,UBC-MB-M-A,Ubc,Ubc mbd,2022-06-05,22,2022,6,5,156,9,10:40:00,00:00:00,3,7,1,Early,1,1,"Aaron Alexander Skinner, Santiago Lugo-Enciso",Light,Nublado,Yes,20.139700466486456,0
UBC-MB-M-A_08,MB-M-A_08,UBC-MB-M-A,Ubc,Ubc mbd,2022-06-08,22,2022,6,8,159,12,07:06:00,00:00:00,3,7,2,Early,2,1,"Aaron Alexander Skinner, Santiago Lugo-Enciso",Light,Nublado,Yes,20.139700466486456,0
UBC-MB-M-A_08,MB-M-A_08,UBC-MB-M-A,Ubc,Ubc mbd,2022-06-09,22,2022,6,9,160,13,08:11:00,00:00:00,3,7,3,Early,3,1,"Aaron Alexander Skinner, Santiago Lugo-Enciso",Light,Brisa,No,20.139700466486456,0
UBC-MB-M-A_08,MB-M-A_08,UBC-MB-M-A,Ubc,Ubc mbd,2026-01-13,25-26,2026,1,13,13,43,08:59:00,00:00:00,3,7,1,Early,1,1,Santiago Lugo-Enciso,Moderate,Brisa,No,20.708814141909514,0
UBC-MB-M-A_08,MB-M-A_08,UBC-MB-M-A,Ubc,Ubc mbd,2026-01-14,25-26,2026,1,14,14,44,07:33:00,00:00:00,3,7,2,Early,2,0,Santiago Lugo-Enciso,Moderate,Nublado,No,20.708814141909514,0
UBC-MB-M-A_08,MB-M-A_08,UBC-MB-M-A,Ubc,Ubc mbd,2026-01-15,25-26,2026,1,15,15,45,06:58:00,00:00:00,3,7,3,Early,3,1,Santiago Lugo-Enciso,Moderate,Nublado,No,20.708814141909514,0
UBC-MB-M-A_08,MB-M-A_08,UBC-MB-M-A,Ubc,Ubc mbd,2026-01-16,25-26,2026,1,16,16,46,10:29:00,00:00:00,3,7,4,Early,4,0,Santiago Lugo-Enciso,Moderate,Nublado,No,20.708814141909514,0
UBC-MB-M-A_09,MB-M-A_09,UBC-MB-M-A,Ubc,Ubc mbd,2022-06-05,22,2022,6,5,156,9,06:19:00,00:00:00,3,6,1,Early,1,1,"Aaron Alexander Skinner, Santiago Lugo-Enciso",Light,Nublado,No,23.817824699238606,10.8
UBC-MB-M-A_09,MB-M-A_09,UBC-MB-M-A,Ubc,Ubc mbd,2022-06-08,22,2022,6,8,159,12,07:55:00,00:00:00,3,6,2,Early,2,1,"Aaron Alexander Skinner, Santiago Lugo-Enciso",Loud,Nublado,No,23.817824699238606,10.8
UBC-MB-M-A_09,MB-M-A_09,UBC-MB-M-A,Ubc,Ubc mbd,2022-06-09,22,2022,6,9,160,13,09:05:00,00:00:00,3,6,3,Early,3,1,"Aaron Alexander Skinner, Santiago Lugo-Enciso",Loud,Brisa,No,23.817824699238606,10.8
UBC-MB-M-A_09,MB-M-A_09,UBC-MB-M-A,Ubc,Ubc mbd,2026-01-13,25-26,2026,1,13,13,43,10:32:00,00:00:00,3,6,1,Early,1,1,Santiago Lugo-Enciso,Moderate,Nublado,No,24.697765774613003,10.8
UBC-MB-M-A_09,MB-M-A_09,UBC-MB-M-A,Ubc,Ubc mbd,2026-01-15,25-26,2026,1,15,15,45,08:36:00,00:00:00,3,6,2,Early,2,1,Santiago Lugo-Enciso,Moderate,Brisa,No,24.697765774613003,10.8
UBC-MB-M-A_09,MB-M-A_09,UBC-MB-M-A,Ubc,Ubc mbd,2026-01-16,25-26,2026,1,16,16,46,07:18:00,00:00:00,3,6,3,Early,3,1,Santiago Lugo-Enciso,Moderate,Nublado,No,24.697765774613003,10.8
UBC-MB-M-A_10,MB-M-A_10,UBC-MB-M-A,Ubc,Ubc mbd,2022-06-05,22,2022,6,5,156,9,06:52:00,00:00:00,3,6,1,Early,1,1,"Aaron Alexander Skinner, Santiago Lugo-Enciso",Light,Nublado,No,25.964933791073985,23.2
UBC-MB-M-A_10,MB-M-A_10,UBC-MB-M-A,Ubc,Ubc mbd,2022-06-08,22,2022,6,8,159,12,08:18:00,00:00:00,3,6,2,Early,2,1,"Aaron Alexander Skinner, Santiago Lugo-Enciso",Moderate,Nublado,No,25.964933791073985,23.2
UBC-MB-M-A_10,MB-M-A_10,UBC-MB-M-A,Ubc,Ubc mbd,2022-06-09,22,2022,6,9,160,13,09:27:00,00:00:00,3,6,3,Early,3,1,"Aaron Alexander Skinner, Santiago Lugo-Enciso",Light,Nublado,No,25.964933791073985,23.2
UBC-MB-M-A_10,MB-M-A_10,UBC-MB-M-A,Ubc,Ubc mbd,2026-01-13,25-26,2026,1,13,13,43,10:09:00,00:00:00,3,6,1,Early,1,1,Santiago Lugo-Enciso,Light,Nublado,No,26.868317802844807,23.2
UBC-MB-M-A_10,MB-M-A_10,UBC-MB-M-A,Ubc,Ubc mbd,2026-01-15,25-26,2026,1,15,15,45,08:13:00,00:00:00,3,6,2,Early,2,1,Santiago Lugo-Enciso,Light,Nublado,No,26.868317802844807,23.2
UBC-MB-M-A_10,MB-M-A_10,UBC-MB-M-A,Ubc,Ubc mbd,2026-01-16,25-26,2026,1,16,16,46,06:55:00,00:00:00,3,6,3,Early,3,1,Santiago Lugo-Enciso,Light,Nublado,No,26.868317802844807,23.2
UBC-MB-M-A_13,MB-M-A_13,UBC-MB-M-A,Ubc,Ubc mbd,2022-06-05,22,2022,6,5,156,9,08:15:00,00:00:00,3,6,1,Early,1,1,"Aaron Alexander Skinner, Santiago Lugo-Enciso",Light,Nublado,Yes,24.13253012048166,0
UBC-MB-M-A_13,MB-M-A_13,UBC-MB-M-A,Ubc,Ubc mbd,2022-06-08,22,2022,6,8,159,12,09:39:00,00:00:00,3,6,2,Early,2,1,"Aaron Alexander Skinner, Santiago Lugo-Enciso",Light,Brisa,No,24.13253012048166,0
UBC-MB-M-A_13,MB-M-A_13,UBC-MB-M-A,Ubc,Ubc mbd,2022-06-09,22,2022,6,9,160,13,05:49:00,00:00:00,3,6,3,Early,3,1,"Aaron Alexander Skinner, Santiago Lugo-Enciso",Light,Nublado,No,24.13253012048166,0
UBC-MB-M-A_13,MB-M-A_13,UBC-MB-M-A,Ubc,Ubc mbd,2026-01-17,25-26,2026,1,17,17,47,08:18:00,00:00:00,3,6,1,Early,1,0,Santiago Lugo-Enciso,Moderate,Nublado,No,25.19473813621807,0
UBC-MB-M-A_13,MB-M-A_13,UBC-MB-M-A,Ubc,Ubc mbd,2026-01-18,25-26,2026,1,18,18,48,06:24:00,00:00:00,3,6,2,Early,2,0,Santiago Lugo-Enciso,Moderate,Nublado,No,25.19473813621807,0
UBC-MB-M-A_13,MB-M-A_13,UBC-MB-M-A,Ubc,Ubc mbd,2026-01-19,25-26,2026,1,19,19,49,09:25:00,00:00:00,3,6,3,Early,3,1,Santiago Lugo-Enciso,Moderate,Nublado,Si,25.19473813621807,0
UBC-MB-M-A_14,MB-M-A_14,UBC-MB-M-A,Ubc,Ubc mbd,2022-06-05,22,2022,6,5,156,9,09:37:00,00:00:00,3,6,1,Early,1,1,"Aaron Alexander Skinner, Santiago Lugo-Enciso",None,Brisa,No,19.261723545297805,0
UBC-MB-M-A_14,MB-M-A_14,UBC-MB-M-A,Ubc,Ubc mbd,2022-06-08,22,2022,6,8,159,12,06:10:00,00:00:00,3,6,2,Early,2,1,Santiago Lugo-Enciso,Light,Nublado,No,19.261723545297805,0
UBC-MB-M-A_14,MB-M-A_14,UBC-MB-M-A,Ubc,Ubc mbd,2022-06-09,22,2022,6,9,160,13,07:03:00,00:00:00,3,6,3,Early,3,1,"Aaron Alexander Skinner, Santiago Lugo-Enciso",Moderate,Nublado,No,19.261723545297805,0
UBC-MB-M-A_14,MB-M-A_14,UBC-MB-M-A,Ubc,Ubc mbd,2026-01-17,25-26,2026,1,17,17,47,07:09:00,00:00:00,3,6,1,Early,1,1,Santiago Lugo-Enciso,Moderate,Nublado,No,19.78738030935469,0
UBC-MB-M-A_14,MB-M-A_14,UBC-MB-M-A,Ubc,Ubc mbd,2026-01-18,25-26,2026,1,18,18,48,10:34:00,00:00:00,3,6,2,Early,2,0,Santiago Lugo-Enciso,Moderate,Brisa,No,19.78738030935469,0
UBC-MB-M-A_14,MB-M-A_14,UBC-MB-M-A,Ubc,Ubc mbd,2026-01-19,25-26,2026,1,19,19,49,08:23:00,00:00:00,3,6,3,Early,3,1,Santiago Lugo-Enciso,Moderate,Nublado,No,19.78738030935469,0
UBC-MB-M-A_15,MB-M-A_15,UBC-MB-M-A,Ubc,Ubc mbd,2022-06-05,22,2022,6,5,156,9,09:58:00,00:00:00,3,6,1,Early,1,1,"Aaron Alexander Skinner, Santiago Lugo-Enciso",Light,Nublado,No,15.958793230316616,0
UBC-MB-M-A_15,MB-M-A_15,UBC-MB-M-A,Ubc,Ubc mbd,2022-06-08,22,2022,6,8,159,12,05:45:00,00:00:00,3,6,2,Early,2,1,"Aaron Alexander Skinner, Santiago Lugo-Enciso",Light,Brisa,No,15.958793230316616,0
UBC-MB-M-A_15,MB-M-A_15,UBC-MB-M-A,Ubc,Ubc mbd,2022-06-09,22,2022,6,9,160,13,07:34:00,00:00:00,3,6,3,Early,3,1,"Aaron Alexander Skinner, Santiago Lugo-Enciso",Light,Nublado,No,15.958793230316616,0
UBC-MB-M-A_15,MB-M-A_15,UBC-MB-M-A,Ubc,Ubc mbd,2026-01-17,25-26,2026,1,17,17,47,06:49:00,00:00:00,3,6,1,Early,1,1,Santiago Lugo-Enciso,Moderate,Nublado,No,16.33627667402514,0
UBC-MB-M-A_15,MB-M-A_15,UBC-MB-M-A,Ubc,Ubc mbd,2026-01-18,25-26,2026,1,18,18,48,10:18:00,00:00:00,3,6,2,Early,2,1,Santiago Lugo-Enciso,Moderate,Nublado,No,16.33627667402514,0
UBC-MB-M-A_15,MB-M-A_15,UBC-MB-M-A,Ubc,Ubc mbd,2026-01-19,25-26,2026,1,19,19,49,08:08:00,00:00:00,3,6,3,Early,3,0,Santiago Lugo-Enciso,Moderate,Nublado,No,16.33627667402514,0
UBC-MB-M-A_16,MB-M-A_16,UBC-MB-M-A,Ubc,Ubc mbd,2022-05-28,22,2022,5,28,148,1,10:27:00,00:00:00,3,7,1,Early,1,1,Santiago Lugo-Enciso,Light,Nublado,No,16.060338484179493,16.3
UBC-MB-M-A_16,MB-M-A_16,UBC-MB-M-A,Ubc,Ubc mbd,2022-05-31,22,2022,5,31,151,4,06:55:00,00:00:00,3,7,2,Early,2,1,"Aaron Alexander Skinner, Santiago Lugo-Enciso",Moderate,Nublado,No,16.060338484179493,16.3
UBC-MB-M-A_16,MB-M-A_16,UBC-MB-M-A,Ubc,Ubc mbd,2022-06-01,22,2022,6,1,152,5,08:35:00,00:00:00,3,7,3,Early,3,1,"Aaron Alexander Skinner, Santiago Lugo-Enciso",Light,Nublado,No,16.060338484179493,16.3
UBC-MB-M-A_16,MB-M-A_16,UBC-MB-M-A,Ubc,Ubc mbd,2026-01-17,25-26,2026,1,17,17,47,11:26:00,00:00:00,3,7,1,Early,1,1,Santiago Lugo-Enciso,Moderate,Brisa,Si,16.10448859455512,16.3
UBC-MB-M-A_16,MB-M-A_16,UBC-MB-M-A,Ubc,Ubc mbd,2026-01-18,25-26,2026,1,18,18,48,09:22:00,00:00:00,3,7,2,Early,2,1,Santiago Lugo-Enciso,Light,Nublado,No,16.10448859455512,16.3
UBC-MB-M-A_16,MB-M-A_16,UBC-MB-M-A,Ubc,Ubc mbd,2026-01-19,25-26,2026,1,19,19,49,07:18:00,00:00:00,3,7,3,Early,3,1,Santiago Lugo-Enciso,Moderate,Nublado,No,16.10448859455512,16.3
UBC-MB-M-A_16,MB-M-A_16,UBC-MB-M-A,Ubc,Ubc mbd,2026-01-27,25-26,2026,1,27,27,57,07:35:00,00:06:00,3,7,4,Early,4,1,Santiago Lugo-Enciso,Light,Nublado,No,16.10448859455512,16.3
UBC-MB-M-A_17,MB-M-A_17,UBC-MB-M-A,Ubc,Ubc mbd,2022-05-28,22,2022,5,28,148,1,10:01:00,00:00:00,3,7,1,Early,1,1,Santiago Lugo-Enciso,Light,Nublado,No,16.04725759059746,0
UBC-MB-M-A_17,MB-M-A_17,UBC-MB-M-A,Ubc,Ubc mbd,2022-05-31,22,2022,5,31,151,4,06:25:00,00:00:00,3,7,2,Early,2,1,"Aaron Alexander Skinner, Santiago Lugo-Enciso",Light,Nublado,No,16.04725759059746,0
UBC-MB-M-A_17,MB-M-A_17,UBC-MB-M-A,Ubc,Ubc mbd,2022-06-01,22,2022,6,1,152,5,08:10:00,00:00:00,3,7,3,Early,3,1,"Aaron Alexander Skinner, Santiago Lugo-Enciso",None,Nublado,No,16.04725759059746,0
UBC-MB-M-A_17,MB-M-A_17,UBC-MB-M-A,Ubc,Ubc mbd,2026-01-17,25-26,2026,1,17,17,47,11:07:00,00:00:00,3,7,1,Early,1,1,Santiago Lugo-Enciso,Light,Brisa,No,16.10969637610203,0
UBC-MB-M-A_17,MB-M-A_17,UBC-MB-M-A,Ubc,Ubc mbd,2026-01-18,25-26,2026,1,18,18,48,09:04:00,00:00:00,3,7,2,Early,2,1,Santiago Lugo-Enciso,Moderate,Brisa,No,16.10969637610203,0
UBC-MB-M-A_17,MB-M-A_17,UBC-MB-M-A,Ubc,Ubc mbd,2026-01-19,25-26,2026,1,19,19,49,07:03:00,00:00:00,3,7,3,Early,3,1,Santiago Lugo-Enciso,Moderate,Nublado,No,16.10969637610203,0
UBC-MB-M-A_17,MB-M-A_17,UBC-MB-M-A,Ubc,Ubc mbd,2026-01-27,25-26,2026,1,27,27,57,07:52:00,00:00:00,3,7,4,Early,4,1,Santiago Lugo-Enciso,Moderate,Nublado,No,16.10969637610203,0
UBC-MB-M-A_18,MB-M-A_18,UBC-MB-M-A,Ubc,Ubc mbd,2022-05-28,22,2022,5,28,148,1,09:03:00,00:00:00,3,7,1,Early,1,1,Santiago Lugo-Enciso,Moderate,Brisa,No,13.086304401278625,17.9
UBC-MB-M-A_18,MB-M-A_18,UBC-MB-M-A,Ubc,Ubc mbd,2022-05-31,22,2022,5,31,151,4,05:40:00,00:00:00,3,7,2,Early,2,1,"Aaron Alexander Skinner, Santiago Lugo-Enciso",Moderate,Nublado,No,13.086304401278625,17.9
UBC-MB-M-A_18,MB-M-A_18,UBC-MB-M-A,Ubc,Ubc mbd,2022-06-01,22,2022,6,1,152,5,07:11:00,00:00:00,3,7,3,Early,3,1,"Aaron Alexander Skinner, Santiago Lugo-Enciso",Moderate,Nublado,No,13.086304401278625,17.9
UBC-MB-M-A_18,MB-M-A_18,UBC-MB-M-A,Ubc,Ubc mbd,2026-01-17,25-26,2026,1,17,17,47,10:26:00,00:00:00,3,7,1,Early,1,1,Santiago Lugo-Enciso,Light,Nublado,No,13.470863044012836,17.9
UBC-MB-M-A_18,MB-M-A_18,UBC-MB-M-A,Ubc,Ubc mbd,2026-01-18,25-26,2026,1,18,18,48,08:11:00,00:00:00,3,7,2,Early,2,1,Santiago Lugo-Enciso,Moderate,Nublado,No,13.470863044012836,17.9
UBC-MB-M-A_18,MB-M-A_18,UBC-MB-M-A,Ubc,Ubc mbd,2026-01-19,25-26,2026,1,19,19,49,06:22:00,00:00:00,3,7,3,Early,3,1,Santiago Lugo-Enciso,Moderate,Nublado,No,13.470863044012836,17.9
UBC-MB-M-A_18,MB-M-A_18,UBC-MB-M-A,Ubc,Ubc mbd,2026-01-27,25-26,2026,1,27,27,57,08:13:00,00:00:00,3,7,4,Early,4,1,Santiago Lugo-Enciso,Light,Nublado,No,13.470863044012836,17.9
UBC-MB-M-A_19,MB-M-A_19,UBC-MB-M-A,Ubc,Ubc mbd,2022-05-28,22,2022,5,28,148,1,09:35:00,00:00:00,3,7,1,Early,1,1,Santiago Lugo-Enciso,Light,Nublado,No,12.854192279321442,8.8
UBC-MB-M-A_19,MB-M-A_19,UBC-MB-M-A,Ubc,Ubc mbd,2022-05-31,22,2022,5,31,151,4,06:02:00,00:00:00,3,7,2,Early,2,1,"Aaron Alexander Skinner, Santiago Lugo-Enciso",Light,Nublado,No,12.854192279321442,8.8
UBC-MB-M-A_19,MB-M-A_19,UBC-MB-M-A,Ubc,Ubc mbd,2022-06-01,22,2022,6,1,152,5,07:31:00,00:00:00,3,7,3,Early,3,1,"Aaron Alexander Skinner, Santiago Lugo-Enciso",Light,Nublado,No,12.854192279321442,8.8
UBC-MB-M-A_19,MB-M-A_19,UBC-MB-M-A,Ubc,Ubc mbd,2026-01-17,25-26,2026,1,17,17,47,10:50:00,00:00:00,3,7,1,Early,1,1,Santiago Lugo-Enciso,Light,Brisa,Si,13.307597737890354,8.8
UBC-MB-M-A_19,MB-M-A_19,UBC-MB-M-A,Ubc,Ubc mbd,2026-01-18,25-26,2026,1,18,18,48,08:38:00,00:00:00,3,7,2,Early,2,1,Santiago Lugo-Enciso,Moderate,Nublado,Si,13.307597737890354,8.8
UBC-MB-M-A_19,MB-M-A_19,UBC-MB-M-A,Ubc,Ubc mbd,2026-01-19,25-26,2026,1,19,19,49,06:40:00,00:00:00,3,7,3,Early,3,1,Santiago Lugo-Enciso,Moderate,Nublado,No,13.307597737890354,8.8
UBC-MB-M-A_19,MB-M-A_19,UBC-MB-M-A,Ubc,Ubc mbd,2026-01-27,25-26,2026,1,27,27,57,08:31:00,00:00:00,3,7,4,Early,4,1,Santiago Lugo-Enciso,Moderate,Nublado,No,13.307597737890354,8.8
UBC-MB-M-A_20,MB-M-A_20,UBC-MB-M-A,Ubc,Ubc mbd,2022-05-28,22,2022,5,28,148,1,08:02:00,00:00:00,3,6,1,Early,1,1,Santiago Lugo-Enciso,Light,Nublado,No,15.957535591556178,9.6
UBC-MB-M-A_20,MB-M-A_20,UBC-MB-M-A,Ubc,Ubc mbd,2022-05-31,22,2022,5,31,151,4,09:40:00,00:00:00,3,6,2,Early,2,1,"Aaron Alexander Skinner, Santiago Lugo-Enciso",Moderate,Nublado,Yes,15.957535591556178,9.6
UBC-MB-M-A_20,MB-M-A_20,UBC-MB-M-A,Ubc,Ubc mbd,2022-06-01,22,2022,6,1,152,5,06:18:00,00:00:00,3,6,3,Early,3,1,"Aaron Alexander Skinner, Santiago Lugo-Enciso",Light,Nublado,No,15.957535591556178,9.6
UBC-MB-M-A_20,MB-M-A_20,UBC-MB-M-A,Ubc,Ubc mbd,2026-01-17,25-26,2026,1,17,17,47,09:49:00,00:00:00,3,6,1,Early,1,1,Santiago Lugo-Enciso,Light,Brisa,No,16.939126165930183,9.6
UBC-MB-M-A_20,MB-M-A_20,UBC-MB-M-A,Ubc,Ubc mbd,2026-01-18,25-26,2026,1,18,18,48,07:27:00,00:00:00,3,6,2,Early,2,1,Santiago Lugo-Enciso,Light,Nublado,No,16.939126165930183,9.6
UBC-MB-M-A_20,MB-M-A_20,UBC-MB-M-A,Ubc,Ubc mbd,2026-01-19,25-26,2026,1,19,19,49,10:24:00,00:00:00,3,6,3,Early,3,1,Santiago Lugo-Enciso,Light,Nublado,No,16.939126165930183,9.6
UBC-MB-M-A_21,MB-M-A_21,UBC-MB-M-A,Ubc,Ubc mbd,2022-06-05,22,2022,6,5,156,9,09:04:00,00:00:00,3,6,1,Early,1,1,"Aaron Alexander Skinner, Santiago Lugo-Enciso",None,Nublado,No,23.347964688572844,0
UBC-MB-M-A_21,MB-M-A_21,UBC-MB-M-A,Ubc,Ubc mbd,2022-06-08,22,2022,6,8,159,12,10:30:00,00:00:00,3,6,2,Early,2,1,Aaron Alexander Skinner,Light,Nublado,No,23.347964688572844,0
UBC-MB-M-A_21,MB-M-A_21,UBC-MB-M-A,Ubc,Ubc mbd,2022-06-09,22,2022,6,9,160,13,06:37:00,00:00:00,3,6,3,Early,3,1,"Aaron Alexander Skinner, Santiago Lugo-Enciso",Light,Nublado,No,23.347964688572844,0
UBC-MB-M-A_21,MB-M-A_21,UBC-MB-M-A,Ubc,Ubc mbd,2026-01-17,25-26,2026,1,17,17,47,09:23:00,00:00:00,3,6,1,Early,1,1,Santiago Lugo-Enciso,Light,Despejado,No,24.479156449239262,0
UBC-MB-M-A_21,MB-M-A_21,UBC-MB-M-A,Ubc,Ubc mbd,2026-01-18,25-26,2026,1,18,18,48,07:03:00,00:00:00,3,6,2,Early,2,1,Santiago Lugo-Enciso,Light,Nublado,No,24.479156449239262,0
UBC-MB-M-A_21,MB-M-A_21,UBC-MB-M-A,Ubc,Ubc mbd,2026-01-19,25-26,2026,1,19,19,49,10:03:00,00:00:00,3,6,3,Early,3,1,Santiago Lugo-Enciso,Moderate,Nublado,No,24.479156449239262,0
UBC-MB-M-A_22,MB-M-A_22,UBC-MB-M-A,Ubc,Ubc mbd,2022-06-05,22,2022,6,5,156,9,08:42:00,00:00:00,3,6,1,Early,1,1,"Aaron Alexander Skinner, Santiago Lugo-Enciso",Light,Nublado,No,24.45757724374749,0
UBC-MB-M-A_22,MB-M-A_22,UBC-MB-M-A,Ubc,Ubc mbd,2022-06-08,22,2022,6,8,159,12,10:08:00,00:00:00,3,6,2,Early,2,1,"Aaron Alexander Skinner, Santiago Lugo-Enciso",Light,Brisa,No,24.45757724374749,0
UBC-MB-M-A_22,MB-M-A_22,UBC-MB-M-A,Ubc,Ubc mbd,2022-06-09,22,2022,6,9,160,13,06:17:00,00:00:00,3,6,3,Early,3,1,"Aaron Alexander Skinner, Santiago Lugo-Enciso",Light,Nublado,No,24.45757724374749,0
UBC-MB-M-A_22,MB-M-A_22,UBC-MB-M-A,Ubc,Ubc mbd,2026-01-17,25-26,2026,1,17,17,47,09:08:00,00:00:00,3,6,1,Early,1,0,Santiago Lugo-Enciso,Light,Nublado,No,25.976459048552876,0
UBC-MB-M-A_22,MB-M-A_22,UBC-MB-M-A,Ubc,Ubc mbd,2026-01-18,25-26,2026,1,18,18,48,06:46:00,00:00:00,3,6,2,Early,2,1,Santiago Lugo-Enciso,Light,Nublado,No,25.976459048552876,0
UBC-MB-M-A_22,MB-M-A_22,UBC-MB-M-A,Ubc,Ubc mbd,2026-01-19,25-26,2026,1,19,19,49,09:48:00,00:00:00,3,6,3,Early,3,0,Santiago Lugo-Enciso,Moderate,Nublado,No,25.976459048552876,0
UBC-MB-M-A_23,MB-M-A_23,UBC-MB-M-A,Ubc,Ubc mbd,2022-06-05,22,2022,6,5,156,9,07:46:00,00:00:00,3,6,1,Early,1,1,"Aaron Alexander Skinner, Santiago Lugo-Enciso",Light,Nublado,No,25.12211868563031,7.3
UBC-MB-M-A_23,MB-M-A_23,UBC-MB-M-A,Ubc,Ubc mbd,2022-06-08,22,2022,6,8,159,12,09:13:00,00:00:00,3,6,2,Early,2,1,"Aaron Alexander Skinner, Santiago Lugo-Enciso",Light,Nublado,No,25.12211868563031,7.3
UBC-MB-M-A_23,MB-M-A_23,UBC-MB-M-A,Ubc,Ubc mbd,2022-06-09,22,2022,6,9,160,13,10:33:00,00:00:00,3,6,3,Early,3,1,"Aaron Alexander Skinner, Santiago Lugo-Enciso",Light,Brisa,No,25.12211868563031,7.3
UBC-MB-M-A_23,MB-M-A_23,UBC-MB-M-A,Ubc,Ubc mbd,2026-01-17,25-26,2026,1,17,17,47,07:52:00,00:00:00,3,6,1,Early,1,1,Santiago Lugo-Enciso,Moderate,Nublado,No,26.09489946051943,9.6
UBC-MB-M-A_23,MB-M-A_23,UBC-MB-M-A,Ubc,Ubc mbd,2026-01-18,25-26,2026,1,18,18,48,11:04:00,00:00:00,3,6,2,Early,2,1,Santiago Lugo-Enciso,Light,Brisa,No,26.09489946051943,9.6
UBC-MB-M-A_23,MB-M-A_23,UBC-MB-M-A,Ubc,Ubc mbd,2026-01-19,25-26,2026,1,19,19,49,08:59:00,00:00:00,3,6,3,Early,3,0,Santiago Lugo-Enciso,Moderate,Nublado,No,26.09489946051943,9.6
UBC-MB-M-A_24,MB-M-A_24,UBC-MB-M-A,Ubc,Ubc mbd,2022-06-05,22,2022,6,5,156,9,07:24:00,00:00:00,3,7,1,Early,1,1,"Aaron Alexander Skinner, Santiago Lugo-Enciso",Light,Nublado,No,25.87542913192745,0
UBC-MB-M-A_24,MB-M-A_24,UBC-MB-M-A,Ubc,Ubc mbd,2022-06-08,22,2022,6,8,159,12,08:52:00,00:00:00,3,7,2,Early,2,1,"Aaron Alexander Skinner, Santiago Lugo-Enciso",Light,Nublado,No,25.87542913192745,0
UBC-MB-M-A_24,MB-M-A_24,UBC-MB-M-A,Ubc,Ubc mbd,2022-06-09,22,2022,6,9,160,13,10:15:00,00:00:00,3,7,3,Early,3,1,"Aaron Alexander Skinner, Santiago Lugo-Enciso",Light,Brisa,No,25.87542913192745,0
UBC-MB-M-A_24,MB-M-A_24,UBC-MB-M-A,Ubc,Ubc mbd,2026-01-13,25-26,2026,1,13,13,43,09:37:00,00:00:00,3,7,1,Early,1,1,Santiago Lugo-Enciso,Moderate,Nublado,No,26.976704266797498,0
UBC-MB-M-A_24,MB-M-A_24,UBC-MB-M-A,Ubc,Ubc mbd,2026-01-14,25-26,2026,1,14,14,44,08:11:00,00:00:00,3,7,2,Early,2,1,Santiago Lugo-Enciso,Moderate,Brisa,No,26.976704266797498,0
UBC-MB-M-A_24,MB-M-A_24,UBC-MB-M-A,Ubc,Ubc mbd,2026-01-15,25-26,2026,1,15,15,45,07:52:00,00:00:00,3,7,3,Early,3,1,Santiago Lugo-Enciso,Moderate,Nublado,Si,26.976704266797498,0
UBC-MB-M-A_24,MB-M-A_24,UBC-MB-M-A,Ubc,Ubc mbd,2026-01-16,25-26,2026,1,16,16,46,06:36:00,00:00:00,3,7,4,Early,4,1,Santiago Lugo-Enciso,Moderate,Nublado,No,26.976704266797498,0
UBC-MB-M-A_25,MB-M-A_25,UBC-MB-M-A,Ubc,Ubc mbd,2022-06-05,22,2022,6,5,156,9,05:50:00,00:00:00,3,7,1,Early,1,1,"Aaron Alexander Skinner, Santiago Lugo-Enciso",Light,Nublado,No,23.39842983316917,0
UBC-MB-M-A_25,MB-M-A_25,UBC-MB-M-A,Ubc,Ubc mbd,2022-06-08,22,2022,6,8,159,12,07:30:00,00:00:00,3,7,2,Early,2,1,"Aaron Alexander Skinner, Santiago Lugo-Enciso",Light,Despejado,No,23.39842983316917,0
UBC-MB-M-A_25,MB-M-A_25,UBC-MB-M-A,Ubc,Ubc mbd,2022-06-09,22,2022,6,9,160,13,08:35:00,00:00:00,3,7,3,Early,3,1,"Aaron Alexander Skinner, Santiago Lugo-Enciso",Moderate,Nublado,Yes,23.39842983316917,0
UBC-MB-M-A_25,MB-M-A_25,UBC-MB-M-A,Ubc,Ubc mbd,2026-01-13,25-26,2026,1,13,13,43,09:16:00,00:00:00,3,7,1,Early,1,1,Santiago Lugo-Enciso,Moderate,Brisa,No,24.22301275760616,0
UBC-MB-M-A_25,MB-M-A_25,UBC-MB-M-A,Ubc,Ubc mbd,2026-01-14,25-26,2026,1,14,14,44,07:54:00,00:00:00,3,7,2,Early,2,0,Santiago Lugo-Enciso,Moderate,Nublado,No,24.22301275760616,0
UBC-MB-M-A_25,MB-M-A_25,UBC-MB-M-A,Ubc,Ubc mbd,2026-01-15,25-26,2026,1,15,15,45,07:16:00,00:00:00,3,7,3,Early,3,0,Santiago Lugo-Enciso,Light,Nublado,Si,24.22301275760616,0
UBC-MB-M-A_25,MB-M-A_25,UBC-MB-M-A,Ubc,Ubc mbd,2026-01-16,25-26,2026,1,16,16,46,06:18:00,00:00:00,3,7,4,Early,4,0,Santiago Lugo-Enciso,Moderate,Nublado,No,24.22301275760616,0
UBC-MB-M-A_26,MB-M-A_26,UBC-MB-M-A,Ubc,Ubc mbd,2022-05-28,22,2022,5,28,148,1,08:34:00,00:00:00,3,7,1,Early,1,1,Santiago Lugo-Enciso,Light,Nublado,No,14.370734102626743,0
UBC-MB-M-A_26,MB-M-A_26,UBC-MB-M-A,Ubc,Ubc mbd,2022-05-31,22,2022,5,31,151,4,10:05:00,00:00:00,3,7,2,Early,2,1,"Aaron Alexander Skinner, Santiago Lugo-Enciso",Light,Nublado,No,14.370734102626743,0
UBC-MB-M-A_26,MB-M-A_26,UBC-MB-M-A,Ubc,Ubc mbd,2022-06-01,22,2022,6,1,152,5,06:44:00,00:00:00,3,7,3,Early,3,1,"Aaron Alexander Skinner, Santiago Lugo-Enciso",Light,Nublado,No,14.370734102626743,0
UBC-MB-M-A_26,MB-M-A_26,UBC-MB-M-A,Ubc,Ubc mbd,2026-01-17,25-26,2026,1,17,17,47,06:27:00,00:00:00,3,7,1,Early,1,1,Santiago Lugo-Enciso,Moderate,Nublado,No,14.760373189295477,0
UBC-MB-M-A_26,MB-M-A_26,UBC-MB-M-A,Ubc,Ubc mbd,2026-01-18,25-26,2026,1,18,18,48,09:51:00,00:00:00,3,7,2,Early,2,1,Santiago Lugo-Enciso,High,Nublado,No,14.760373189295477,0
UBC-MB-M-A_26,MB-M-A_26,UBC-MB-M-A,Ubc,Ubc mbd,2026-01-19,25-26,2026,1,19,19,49,07:49:00,00:00:00,3,7,3,Early,3,1,Santiago Lugo-Enciso,Light,Nublado,No,14.760373189295477,0
UBC-MB-M-A_26,MB-M-A_26,UBC-MB-M-A,Ubc,Ubc mbd,2026-01-27,25-26,2026,1,27,27,57,09:10:00,00:00:00,3,7,4,Early,4,1,Santiago Lugo-Enciso,Moderate,Nublado,No,14.760373189295477,0
UBC-MB-M-EPO1_01,MB-M-EPO1_01,UBC-MB-M-EPO1,Ubc,Ubc mbd,2026-02-21,25-26,2026,2,21,52,1,06:45:00,00:06:00,4,3,1,Early,1,1,Santiago Lugo-Enciso,Moderate,Nublado,No,55.3779740004908,13.7
UBC-MB-M-EPO1_01,MB-M-EPO1_01,UBC-MB-M-EPO1,Ubc,Ubc mbd,2026-02-22,25-26,2026,2,22,53,2,10:01:00,00:00:00,4,3,2,Early,2,1,Santiago Lugo-Enciso,Moderate,Brisa,No,55.3779740004908,13.7
UBC-MB-M-EPO1_01,MB-M-EPO1_01,UBC-MB-M-EPO1,Ubc,Ubc mbd,2026-02-23,25-26,2026,2,23,54,3,07:55:00,00:00:00,4,3,3,Early,3,1,Santiago Lugo-Enciso,Moderate,Nublado,No,55.3779740004908,13.7
UBC-MB-M-EPO1_02,MB-M-EPO1_02,UBC-MB-M-EPO1,Ubc,Ubc mbd,2026-02-21,25-26,2026,2,21,52,1,07:06:00,00:00:00,4,3,1,Early,1,1,Santiago Lugo-Enciso,Light,Nublado,No,54.65513858229085,24
UBC-MB-M-EPO1_02,MB-M-EPO1_02,UBC-MB-M-EPO1,Ubc,Ubc mbd,2026-02-22,25-26,2026,2,22,53,2,09:44:00,00:00:00,4,3,2,Early,2,1,Santiago Lugo-Enciso,Moderate,Nublado,No,54.65513858229085,24
UBC-MB-M-EPO1_02,MB-M-EPO1_02,UBC-MB-M-EPO1,Ubc,Ubc mbd,2026-02-23,25-26,2026,2,23,54,3,08:16:00,00:00:00,4,3,3,Early,3,1,Santiago Lugo-Enciso,Moderate,Brisa,No,54.65513858229085,24
UBC-MB-M-EPO1_03,MB-M-EPO1_03,UBC-MB-M-EPO1,Ubc,Ubc mbd,2026-02-21,25-26,2026,2,21,52,1,08:52:00,00:00:00,3,3,1,Early,1,0,Santiago Lugo-Enciso,Light,Nublado,No,52.25710784313731,24
UBC-MB-M-EPO1_03,MB-M-EPO1_03,UBC-MB-M-EPO1,Ubc,Ubc mbd,2026-02-22,25-26,2026,2,22,53,2,09:20:00,00:00:00,3,3,2,Early,2,1,Santiago Lugo-Enciso,Moderate,Nublado,No,52.25710784313731,24
UBC-MB-M-EPO1_03,MB-M-EPO1_03,UBC-MB-M-EPO1,Ubc,Ubc mbd,2026-02-23,25-26,2026,2,23,54,3,07:30:00,00:00:00,3,3,3,Early,3,1,Santiago Lugo-Enciso,Moderate,Nublado,No,52.25710784313731,24
UBC-MB-M-EPO1_03_(1),MB-M-EPO1_03_(1),UBC-MB-M-EPO1,Ubc,Ubc mbd,2026-02-21,25-26,2026,2,21,52,1,08:31:00,00:00:00,3,3,1,Early,1,1,Santiago Lugo-Enciso,Moderate,Brisa,No,48.26213830309024,13.8
UBC-MB-M-EPO1_03_(1),MB-M-EPO1_03_(1),UBC-MB-M-EPO1,Ubc,Ubc mbd,2026-02-22,25-26,2026,2,22,53,2,07:58:00,00:00:00,3,3,2,Early,2,1,Santiago Lugo-Enciso,Moderate,Nublado,No,48.26213830309024,13.8
UBC-MB-M-EPO1_03_(1),MB-M-EPO1_03_(1),UBC-MB-M-EPO1,Ubc,Ubc mbd,2026-02-23,25-26,2026,2,23,54,3,06:53:00,00:00:00,3,3,3,Early,3,1,Santiago Lugo-Enciso,Moderate,Brisa,No,48.26213830309024,13.8
UBC-MB-M-EPO1_04,MB-M-EPO1_04,UBC-MB-M-EPO1,Ubc,Ubc mbd,2026-02-21,25-26,2026,2,21,52,1,08:10:00,00:00:00,4,3,1,Early,1,1,Santiago Lugo-Enciso,Moderate,Nublado,No,48.381116301942825,24.1
UBC-MB-M-EPO1_04,MB-M-EPO1_04,UBC-MB-M-EPO1,Ubc,Ubc mbd,2026-02-22,25-26,2026,2,22,53,2,07:40:00,00:00:00,4,3,2,Early,2,1,Santiago Lugo-Enciso,Moderate,Nublado,No,48.381116301942825,24.1
UBC-MB-M-EPO1_04,MB-M-EPO1_04,UBC-MB-M-EPO1,Ubc,Ubc mbd,2026-02-23,25-26,2026,2,23,54,3,06:38:00,00:00:00,4,3,3,Early,3,1,Santiago Lugo-Enciso,Moderate,Nublado,No,48.381116301942825,24.1
UBC-MB-M-EPO1_05,MB-M-EPO1_05,UBC-MB-M-EPO1,Ubc,Ubc mbd,2026-02-21,25-26,2026,2,21,52,1,07:44:00,00:00:00,4,3,1,Early,1,1,Santiago Lugo-Enciso,Moderate,Nublado,No,53.103761986722695,23.4
UBC-MB-M-EPO1_05,MB-M-EPO1_05,UBC-MB-M-EPO1,Ubc,Ubc mbd,2026-02-22,25-26,2026,2,22,53,2,06:50:00,00:00:00,4,3,2,Early,2,1,Santiago Lugo-Enciso,Moderate,Brisa,No,53.103761986722695,23.4
UBC-MB-M-EPO1_05,MB-M-EPO1_05,UBC-MB-M-EPO1,Ubc,Ubc mbd,2026-02-23,25-26,2026,2,23,54,3,08:47:00,00:00:00,4,3,3,Early,3,1,Santiago Lugo-Enciso,Moderate,Brisa,No,53.103761986722695,23.4
UBC-MB-M-EPO1_06,MB-M-EPO1_06,UBC-MB-M-EPO1,Ubc,Ubc mbd,2026-02-21,25-26,2026,2,21,52,1,07:23:00,00:06:00,4,3,1,Early,1,1,Santiago Lugo-Enciso,Moderate,Nublado,No,54.78322707209452,18.5
UBC-MB-M-EPO1_06,MB-M-EPO1_06,UBC-MB-M-EPO1,Ubc,Ubc mbd,2026-02-22,25-26,2026,2,22,53,2,06:33:00,00:00:00,4,3,2,Early,2,1,Santiago Lugo-Enciso,Moderate,Nublado,No,54.78322707209452,18.5
UBC-MB-M-EPO1_06,MB-M-EPO1_06,UBC-MB-M-EPO1,Ubc,Ubc mbd,2026-02-23,25-26,2026,2,23,54,3,08:30:00,00:00:00,4,3,3,Early,3,1,Santiago Lugo-Enciso,Moderate,Nublado,No,54.78322707209452,18.5
UBC-MB-M-EPO3_01,MB-M-EPO3_01,UBC-MB-M-EPO3,Ubc,Ubc mbd,2022-06-16,22,2022,6,16,167,20,05:47:00,00:00:00,3,6,1,Early,1,1,"Aaron Alexander Skinner, Santiago Lugo-Enciso",Light,Nublado,No,34.26030421982332,10
UBC-MB-M-EPO3_01,MB-M-EPO3_01,UBC-MB-M-EPO3,Ubc,Ubc mbd,2022-06-16,22,2022,6,16,167,20,09:03:00,00:00:00,3,6,2,Early,2,1,"Aaron Alexander Skinner, Santiago Lugo-Enciso",Moderate,Nublado,Yes,34.26030421982332,10
UBC-MB-M-EPO3_01,MB-M-EPO3_01,UBC-MB-M-EPO3,Ubc,Ubc mbd,2022-06-17,22,2022,6,17,168,21,09:14:00,00:00:00,3,6,3,Early,3,1,"Aaron Alexander Skinner, Santiago Lugo-Enciso",Light,Nublado,No,34.26030421982332,10
UBC-MB-M-EPO3_01,MB-M-EPO3_01,UBC-MB-M-EPO3,Ubc,Ubc mbd,2026-01-28,25-26,2026,1,28,28,58,06:28:00,00:00:00,3,6,1,Early,1,1,Santiago Lugo-Enciso,Moderate,Nublado,No,36.673209028459105,12.3
UBC-MB-M-EPO3_01,MB-M-EPO3_01,UBC-MB-M-EPO3,Ubc,Ubc mbd,2026-01-28,25-26,2026,1,28,28,58,17:10:00,00:00:00,3,6,2,Early,2,1,Santiago Lugo-Enciso,Moderate,Nublado,No,36.673209028459105,12.3
UBC-MB-M-EPO3_01,MB-M-EPO3_01,UBC-MB-M-EPO3,Ubc,Ubc mbd,2026-01-29,25-26,2026,1,29,29,59,08:02:00,00:00:00,3,6,3,Early,3,1,Santiago Lugo-Enciso,Light,Nublado,No,36.673209028459105,12.3
UBC-MB-M-EPO3_02,MB-M-EPO3_02,UBC-MB-M-EPO3,Ubc,Ubc mbd,2022-06-16,22,2022,6,16,167,20,06:39:00,00:00:00,3,6,1,Early,1,1,"Aaron Alexander Skinner, Santiago Lugo-Enciso",Moderate,Nublado,No,31.616875153298988,24
UBC-MB-M-EPO3_02,MB-M-EPO3_02,UBC-MB-M-EPO3,Ubc,Ubc mbd,2022-06-17,22,2022,6,17,168,21,07:37:00,00:00:00,3,6,2,Early,2,1,"Aaron Alexander Skinner, Santiago Lugo-Enciso",Moderate,Nublado,No,31.616875153298988,24
UBC-MB-M-EPO3_02,MB-M-EPO3_02,UBC-MB-M-EPO3,Ubc,Ubc mbd,2022-06-17,22,2022,6,17,168,21,09:45:00,00:00:00,3,6,3,Early,3,1,"Aaron Alexander Skinner, Santiago Lugo-Enciso",Loud,Nublado,No,31.616875153298988,24
UBC-MB-M-EPO3_02,MB-M-EPO3_02,UBC-MB-M-EPO3,Ubc,Ubc mbd,2026-01-28,25-26,2026,1,28,28,58,06:50:00,00:00:00,3,6,1,Early,1,1,Santiago Lugo-Enciso,Light,Nublado,No,33.70174147657586,24
UBC-MB-M-EPO3_02,MB-M-EPO3_02,UBC-MB-M-EPO3,Ubc,Ubc mbd,2026-01-28,25-26,2026,1,28,28,58,17:28:00,00:00:00,3,6,2,Early,2,1,Santiago Lugo-Enciso,Light,Nublado,No,33.70174147657586,24
UBC-MB-M-EPO3_02,MB-M-EPO3_02,UBC-MB-M-EPO3,Ubc,Ubc mbd,2026-01-29,25-26,2026,1,29,29,59,08:24:00,00:00:00,3,6,3,Early,3,1,Santiago Lugo-Enciso,Light,Nublado,No,33.70174147657586,24
UBC-MB-M-EPO3_03,MB-M-EPO3_03,UBC-MB-M-EPO3,Ubc,Ubc mbd,2022-06-16,22,2022,6,16,167,20,07:09:00,00:00:00,3,6,1,Early,1,1,"Aaron Alexander Skinner, Santiago Lugo-Enciso",Moderate,Nublado,No,30.416830225711426,17
UBC-MB-M-EPO3_03,MB-M-EPO3_03,UBC-MB-M-EPO3,Ubc,Ubc mbd,2022-06-16,22,2022,6,16,167,20,09:31:00,00:00:00,3,6,2,Early,2,1,"Aaron Alexander Skinner, Santiago Lugo-Enciso",Moderate,Nublado,No,30.416830225711426,17
UBC-MB-M-EPO3_03,MB-M-EPO3_03,UBC-MB-M-EPO3,Ubc,Ubc mbd,2022-06-17,22,2022,6,17,168,21,07:59:00,00:00:00,3,6,3,Early,3,1,"Aaron Alexander Skinner, Santiago Lugo-Enciso",Light,Nublado,No,30.416830225711426,17
UBC-MB-M-EPO3_03,MB-M-EPO3_03,UBC-MB-M-EPO3,Ubc,Ubc mbd,2026-01-28,25-26,2026,1,28,28,58,07:27:00,00:00:00,3,6,1,Early,1,1,Santiago Lugo-Enciso,Light,Nublado,No,33.22080471050049,17
UBC-MB-M-EPO3_03,MB-M-EPO3_03,UBC-MB-M-EPO3,Ubc,Ubc mbd,2026-01-28,25-26,2026,1,28,28,58,15:47:00,00:00:00,3,6,2,Early,2,1,Santiago Lugo-Enciso,Light,Nublado,No,33.22080471050049,17
UBC-MB-M-EPO3_03,MB-M-EPO3_03,UBC-MB-M-EPO3,Ubc,Ubc mbd,2026-01-29,25-26,2026,1,29,29,59,08:46:00,00:00:00,3,6,3,Early,3,1,Santiago Lugo-Enciso,Light,Nublado,No,33.22080471050049,17
UBC-MB-M-EPO3_04,MB-M-EPO3_04,UBC-MB-M-EPO3,Ubc,Ubc mbd,2022-06-16,22,2022,6,16,167,20,10:00:00,00:00:00,3,6,1,Early,1,1,"Aaron Alexander Skinner, Santiago Lugo-Enciso",None,Nublado,No,30.40225379715828,8.3
UBC-MB-M-EPO3_04,MB-M-EPO3_04,UBC-MB-M-EPO3,Ubc,Ubc mbd,2022-06-17,22,2022,6,17,168,21,05:51:00,00:00:00,3,6,2,Early,2,1,"Aaron Alexander Skinner, Santiago Lugo-Enciso",Light,Nublado,Yes,30.40225379715828,8.3
UBC-MB-M-EPO3_04,MB-M-EPO3_04,UBC-MB-M-EPO3,Ubc,Ubc mbd,2022-06-17,22,2022,6,17,168,21,08:20:00,00:00:00,3,6,3,Early,3,1,"Aaron Alexander Skinner, Santiago Lugo-Enciso",Light,Nublado,No,30.40225379715828,8.3
UBC-MB-M-EPO3_04,MB-M-EPO3_04,UBC-MB-M-EPO3,Ubc,Ubc mbd,2026-01-28,25-26,2026,1,28,28,58,08:30:00,00:00:00,3,6,1,Early,1,1,Santiago Lugo-Enciso,Moderate,Nublado,No,33.606565409113166,11.4
UBC-MB-M-EPO3_04,MB-M-EPO3_04,UBC-MB-M-EPO3,Ubc,Ubc mbd,2026-01-28,25-26,2026,1,28,28,58,16:06:00,00:00:00,3,6,2,Early,2,1,Santiago Lugo-Enciso,Light,Brisa,No,33.606565409113166,11.4
UBC-MB-M-EPO3_04,MB-M-EPO3_04,UBC-MB-M-EPO3,Ubc,Ubc mbd,2026-01-29,25-26,2026,1,29,29,59,09:09:00,00:00:00,3,6,3,Early,3,1,Santiago Lugo-Enciso,Moderate,Nublado,No,33.606565409113166,11.4
UBC-MB-M-EPO3_05,MB-M-EPO3_05,UBC-MB-M-EPO3,Ubc,Ubc mbd,2022-06-16,22,2022,6,16,167,20,07:54:00,00:00:00,3,7,1,Early,1,1,"Aaron Alexander Skinner, Santiago Lugo-Enciso",Light,Nublado,Yes,30.109884719156156,13.2
UBC-MB-M-EPO3_05,MB-M-EPO3_05,UBC-MB-M-EPO3,Ubc,Ubc mbd,2022-06-16,22,2022,6,16,167,20,10:23:00,00:00:00,3,7,2,Early,2,1,"Aaron Alexander Skinner, Santiago Lugo-Enciso",Light,Nublado,Yes,30.109884719156156,13.2
UBC-MB-M-EPO3_05,MB-M-EPO3_05,UBC-MB-M-EPO3,Ubc,Ubc mbd,2022-06-17,22,2022,6,17,168,21,06:18:00,00:00:00,3,7,3,Early,3,1,"Aaron Alexander Skinner, Santiago Lugo-Enciso",Light,Nublado,No,30.109884719156156,13.2
UBC-MB-M-EPO3_05,MB-M-EPO3_05,UBC-MB-M-EPO3,Ubc,Ubc mbd,2026-01-28,25-26,2026,1,28,28,58,08:49:00,00:00:00,3,7,1,Early,1,1,Santiago Lugo-Enciso,Moderate,Nublado,Si,33.920775079715355,13.7
UBC-MB-M-EPO3_05,MB-M-EPO3_05,UBC-MB-M-EPO3,Ubc,Ubc mbd,2026-01-28,25-26,2026,1,28,28,58,16:25:00,00:00:00,3,7,2,Early,2,1,Santiago Lugo-Enciso,Moderate,Brisa,Si,33.920775079715355,13.7
UBC-MB-M-EPO3_05,MB-M-EPO3_05,UBC-MB-M-EPO3,Ubc,Ubc mbd,2026-01-29,25-26,2026,1,29,29,59,06:36:00,00:00:00,3,7,3,Early,3,1,Santiago Lugo-Enciso,Moderate,Nublado,No,33.920775079715355,13.7
UBC-MB-M-EPO3_05,MB-M-EPO3_05,UBC-MB-M-EPO3,Ubc,Ubc mbd,2026-01-29,25-26,2026,1,29,29,59,07:00:00,00:00:00,3,7,4,Early,4,1,Santiago Lugo-Enciso,Moderate,Brisa,No,33.920775079715355,13.7
UBC-MB-M-EPO3_06,MB-M-EPO3_06,UBC-MB-M-EPO3,Ubc,Ubc mbd,2022-06-16,22,2022,6,16,167,20,08:23:00,00:00:00,3,6,1,Early,1,1,"Aaron Alexander Skinner, Santiago Lugo-Enciso",Light,Nublado,No,33.449680903288986,0
UBC-MB-M-EPO3_06,MB-M-EPO3_06,UBC-MB-M-EPO3,Ubc,Ubc mbd,2022-06-16,22,2022,6,16,167,20,10:47:00,00:00:00,3,6,2,Early,2,1,"Aaron Alexander Skinner, Santiago Lugo-Enciso",Light,Nublado,No,33.449680903288986,0
UBC-MB-M-EPO3_06,MB-M-EPO3_06,UBC-MB-M-EPO3,Ubc,Ubc mbd,2022-06-17,22,2022,6,17,168,21,06:52:00,00:00:00,3,6,3,Early,3,1,"Aaron Alexander Skinner, Santiago Lugo-Enciso",Light,Nublado,No,33.449680903288986,0
UBC-MB-M-EPO3_06,MB-M-EPO3_06,UBC-MB-M-EPO3,Ubc,Ubc mbd,2026-01-28,25-26,2026,1,28,28,58,09:07:00,00:00:00,3,6,1,Early,1,1,Santiago Lugo-Enciso,Moderate,Brisa,Si,37.230240549828075,10
UBC-MB-M-EPO3_06,MB-M-EPO3_06,UBC-MB-M-EPO3,Ubc,Ubc mbd,2026-01-28,25-26,2026,1,28,28,58,16:44:00,00:00:00,3,6,2,Early,2,1,Santiago Lugo-Enciso,Moderate,Brisa,Si,37.230240549828075,10
UBC-MB-M-EPO3_06,MB-M-EPO3_06,UBC-MB-M-EPO3,Ubc,Ubc mbd,2026-01-29,25-26,2026,1,29,29,59,07:17:00,00:00:00,3,6,3,Early,3,1,Santiago Lugo-Enciso,Light,Nublado,Si,37.230240549828075,10
UBC-MB-M-LBR_01,MB-M-LBR_01,UBC-MB-M-LBR,Ubc,Ubc mbd,2022-06-18,22,2022,6,18,169,22,07:33:00,00:00:00,1,3,1,Early,1,1,"Aaron Alexander Skinner, Santiago Lugo-Enciso",Light,Nublado,No,62.38423766265678,23.3
UBC-MB-M-LBR_01,MB-M-LBR_01,UBC-MB-M-LBR,Ubc,Ubc mbd,2022-06-18,22,2022,6,18,169,22,09:33:00,00:00:00,1,3,2,Early,2,0,"Aaron Alexander Skinner, Santiago Lugo-Enciso",NA,Despejado,NA,62.38423766265678,23.3
UBC-MB-M-LBR_01,MB-M-LBR_01,UBC-MB-M-LBR,Ubc,Ubc mbd,2022-06-18,22,2022,6,18,169,22,10:38:00,00:00:00,1,3,3,Early,3,1,"Aaron Alexander Skinner, Santiago Lugo-Enciso",Light,Despejado,No,62.38423766265678,23.3
UBC-MB-M-LBR_02,MB-M-LBR_02,UBC-MB-M-LBR,Ubc,Ubc mbd,2022-06-18,22,2022,6,18,169,22,08:56:00,00:00:00,1,3,1,Early,1,1,"Aaron Alexander Skinner, Santiago Lugo-Enciso",Light,Nublado,No,69.56837711760306,23.9
UBC-MB-M-LBR_02,MB-M-LBR_02,UBC-MB-M-LBR,Ubc,Ubc mbd,2022-06-18,22,2022,6,18,169,22,10:04:00,00:00:00,1,3,2,Early,2,1,"Aaron Alexander Skinner, Santiago Lugo-Enciso",Light,Brisa,No,69.56837711760306,23.9
UBC-MB-M-LBR_02,MB-M-LBR_02,UBC-MB-M-LBR,Ubc,Ubc mbd,2022-06-18,22,2022,6,18,169,22,11:05:00,00:00:00,1,3,3,Early,3,1,"Aaron Alexander Skinner, Santiago Lugo-Enciso",Light,Despejado,No,69.56837711760306,23.9
UBC-MB-M-LCR_01,MB-M-LCR_01,UBC-MB-M-LCR,Ubc,Ubc mbd,2026-02-17,25-26,2026,2,17,48,78,06:50:00,00:05:00,4,3,1,Early,1,1,Santiago Lugo-Enciso,Moderate,Nublado,No,52.261274509803975,12.8
UBC-MB-M-LCR_01,MB-M-LCR_01,UBC-MB-M-LCR,Ubc,Ubc mbd,2026-02-18,25-26,2026,2,18,49,79,09:56:00,00:06:00,4,3,2,Early,2,1,Santiago Lugo-Enciso,Moderate,Nublado,No,52.261274509803975,12.8
UBC-MB-M-LCR_01,MB-M-LCR_01,UBC-MB-M-LCR,Ubc,Ubc mbd,2026-02-20,25-26,2026,2,20,51,1,08:51:00,00:00:00,4,3,3,Early,3,1,Santiago Lugo-Enciso,Moderate,Nublado,No,52.261274509803975,12.8
UBC-MB-M-LCR_02,MB-M-LCR_02,UBC-MB-M-LCR,Ubc,Ubc mbd,2026-02-17,25-26,2026,2,17,48,78,08:08:00,00:00:00,2,3,1,Early,1,1,Santiago Lugo-Enciso,Moderate,Brisa,No,53.65743011280047,16.2
UBC-MB-M-LCR_02,MB-M-LCR_02,UBC-MB-M-LCR,Ubc,Ubc mbd,2026-02-18,25-26,2026,2,18,49,79,07:07:00,00:06:00,2,3,2,Early,2,1,Santiago Lugo-Enciso,Moderate,Nublado,No,53.65743011280047,16.2
UBC-MB-M-LCR_02,MB-M-LCR_02,UBC-MB-M-LCR,Ubc,Ubc mbd,2026-02-20,25-26,2026,2,20,51,1,10:01:00,00:05:00,2,3,3,Early,3,1,Santiago Lugo-Enciso,Moderate,Nublado,No,53.65743011280047,16.2
UBC-MB-M-LCR_03,MB-M-LCR_03,UBC-MB-M-LCR,Ubc,Ubc mbd,2026-02-17,25-26,2026,2,17,48,78,07:43:00,00:00:00,4,3,1,Early,1,1,Santiago Lugo-Enciso,Moderate,Nublado,No,53.58372264568482,18.6
UBC-MB-M-LCR_03,MB-M-LCR_03,UBC-MB-M-LCR,Ubc,Ubc mbd,2026-02-18,25-26,2026,2,18,49,79,06:38:00,00:00:00,4,3,2,Early,2,1,Santiago Lugo-Enciso,Moderate,Nublado,No,53.58372264568482,18.6
UBC-MB-M-LCR_03,MB-M-LCR_03,UBC-MB-M-LCR,Ubc,Ubc mbd,2026-02-20,25-26,2026,2,20,51,1,09:42:00,00:00:00,4,3,3,Early,3,1,Santiago Lugo-Enciso,Moderate,Nublado,No,53.58372264568482,18.6
UBC-MB-M-LCR_04,MB-M-LCR_04,UBC-MB-M-LCR,Ubc,Ubc mbd,2026-02-17,25-26,2026,2,17,48,78,07:14:00,00:00:00,4,3,1,Early,1,1,Santiago Lugo-Enciso,Moderate,Nublado,No,52.58347676419971,19.9
UBC-MB-M-LCR_04,MB-M-LCR_04,UBC-MB-M-LCR,Ubc,Ubc mbd,2026-02-18,25-26,2026,2,18,49,79,10:14:00,00:00:00,4,3,2,Early,2,1,Santiago Lugo-Enciso,Moderate,Nublado,No,52.58347676419971,19.9
UBC-MB-M-LCR_04,MB-M-LCR_04,UBC-MB-M-LCR,Ubc,Ubc mbd,2026-02-20,25-26,2026,2,20,51,1,09:14:00,00:00:00,4,3,3,Early,3,1,Santiago Lugo-Enciso,Moderate,Nublado,No,52.58347676419971,19.9
UBC-MB-M-LCR_05,MB-M-LCR_05,UBC-MB-M-LCR,Ubc,Ubc mbd,2026-02-17,25-26,2026,2,17,48,78,08:47:00,00:00:00,2,3,1,Early,1,1,Santiago Lugo-Enciso,Moderate,Nublado,No,53.9011770475724,18.6
UBC-MB-M-LCR_05,MB-M-LCR_05,UBC-MB-M-LCR,Ubc,Ubc mbd,2026-02-18,25-26,2026,2,18,49,79,07:56:00,00:00:00,2,3,2,Early,2,1,Santiago Lugo-Enciso,Moderate,Nublado,No,53.9011770475724,18.6
UBC-MB-M-LCR_05,MB-M-LCR_05,UBC-MB-M-LCR,Ubc,Ubc mbd,2026-02-20,25-26,2026,2,20,51,1,06:29:00,00:00:00,2,3,3,Early,3,1,Santiago Lugo-Enciso,Moderate,Nublado,No,53.9011770475724,18.6
UBC-MB-M-LCR_06,MB-M-LCR_06,UBC-MB-M-LCR,Ubc,Ubc mbd,2026-02-17,25-26,2026,2,17,48,78,09:17:00,00:00:00,2,3,1,Early,1,1,Santiago Lugo-Enciso,Moderate,Nublado,No,54.6248465504543,17.5
UBC-MB-M-LCR_06,MB-M-LCR_06,UBC-MB-M-LCR,Ubc,Ubc mbd,2026-02-18,25-26,2026,2,18,49,79,08:30:00,00:00:00,2,3,2,Early,2,1,Santiago Lugo-Enciso,Moderate,Nublado,No,54.6248465504543,17.5
UBC-MB-M-LCR_06,MB-M-LCR_06,UBC-MB-M-LCR,Ubc,Ubc mbd,2026-02-20,25-26,2026,2,20,51,1,06:54:00,00:00:00,2,3,3,Early,3,1,Santiago Lugo-Enciso,Moderate,Nublado,No,54.6248465504543,17.5
UBC-MB-M-LCR_07,MB-M-LCR_07,UBC-MB-M-LCR,Ubc,Ubc mbd,2026-02-17,25-26,2026,2,17,48,78,08:27:00,00:06:00,2,3,1,Early,1,1,Santiago Lugo-Enciso,Moderate,Nublado,No,53.96468857282978,12.3
UBC-MB-M-LCR_07,MB-M-LCR_07,UBC-MB-M-LCR,Ubc,Ubc mbd,2026-02-18,25-26,2026,2,18,49,79,07:32:00,00:00:00,2,3,2,Early,2,1,Santiago Lugo-Enciso,Moderate,Nublado,No,53.96468857282978,12.3
UBC-MB-M-LCR_07,MB-M-LCR_07,UBC-MB-M-LCR,Ubc,Ubc mbd,2026-02-20,25-26,2026,2,20,51,1,10:15:00,00:00:00,2,3,3,Early,3,1,Santiago Lugo-Enciso,Moderate,Nublado,No,53.96468857282978,12.3
UBC-MB-M-LCR_08,MB-M-LCR_08,UBC-MB-M-LCR,Ubc,Ubc mbd,2026-02-17,25-26,2026,2,17,48,78,06:34:00,00:00:00,2,3,1,Early,1,1,Santiago Lugo-Enciso,Moderate,Nublado,No,51.18682664054841,0
UBC-MB-M-LCR_08,MB-M-LCR_08,UBC-MB-M-LCR,Ubc,Ubc mbd,2026-02-18,25-26,2026,2,18,49,79,09:38:00,00:00:00,2,3,2,Early,2,1,Santiago Lugo-Enciso,Moderate,Nublado,No,51.18682664054841,0
UBC-MB-M-LCR_08,MB-M-LCR_08,UBC-MB-M-LCR,Ubc,Ubc mbd,2026-02-20,25-26,2026,2,20,51,1,08:22:00,00:00:00,2,3,3,Early,3,1,Santiago Lugo-Enciso,Moderate,Nublado,No,51.18682664054841,0
UBC-MB-M-LCR_09,MB-M-LCR_09,UBC-MB-M-LCR,Ubc,Ubc mbd,2026-02-17,25-26,2026,2,17,48,78,09:49:00,00:00:00,2,3,1,Early,1,1,Santiago Lugo-Enciso,Moderate,Nublado,Si,51.49031150355661,12.4
UBC-MB-M-LCR_09,MB-M-LCR_09,UBC-MB-M-LCR,Ubc,Ubc mbd,2026-02-18,25-26,2026,2,18,49,79,08:59:00,00:00:00,2,3,2,Early,2,1,Santiago Lugo-Enciso,Moderate,Nublado,No,51.49031150355661,12.4
UBC-MB-M-LCR_09,MB-M-LCR_09,UBC-MB-M-LCR,Ubc,Ubc mbd,2026-02-20,25-26,2026,2,20,51,1,07:21:00,00:00:00,2,3,3,Early,3,1,Santiago Lugo-Enciso,Moderate,Brisa,No,51.49031150355661,12.4
UBC-MB-M-LP2_01,MB-M-LP2_01,UBC-MB-M-LP2,Ubc,Ubc mbd,2022-06-02,22,2022,6,2,153,6,09:44:00,00:00:00,3,6,1,Early,1,1,"Aaron Alexander Skinner, Santiago Lugo-Enciso",Light,Nublado,No,29.64988951632684,0
UBC-MB-M-LP2_01,MB-M-LP2_01,UBC-MB-M-LP2,Ubc,Ubc mbd,2022-06-04,22,2022,6,4,155,8,07:46:00,00:00:00,3,6,2,Early,2,1,"Aaron Alexander Skinner, Santiago Lugo-Enciso",Moderate,Nublado,Yes,29.64988951632684,0
UBC-MB-M-LP2_01,MB-M-LP2_01,UBC-MB-M-LP2,Ubc,Ubc mbd,2022-06-06,22,2022,6,6,157,10,10:49:00,00:00:00,3,6,3,Early,3,1,"Aaron Alexander Skinner, Santiago Lugo-Enciso",Light,Brisa,No,29.64988951632684,0
UBC-MB-M-LP2_01,MB-M-LP2_01,UBC-MB-M-LP2,Ubc,Ubc mbd,2026-01-10,25-26,2026,1,10,10,40,10:44:00,00:00:00,3,6,1,Early,1,1,Santiago Lugo-Enciso,Light,Brisa,No,30.769702921679137,0
UBC-MB-M-LP2_01,MB-M-LP2_01,UBC-MB-M-LP2,Ubc,Ubc mbd,2026-01-11,25-26,2026,1,11,11,41,08:31:00,00:00:00,3,6,2,Early,2,1,Santiago Lugo-Enciso,Moderate,Brisa,No,30.769702921679137,0
UBC-MB-M-LP2_01,MB-M-LP2_01,UBC-MB-M-LP2,Ubc,Ubc mbd,2026-01-12,25-26,2026,1,12,12,42,06:51:00,00:00:00,3,6,3,Early,3,1,Santiago Lugo-Enciso,Light,Nublado,No,30.769702921679137,0
UBC-MB-M-LP2_02,MB-M-LP2_02,UBC-MB-M-LP2,Ubc,Ubc mbd,2022-06-02,22,2022,6,2,153,6,10:02:00,00:00:00,3,6,1,Early,1,1,"Aaron Alexander Skinner, Santiago Lugo-Enciso",Light,Brisa,Yes,29.026025042965987,12
UBC-MB-M-LP2_02,MB-M-LP2_02,UBC-MB-M-LP2,Ubc,Ubc mbd,2022-06-04,22,2022,6,4,155,8,08:13:00,00:00:00,3,6,2,Early,2,1,"Aaron Alexander Skinner, Santiago Lugo-Enciso",Light,Nublado,No,29.026025042965987,12
UBC-MB-M-LP2_02,MB-M-LP2_02,UBC-MB-M-LP2,Ubc,Ubc mbd,2022-06-06,22,2022,6,6,157,10,06:10:00,00:00:00,3,6,3,Early,3,1,"Aaron Alexander Skinner, Santiago Lugo-Enciso",Light,Nublado,No,29.026025042965987,12
UBC-MB-M-LP2_02,MB-M-LP2_02,UBC-MB-M-LP2,Ubc,Ubc mbd,2026-01-10,25-26,2026,1,10,10,40,10:58:00,00:00:00,3,6,1,Early,1,1,Santiago Lugo-Enciso,Moderate,Despejado,Si,30.11907684753274,13.8
UBC-MB-M-LP2_02,MB-M-LP2_02,UBC-MB-M-LP2,Ubc,Ubc mbd,2026-01-11,25-26,2026,1,11,11,41,08:49:00,00:00:00,3,6,2,Early,2,0,Santiago Lugo-Enciso,Moderate,Brisa,Si,30.11907684753274,13.8
UBC-MB-M-LP2_02,MB-M-LP2_02,UBC-MB-M-LP2,Ubc,Ubc mbd,2026-01-12,25-26,2026,1,12,12,42,07:28:00,00:00:00,3,6,3,Early,3,1,Santiago Lugo-Enciso,Moderate,Nublado,No,30.11907684753274,13.8
UBC-MB-M-LP2_03,MB-M-LP2_03,UBC-MB-M-LP2,Ubc,Ubc mbd,2022-06-02,22,2022,6,2,153,6,10:21:00,00:00:00,3,6,1,Early,1,1,"Aaron Alexander Skinner, Santiago Lugo-Enciso",Light,Nublado,No,28.502697400686436,15.2
UBC-MB-M-LP2_03,MB-M-LP2_03,UBC-MB-M-LP2,Ubc,Ubc mbd,2022-06-04,22,2022,6,4,155,8,08:30:00,00:00:00,3,6,2,Early,2,1,"Aaron Alexander Skinner, Santiago Lugo-Enciso",Light,Nublado,No,28.502697400686436,15.2
UBC-MB-M-LP2_03,MB-M-LP2_03,UBC-MB-M-LP2,Ubc,Ubc mbd,2022-06-06,22,2022,6,6,157,10,06:32:00,00:00:00,3,6,3,Early,3,1,"Aaron Alexander Skinner, Santiago Lugo-Enciso",Light,Despejado,No,28.502697400686436,15.2
UBC-MB-M-LP2_03,MB-M-LP2_03,UBC-MB-M-LP2,Ubc,Ubc mbd,2026-01-10,25-26,2026,1,10,10,40,06:07:00,00:00:00,3,6,1,Early,1,1,Santiago Lugo-Enciso,Moderate,Nublado,No,29.58680725846016,16
UBC-MB-M-LP2_03,MB-M-LP2_03,UBC-MB-M-LP2,Ubc,Ubc mbd,2026-01-11,25-26,2026,1,11,11,41,09:10:00,00:00:00,3,6,2,Early,2,1,Santiago Lugo-Enciso,Light,Nublado,No,29.58680725846016,16
UBC-MB-M-LP2_03,MB-M-LP2_03,UBC-MB-M-LP2,Ubc,Ubc mbd,2026-01-12,25-26,2026,1,12,12,42,07:44:00,00:00:00,3,6,3,Early,3,1,Santiago Lugo-Enciso,Moderate,Nublado,No,29.58680725846016,16
UBC-MB-M-LP2_04,MB-M-LP2_04,UBC-MB-M-LP2,Ubc,Ubc mbd,2022-06-02,22,2022,6,2,153,6,10:40:00,00:00:00,3,6,1,Early,1,1,"Aaron Alexander Skinner, Santiago Lugo-Enciso",Light,Brisa,No,27.09108765038072,11.6
UBC-MB-M-LP2_04,MB-M-LP2_04,UBC-MB-M-LP2,Ubc,Ubc mbd,2022-06-04,22,2022,6,4,155,8,08:58:00,00:00:00,3,6,2,Early,2,1,"Aaron Alexander Skinner, Santiago Lugo-Enciso",Light,Nublado,No,27.09108765038072,11.6
UBC-MB-M-LP2_04,MB-M-LP2_04,UBC-MB-M-LP2,Ubc,Ubc mbd,2022-06-06,22,2022,6,6,157,10,06:54:00,00:00:00,3,6,3,Early,3,1,"Aaron Alexander Skinner, Santiago Lugo-Enciso",Light,Despejado,No,27.09108765038072,11.6
UBC-MB-M-LP2_04,MB-M-LP2_04,UBC-MB-M-LP2,Ubc,Ubc mbd,2026-01-10,25-26,2026,1,10,10,40,06:27:00,00:00:00,3,6,1,Early,1,1,Santiago Lugo-Enciso,Light,Nublado,No,28.186103609133205,11.6
UBC-MB-M-LP2_04,MB-M-LP2_04,UBC-MB-M-LP2,Ubc,Ubc mbd,2026-01-11,25-26,2026,1,11,11,41,09:35:00,00:00:00,3,6,2,Early,2,1,Santiago Lugo-Enciso,Moderate,Nublado,No,28.186103609133205,11.6
UBC-MB-M-LP2_04,MB-M-LP2_04,UBC-MB-M-LP2,Ubc,Ubc mbd,2026-01-12,25-26,2026,1,12,12,42,07:59:00,00:00:00,3,6,3,Early,3,1,Santiago Lugo-Enciso,Moderate,Nublado,No,28.186103609133205,11.6
UBC-MB-M-LP2_05,MB-M-LP2_05,UBC-MB-M-LP2,Ubc,Ubc mbd,2022-06-02,22,2022,6,2,153,6,11:00:00,00:00:00,3,6,1,Early,1,1,"Aaron Alexander Skinner, Santiago Lugo-Enciso",Moderate,Nublado,No,26.78399607265577,21
UBC-MB-M-LP2_05,MB-M-LP2_05,UBC-MB-M-LP2,Ubc,Ubc mbd,2022-06-04,22,2022,6,4,155,8,09:29:00,00:00:00,3,6,2,Early,2,1,"Aaron Alexander Skinner, Santiago Lugo-Enciso",Moderate,Nublado,No,26.78399607265577,21
UBC-MB-M-LP2_05,MB-M-LP2_05,UBC-MB-M-LP2,Ubc,Ubc mbd,2022-06-06,22,2022,6,6,157,10,07:20:00,00:00:00,3,6,3,Early,3,1,"Aaron Alexander Skinner, Santiago Lugo-Enciso",Moderate,Despejado,No,26.78399607265577,21
UBC-MB-M-LP2_05,MB-M-LP2_05,UBC-MB-M-LP2,Ubc,Ubc mbd,2026-01-10,25-26,2026,1,10,10,40,07:07:00,00:00:00,3,6,1,Early,1,1,Santiago Lugo-Enciso,Light,Nublado,No,27.84094256259244,21
UBC-MB-M-LP2_05,MB-M-LP2_05,UBC-MB-M-LP2,Ubc,Ubc mbd,2026-01-11,25-26,2026,1,11,11,41,10:00:00,00:00:00,3,6,2,Early,2,1,Santiago Lugo-Enciso,Light,Nublado,No,27.84094256259244,21
UBC-MB-M-LP2_05,MB-M-LP2_05,UBC-MB-M-LP2,Ubc,Ubc mbd,2026-01-12,25-26,2026,1,12,12,42,08:25:00,00:00:00,3,6,3,Early,3,1,Santiago Lugo-Enciso,Light,Nublado,No,27.84094256259244,21
UBC-MB-M-LP2_06,MB-M-LP2_06,UBC-MB-M-LP2,Ubc,Ubc mbd,2022-06-02,22,2022,6,2,153,6,06:16:00,00:00:00,3,6,1,Early,1,1,"Aaron Alexander Skinner, Santiago Lugo-Enciso",Moderate,Nublado,No,24.283472290338157,0
UBC-MB-M-LP2_06,MB-M-LP2_06,UBC-MB-M-LP2,Ubc,Ubc mbd,2022-06-04,22,2022,6,4,155,8,09:54:00,00:00:00,3,6,2,Early,2,1,"Aaron Alexander Skinner, Santiago Lugo-Enciso",Moderate,Nublado,No,24.283472290338157,0
UBC-MB-M-LP2_06,MB-M-LP2_06,UBC-MB-M-LP2,Ubc,Ubc mbd,2022-06-06,22,2022,6,6,157,10,07:45:00,00:00:00,3,6,3,Early,3,1,"Aaron Alexander Skinner, Santiago Lugo-Enciso",Moderate,Nublado,No,24.283472290338157,0
UBC-MB-M-LP2_06,MB-M-LP2_06,UBC-MB-M-LP2,Ubc,Ubc mbd,2026-01-10,25-26,2026,1,10,10,40,07:40:00,00:00:00,3,6,1,Early,1,1,Santiago Lugo-Enciso,Light,Nublado,No,25.400441392840253,0
UBC-MB-M-LP2_06,MB-M-LP2_06,UBC-MB-M-LP2,Ubc,Ubc mbd,2026-01-11,25-26,2026,1,11,11,41,10:23:00,00:00:00,3,6,2,Early,2,1,Santiago Lugo-Enciso,Moderate,Brisa,No,25.400441392840253,0
UBC-MB-M-LP2_06,MB-M-LP2_06,UBC-MB-M-LP2,Ubc,Ubc mbd,2026-01-12,25-26,2026,1,12,12,42,08:51:00,00:00:00,3,6,3,Early,3,1,Santiago Lugo-Enciso,Light,Brisa,No,25.400441392840253,0
UBC-MB-M-LP2_07,MB-M-LP2_07,UBC-MB-M-LP2,Ubc,Ubc mbd,2022-06-02,22,2022,6,2,153,6,06:39:00,00:00:00,3,6,1,Early,1,1,"Aaron Alexander Skinner, Santiago Lugo-Enciso",Moderate,Nublado,Yes,24.25361785626685,0
UBC-MB-M-LP2_07,MB-M-LP2_07,UBC-MB-M-LP2,Ubc,Ubc mbd,2022-06-04,22,2022,6,4,155,8,10:18:00,00:00:00,3,6,2,Early,2,1,"Aaron Alexander Skinner, Santiago Lugo-Enciso",Moderate,Brisa,Yes,24.25361785626685,0
UBC-MB-M-LP2_07,MB-M-LP2_07,UBC-MB-M-LP2,Ubc,Ubc mbd,2022-06-06,22,2022,6,6,157,10,08:06:00,00:00:00,3,6,3,Early,3,1,"Aaron Alexander Skinner, Santiago Lugo-Enciso",Light,Brisa,No,24.25361785626685,0
UBC-MB-M-LP2_07,MB-M-LP2_07,UBC-MB-M-LP2,Ubc,Ubc mbd,2026-01-10,25-26,2026,1,10,10,40,08:12:00,00:00:00,3,6,1,Early,1,1,Santiago Lugo-Enciso,Moderate,Nublado,No,25.176355163110564,0
UBC-MB-M-LP2_07,MB-M-LP2_07,UBC-MB-M-LP2,Ubc,Ubc mbd,2026-01-11,25-26,2026,1,11,11,41,06:02:00,00:00:00,3,6,2,Early,2,0,Santiago Lugo-Enciso,Moderate,Brisa,No,25.176355163110564,0
UBC-MB-M-LP2_07,MB-M-LP2_07,UBC-MB-M-LP2,Ubc,Ubc mbd,2026-01-12,25-26,2026,1,12,12,42,09:09:00,00:00:00,3,6,3,Early,3,1,Santiago Lugo-Enciso,Light,Nublado,No,25.176355163110564,0
UBC-MB-M-LP2_08,MB-M-LP2_08,UBC-MB-M-LP2,Ubc,Ubc mbd,2022-06-02,22,2022,6,2,153,6,07:05:00,00:00:00,3,6,1,Early,1,1,"Aaron Alexander Skinner, Santiago Lugo-Enciso",Light,Nublado,No,25.54315220063912,0
UBC-MB-M-LP2_08,MB-M-LP2_08,UBC-MB-M-LP2,Ubc,Ubc mbd,2022-06-04,22,2022,6,4,155,8,10:37:00,00:00:00,3,6,2,Early,2,1,"Aaron Alexander Skinner, Santiago Lugo-Enciso",Moderate,Brisa,No,25.54315220063912,0
UBC-MB-M-LP2_08,MB-M-LP2_08,UBC-MB-M-LP2,Ubc,Ubc mbd,2022-06-06,22,2022,6,6,157,10,08:29:00,00:00:00,3,6,3,Early,3,1,"Aaron Alexander Skinner, Santiago Lugo-Enciso",Light,Brisa,No,25.54315220063912,0
UBC-MB-M-LP2_08,MB-M-LP2_08,UBC-MB-M-LP2,Ubc,Ubc mbd,2026-01-10,25-26,2026,1,10,10,40,08:32:00,00:00:00,3,6,1,Early,1,1,Santiago Lugo-Enciso,Moderate,Nublado,No,26.65232358003457,0
UBC-MB-M-LP2_08,MB-M-LP2_08,UBC-MB-M-LP2,Ubc,Ubc mbd,2026-01-11,25-26,2026,1,11,11,41,06:22:00,00:00:00,3,6,2,Early,2,1,Santiago Lugo-Enciso,Moderate,Nublado,No,26.65232358003457,0
UBC-MB-M-LP2_08,MB-M-LP2_08,UBC-MB-M-LP2,Ubc,Ubc mbd,2026-01-12,25-26,2026,1,12,12,42,09:25:00,00:00:00,3,6,3,Early,3,1,Santiago Lugo-Enciso,Moderate,Nublado,No,26.65232358003457,0
UBC-MB-M-LP2_09,MB-M-LP2_09,UBC-MB-M-LP2,Ubc,Ubc mbd,2022-06-02,22,2022,6,2,153,6,07:26:00,00:00:00,3,6,1,Early,1,1,"Aaron Alexander Skinner, Santiago Lugo-Enciso",None,Nublado,No,29.092937714566094,0
UBC-MB-M-LP2_09,MB-M-LP2_09,UBC-MB-M-LP2,Ubc,Ubc mbd,2022-06-04,22,2022,6,4,155,8,10:58:00,00:00:00,3,6,2,Early,2,1,"Aaron Alexander Skinner, Santiago Lugo-Enciso",Light,Brisa,No,29.092937714566094,0
UBC-MB-M-LP2_09,MB-M-LP2_09,UBC-MB-M-LP2,Ubc,Ubc mbd,2022-06-06,22,2022,6,6,157,10,08:50:00,00:00:00,3,6,3,Early,3,1,"Aaron Alexander Skinner, Santiago Lugo-Enciso",Light,Nublado,No,29.092937714566094,0
UBC-MB-M-LP2_09,MB-M-LP2_09,UBC-MB-M-LP2,Ubc,Ubc mbd,2026-01-10,25-26,2026,1,10,10,40,08:58:00,00:00:00,3,6,1,Early,1,1,Santiago Lugo-Enciso,Moderate,Nublado,No,30.44507111329108,0
UBC-MB-M-LP2_09,MB-M-LP2_09,UBC-MB-M-LP2,Ubc,Ubc mbd,2026-01-11,25-26,2026,1,11,11,41,06:41:00,00:00:00,3,6,2,Early,2,1,Santiago Lugo-Enciso,Moderate,Nublado,No,30.44507111329108,0
UBC-MB-M-LP2_09,MB-M-LP2_09,UBC-MB-M-LP2,Ubc,Ubc mbd,2026-01-12,25-26,2026,1,12,12,42,09:41:00,00:00:00,3,6,3,Early,3,1,Santiago Lugo-Enciso,Moderate,Nublado,No,30.44507111329108,0
UBC-MB-M-LP2_10,MB-M-LP2_10,UBC-MB-M-LP2,Ubc,Ubc mbd,2022-06-02,22,2022,6,2,153,6,07:50:00,00:00:00,3,6,1,Early,1,1,"Aaron Alexander Skinner, Santiago Lugo-Enciso",None,Nublado,No,36.539254170755925,0
UBC-MB-M-LP2_10,MB-M-LP2_10,UBC-MB-M-LP2,Ubc,Ubc mbd,2022-06-04,22,2022,6,4,155,8,06:08:00,00:00:00,3,6,2,Early,2,1,"Aaron Alexander Skinner, Santiago Lugo-Enciso",Light,Nublado,No,36.539254170755925,0
UBC-MB-M-LP2_10,MB-M-LP2_10,UBC-MB-M-LP2,Ubc,Ubc mbd,2022-06-06,22,2022,6,6,157,10,09:18:00,00:00:00,3,6,3,Early,3,1,"Aaron Alexander Skinner, Santiago Lugo-Enciso",Light,Nublado,No,36.539254170755925,0
UBC-MB-M-LP2_10,MB-M-LP2_10,UBC-MB-M-LP2,Ubc,Ubc mbd,2026-01-10,25-26,2026,1,10,10,40,09:16:00,00:00:00,3,6,1,Early,1,1,Santiago Lugo-Enciso,Moderate,Nublado,Si,37.7416584887146,0
UBC-MB-M-LP2_10,MB-M-LP2_10,UBC-MB-M-LP2,Ubc,Ubc mbd,2026-01-11,25-26,2026,1,11,11,41,06:59:00,00:00:00,3,6,2,Early,2,1,Santiago Lugo-Enciso,Moderate,Brisa,No,37.7416584887146,0
UBC-MB-M-LP2_10,MB-M-LP2_10,UBC-MB-M-LP2,Ubc,Ubc mbd,2026-01-12,25-26,2026,1,12,12,42,10:06:00,00:00:00,3,6,3,Early,3,1,Santiago Lugo-Enciso,Light,Brisa,No,37.7416584887146,0
UBC-MB-M-LP2_11,MB-M-LP2_11,UBC-MB-M-LP2,Ubc,Ubc mbd,2022-06-02,22,2022,6,2,153,6,09:05:00,00:00:00,3,6,1,Early,1,1,"Aaron Alexander Skinner, Santiago Lugo-Enciso",Loud,Nublado,No,25.71964679911704,16.1
UBC-MB-M-LP2_11,MB-M-LP2_11,UBC-MB-M-LP2,Ubc,Ubc mbd,2022-06-04,22,2022,6,4,155,8,07:15:00,00:00:00,3,6,2,Early,2,1,"Aaron Alexander Skinner, Santiago Lugo-Enciso",Loud,Nublado,No,25.71964679911704,16.1
UBC-MB-M-LP2_11,MB-M-LP2_11,UBC-MB-M-LP2,Ubc,Ubc mbd,2022-06-06,22,2022,6,6,157,10,10:20:00,00:00:00,3,6,3,Early,3,1,"Aaron Alexander Skinner, Santiago Lugo-Enciso",Loud,Nublado,No,25.71964679911704,16.1
UBC-MB-M-LP2_11,MB-M-LP2_11,UBC-MB-M-LP2,Ubc,Ubc mbd,2026-01-10,25-26,2026,1,10,10,40,10:14:00,00:00:00,3,6,1,Early,1,1,Santiago Lugo-Enciso,Light,Nublado,No,26.925190090753055,16.1
UBC-MB-M-LP2_11,MB-M-LP2_11,UBC-MB-M-LP2,Ubc,Ubc mbd,2026-01-11,25-26,2026,1,11,11,41,08:03:00,00:00:00,3,6,2,Early,2,1,Santiago Lugo-Enciso,Light,Nublado,No,26.925190090753055,16.1
UBC-MB-M-LP2_11,MB-M-LP2_11,UBC-MB-M-LP2,Ubc,Ubc mbd,2026-01-12,25-26,2026,1,12,12,42,06:27:00,00:00:00,3,6,3,Early,3,1,Santiago Lugo-Enciso,Light,Nublado,No,26.925190090753055,16.1
UBC-MB-M-LP2_12,MB-M-LP2_12,UBC-MB-M-LP2,Ubc,Ubc mbd,2022-06-02,22,2022,6,2,153,6,08:41:00,00:00:00,3,6,1,Early,1,1,"Aaron Alexander Skinner, Santiago Lugo-Enciso",Light,Nublado,No,24.36734693877553,9.5
UBC-MB-M-LP2_12,MB-M-LP2_12,UBC-MB-M-LP2,Ubc,Ubc mbd,2022-06-04,22,2022,6,4,155,8,06:46:00,00:00:00,3,6,2,Early,2,1,"Aaron Alexander Skinner, Santiago Lugo-Enciso",Light,Nublado,No,24.36734693877553,9.5
UBC-MB-M-LP2_12,MB-M-LP2_12,UBC-MB-M-LP2,Ubc,Ubc mbd,2022-06-06,22,2022,6,6,157,10,09:53:00,00:00:00,3,6,3,Early,3,1,"Aaron Alexander Skinner, Santiago Lugo-Enciso",Light,Nublado,No,24.36734693877553,9.5
UBC-MB-M-LP2_12,MB-M-LP2_12,UBC-MB-M-LP2,Ubc,Ubc mbd,2026-01-10,25-26,2026,1,10,10,40,09:53:00,00:00:00,3,6,1,Early,1,0,Santiago Lugo-Enciso,Moderate,Brisa,No,25.688959921317952,9.5
UBC-MB-M-LP2_12,MB-M-LP2_12,UBC-MB-M-LP2,Ubc,Ubc mbd,2026-01-11,25-26,2026,1,11,11,41,07:33:00,00:00:00,3,6,2,Early,2,1,Santiago Lugo-Enciso,Moderate,Brisa,No,25.688959921317952,9.5
UBC-MB-M-LP2_12,MB-M-LP2_12,UBC-MB-M-LP2,Ubc,Ubc mbd,2026-01-12,25-26,2026,1,12,12,42,06:07:00,00:00:00,3,6,3,Early,3,1,Santiago Lugo-Enciso,Moderate,Nublado,No,25.688959921317952,9.5
UBC-MB-M-LRO1_01,MB-M-LRO1_01,UBC-MB-M-LRO1,Ubc,Ubc mbd,2022-06-12,22,2022,6,12,163,16,07:32:00,00:00:00,3,6,1,Early,1,1,"Aaron Alexander Skinner, Santiago Lugo-Enciso",Light,Nublado,No,48.2899190581312,17.4
UBC-MB-M-LRO1_01,MB-M-LRO1_01,UBC-MB-M-LRO1,Ubc,Ubc mbd,2022-06-14,22,2022,6,14,165,18,09:32:00,00:00:00,3,6,2,Early,2,1,"Aaron Alexander Skinner, Santiago Lugo-Enciso",Light,Nublado,No,48.2899190581312,17.4
UBC-MB-M-LRO1_01,MB-M-LRO1_01,UBC-MB-M-LRO1,Ubc,Ubc mbd,2022-06-15,22,2022,6,15,166,19,08:40:00,00:00:00,3,6,3,Early,3,1,"Aaron Alexander Skinner, Santiago Lugo-Enciso",Light,Nublado,No,48.2899190581312,17.4
UBC-MB-M-LRO1_01,MB-M-LRO1_01,UBC-MB-M-LRO1,Ubc,Ubc mbd,2026-01-07,25-26,2026,1,7,7,37,11:18:00,00:06:00,3,6,1,Early,1,1,Santiago Lugo-Enciso,Light,Brisa,No,49.44959529065509,17.4
UBC-MB-M-LRO1_01,MB-M-LRO1_01,UBC-MB-M-LRO1,Ubc,Ubc mbd,2026-01-08,25-26,2026,1,8,8,38,09:57:00,00:05:00,3,6,2,Early,2,1,Santiago Lugo-Enciso,Light,Brisa,No,49.44959529065509,17.4
UBC-MB-M-LRO1_01,MB-M-LRO1_01,UBC-MB-M-LRO1,Ubc,Ubc mbd,2026-01-09,25-26,2026,1,9,9,39,07:25:00,00:05:00,3,6,3,Early,3,1,Santiago Lugo-Enciso,Moderate,Nublado,No,49.44959529065509,17.4
UBC-MB-M-LRO1_02,MB-M-LRO1_02,UBC-MB-M-LRO1,Ubc,Ubc mbd,2022-06-12,22,2022,6,12,163,16,08:07:00,00:00:00,3,7,1,Early,1,1,"Aaron Alexander Skinner, Santiago Lugo-Enciso",Light,Nublado,No,50.71719401520712,0
UBC-MB-M-LRO1_02,MB-M-LRO1_02,UBC-MB-M-LRO1,Ubc,Ubc mbd,2022-06-14,22,2022,6,14,165,18,05:46:00,00:00:00,3,7,2,Early,2,1,"Aaron Alexander Skinner, Santiago Lugo-Enciso",Moderate,Nublado,Yes,50.71719401520712,0
UBC-MB-M-LRO1_02,MB-M-LRO1_02,UBC-MB-M-LRO1,Ubc,Ubc mbd,2022-06-15,22,2022,6,15,166,19,09:17:00,00:00:00,3,7,3,Early,3,1,"Aaron Alexander Skinner, Santiago Lugo-Enciso",Light,Nublado,Yes,50.71719401520712,0
UBC-MB-M-LRO1_02,MB-M-LRO1_02,UBC-MB-M-LRO1,Ubc,Ubc mbd,2026-01-06,25-26,2026,1,6,6,36,06:50:00,00:00:00,3,7,1,Early,1,1,Santiago Lugo-Enciso,Moderate,Llovizna,No,51.9372087319109,0
UBC-MB-M-LRO1_02,MB-M-LRO1_02,UBC-MB-M-LRO1,Ubc,Ubc mbd,2026-01-07,25-26,2026,1,7,7,37,05:52:00,00:00:00,3,7,2,Early,2,1,Santiago Lugo-Enciso,Moderate,Despejado,No,51.9372087319109,0
UBC-MB-M-LRO1_02,MB-M-LRO1_02,UBC-MB-M-LRO1,Ubc,Ubc mbd,2026-01-08,25-26,2026,1,8,8,38,10:29:00,00:00:00,3,7,3,Early,3,0,Santiago Lugo-Enciso,Moderate,Brisa,No,51.9372087319109,0
UBC-MB-M-LRO1_02,MB-M-LRO1_02,UBC-MB-M-LRO1,Ubc,Ubc mbd,2026-01-09,25-26,2026,1,9,9,39,07:55:00,00:00:00,3,7,4,Early,4,1,Santiago Lugo-Enciso,Moderate,Brisa,No,51.9372087319109,0
UBC-MB-M-LRO1_03,MB-M-LRO1_03,UBC-MB-M-LRO1,Ubc,Ubc mbd,2022-06-12,22,2022,6,12,163,16,08:31:00,00:00:00,3,7,1,Early,1,1,"Aaron Alexander Skinner, Santiago Lugo-Enciso",Light,Brisa,Yes,50.932531894013806,0
UBC-MB-M-LRO1_03,MB-M-LRO1_03,UBC-MB-M-LRO1,Ubc,Ubc mbd,2022-06-14,22,2022,6,14,165,18,06:11:00,00:00:00,3,7,2,Early,2,1,"Aaron Alexander Skinner, Santiago Lugo-Enciso",Light,Nublado,No,50.932531894013806,0
UBC-MB-M-LRO1_03,MB-M-LRO1_03,UBC-MB-M-LRO1,Ubc,Ubc mbd,2022-06-15,22,2022,6,15,166,19,09:37:00,00:00:00,3,7,3,Early,3,1,"Aaron Alexander Skinner, Santiago Lugo-Enciso",None,Nublado,No,50.932531894013806,0
UBC-MB-M-LRO1_03,MB-M-LRO1_03,UBC-MB-M-LRO1,Ubc,Ubc mbd,2026-01-06,25-26,2026,1,6,6,36,08:00:00,00:00:00,3,7,1,Early,1,1,Santiago Lugo-Enciso,Moderate,Llovizna,No,52.140824337586295,0
UBC-MB-M-LRO1_03,MB-M-LRO1_03,UBC-MB-M-LRO1,Ubc,Ubc mbd,2026-01-07,25-26,2026,1,7,7,37,06:11:00,00:00:00,3,7,2,Early,2,1,Santiago Lugo-Enciso,Moderate,Despejado,No,52.140824337586295,0
UBC-MB-M-LRO1_03,MB-M-LRO1_03,UBC-MB-M-LRO1,Ubc,Ubc mbd,2026-01-08,25-26,2026,1,8,8,38,10:48:00,00:00:00,3,7,3,Early,3,1,Santiago Lugo-Enciso,Moderate,Brisa,No,52.140824337586295,0
UBC-MB-M-LRO1_03,MB-M-LRO1_03,UBC-MB-M-LRO1,Ubc,Ubc mbd,2026-01-09,25-26,2026,1,9,9,39,08:12:00,00:00:00,3,7,4,Early,4,1,Santiago Lugo-Enciso,Moderate,Brisa,No,52.140824337586295,0
UBC-MB-M-LRO1_04,MB-M-LRO1_04,UBC-MB-M-LRO1,Ubc,Ubc mbd,2022-06-12,22,2022,6,12,163,16,08:57:00,00:00:00,3,6,1,Early,1,1,"Aaron Alexander Skinner, Santiago Lugo-Enciso",Light,Brisa,No,48.425944090240925,9
UBC-MB-M-LRO1_04,MB-M-LRO1_04,UBC-MB-M-LRO1,Ubc,Ubc mbd,2022-06-14,22,2022,6,14,165,18,06:34:00,00:00:00,3,6,2,Early,2,1,"Aaron Alexander Skinner, Santiago Lugo-Enciso",Light,Nublado,No,48.425944090240925,9
UBC-MB-M-LRO1_04,MB-M-LRO1_04,UBC-MB-M-LRO1,Ubc,Ubc mbd,2022-06-15,22,2022,6,15,166,19,10:01:00,00:00:00,3,6,3,Early,3,1,"Aaron Alexander Skinner, Santiago Lugo-Enciso",Light,Nublado,No,48.425944090240925,9
UBC-MB-M-LRO1_04,MB-M-LRO1_04,UBC-MB-M-LRO1,Ubc,Ubc mbd,2026-01-07,25-26,2026,1,7,7,37,06:31:00,00:00:00,3,6,1,Early,1,1,Santiago Lugo-Enciso,Moderate,Despejado,No,49.75919568415852,9
UBC-MB-M-LRO1_04,MB-M-LRO1_04,UBC-MB-M-LRO1,Ubc,Ubc mbd,2026-01-08,25-26,2026,1,8,8,38,11:05:00,00:00:00,3,6,2,Early,2,1,Santiago Lugo-Enciso,Moderate,Brisa,No,49.75919568415852,9
UBC-MB-M-LRO1_04,MB-M-LRO1_04,UBC-MB-M-LRO1,Ubc,Ubc mbd,2026-01-09,25-26,2026,1,9,9,39,08:33:00,00:00:00,3,6,3,Early,3,1,Santiago Lugo-Enciso,None,Brisa,No,49.75919568415852,9
UBC-MB-M-LRO1_05,MB-M-LRO1_05,UBC-MB-M-LRO1,Ubc,Ubc mbd,2022-06-12,22,2022,6,12,163,16,06:55:00,00:00:00,3,6,1,Early,1,1,"Aaron Alexander Skinner, Santiago Lugo-Enciso",Light,Nublado,No,45.31177772313739,22.1
UBC-MB-M-LRO1_05,MB-M-LRO1_05,UBC-MB-M-LRO1,Ubc,Ubc mbd,2022-06-14,22,2022,6,14,165,18,10:01:00,00:00:00,3,6,2,Early,2,1,"Aaron Alexander Skinner, Santiago Lugo-Enciso",Moderate,Nublado,No,45.31177772313739,22.1
UBC-MB-M-LRO1_05,MB-M-LRO1_05,UBC-MB-M-LRO1,Ubc,Ubc mbd,2022-06-15,22,2022,6,15,166,19,08:15:00,00:00:00,3,6,3,Early,3,1,"Aaron Alexander Skinner, Santiago Lugo-Enciso",Light,Nublado,No,45.31177772313739,22.1
UBC-MB-M-LRO1_05,MB-M-LRO1_05,UBC-MB-M-LRO1,Ubc,Ubc mbd,2026-01-07,25-26,2026,1,7,7,37,10:45:00,00:00:00,3,6,1,Early,1,1,Santiago Lugo-Enciso,Light,Despejado,No,46.24637324809442,22.1
UBC-MB-M-LRO1_05,MB-M-LRO1_05,UBC-MB-M-LRO1,Ubc,Ubc mbd,2026-01-08,25-26,2026,1,8,8,38,09:29:00,00:00:00,3,6,2,Early,2,1,Santiago Lugo-Enciso,Moderate,Nublado,No,46.24637324809442,22.1
UBC-MB-M-LRO1_05,MB-M-LRO1_05,UBC-MB-M-LRO1,Ubc,Ubc mbd,2026-01-09,25-26,2026,1,9,9,39,06:53:00,00:00:00,3,6,3,Early,3,1,Santiago Lugo-Enciso,None,Nublado,No,46.24637324809442,22.1
UBC-MB-M-LRO1_06,MB-M-LRO1_06,UBC-MB-M-LRO1,Ubc,Ubc mbd,2022-06-12,22,2022,6,12,163,16,06:15:00,00:00:00,3,6,1,Early,1,1,"Aaron Alexander Skinner, Santiago Lugo-Enciso",Light,Nublado,No,44.213637478538296,22.7
UBC-MB-M-LRO1_06,MB-M-LRO1_06,UBC-MB-M-LRO1,Ubc,Ubc mbd,2022-06-14,22,2022,6,14,165,18,10:24:00,00:00:00,3,6,2,Early,2,1,"Aaron Alexander Skinner, Santiago Lugo-Enciso",Light,Nublado,No,44.213637478538296,22.7
UBC-MB-M-LRO1_06,MB-M-LRO1_06,UBC-MB-M-LRO1,Ubc,Ubc mbd,2022-06-15,22,2022,6,15,166,19,07:43:00,00:00:00,3,6,3,Early,3,1,"Aaron Alexander Skinner, Santiago Lugo-Enciso",Light,Nublado,No,44.213637478538296,22.7
UBC-MB-M-LRO1_06,MB-M-LRO1_06,UBC-MB-M-LRO1,Ubc,Ubc mbd,2026-01-07,25-26,2026,1,7,7,37,10:12:00,00:00:00,3,6,1,Early,1,1,Santiago Lugo-Enciso,Moderate,Despejado,No,45.13833701250904,22.7
UBC-MB-M-LRO1_06,MB-M-LRO1_06,UBC-MB-M-LRO1,Ubc,Ubc mbd,2026-01-08,25-26,2026,1,8,8,38,09:02:00,00:00:00,3,6,2,Early,2,1,Santiago Lugo-Enciso,Moderate,Nublado,No,45.13833701250904,22.7
UBC-MB-M-LRO1_06,MB-M-LRO1_06,UBC-MB-M-LRO1,Ubc,Ubc mbd,2026-01-09,25-26,2026,1,9,9,39,06:29:00,00:00:00,3,6,3,Early,3,1,Santiago Lugo-Enciso,Moderate,Despejado,No,45.13833701250904,22.7
UBC-MB-M-LRO1_07,MB-M-LRO1_07,UBC-MB-M-LRO1,Ubc,Ubc mbd,2022-06-11,22,2022,6,11,162,15,08:50:00,00:00:00,3,6,1,Early,1,1,"Aaron Alexander Skinner, Santiago Lugo-Enciso",Light,Nublado,No,37.36537988689451,0
UBC-MB-M-LRO1_07,MB-M-LRO1_07,UBC-MB-M-LRO1,Ubc,Ubc mbd,2022-06-12,22,2022,6,12,163,16,05:36:00,00:00:00,3,6,2,Early,2,1,"Aaron Alexander Skinner, Santiago Lugo-Enciso",Light,Nublado,No,37.36537988689451,0
UBC-MB-M-LRO1_07,MB-M-LRO1_07,UBC-MB-M-LRO1,Ubc,Ubc mbd,2022-06-14,22,2022,6,14,165,18,10:57:00,00:00:00,3,6,3,Early,3,1,"Aaron Alexander Skinner, Santiago Lugo-Enciso",Moderate,Nublado,No,37.36537988689451,0
UBC-MB-M-LRO1_07,MB-M-LRO1_07,UBC-MB-M-LRO1,Ubc,Ubc mbd,2026-01-07,25-26,2026,1,7,7,37,09:29:00,00:00:00,3,6,1,Early,1,1,Santiago Lugo-Enciso,Moderate,Brisa,No,38.3393164494715,0
UBC-MB-M-LRO1_07,MB-M-LRO1_07,UBC-MB-M-LRO1,Ubc,Ubc mbd,2026-01-08,25-26,2026,1,8,8,38,08:27:00,00:00:00,3,6,2,Early,2,1,Santiago Lugo-Enciso,Moderate,Nublado,No,38.3393164494715,0
UBC-MB-M-LRO1_07,MB-M-LRO1_07,UBC-MB-M-LRO1,Ubc,Ubc mbd,2026-01-09,25-26,2026,1,9,9,39,05:49:00,00:00:00,3,6,3,Early,3,1,Santiago Lugo-Enciso,Moderate,Brisa,No,38.3393164494715,0
UBC-MB-M-LRO1_08,MB-M-LRO1_08,UBC-MB-M-LRO1,Ubc,Ubc mbd,2022-06-12,22,2022,6,12,163,16,09:23:00,00:00:00,3,6,1,Early,1,1,"Aaron Alexander Skinner, Santiago Lugo-Enciso",None,Nublado,No,42.28157959283823,0
UBC-MB-M-LRO1_08,MB-M-LRO1_08,UBC-MB-M-LRO1,Ubc,Ubc mbd,2022-06-14,22,2022,6,14,165,18,07:00:00,00:00:00,3,6,2,Early,2,1,"Aaron Alexander Skinner, Santiago Lugo-Enciso",Light,Nublado,No,42.28157959283823,0
UBC-MB-M-LRO1_08,MB-M-LRO1_08,UBC-MB-M-LRO1,Ubc,Ubc mbd,2022-06-15,22,2022,6,15,166,19,10:26:00,00:00:00,3,6,3,Early,3,1,"Aaron Alexander Skinner, Santiago Lugo-Enciso",None,Nublado,No,42.28157959283823,0
UBC-MB-M-LRO1_08,MB-M-LRO1_08,UBC-MB-M-LRO1,Ubc,Ubc mbd,2026-01-07,25-26,2026,1,7,7,37,07:11:00,00:00:00,3,6,1,Early,1,1,Santiago Lugo-Enciso,Moderate,Brisa,No,43.64876134412594,0
UBC-MB-M-LRO1_08,MB-M-LRO1_08,UBC-MB-M-LRO1,Ubc,Ubc mbd,2026-01-08,25-26,2026,1,8,8,38,11:23:00,00:00:00,3,6,2,Early,2,0,Santiago Lugo-Enciso,None,Brisa,No,43.64876134412594,0
UBC-MB-M-LRO1_08,MB-M-LRO1_08,UBC-MB-M-LRO1,Ubc,Ubc mbd,2026-01-09,25-26,2026,1,9,9,39,09:00:00,00:00:00,3,6,3,Early,3,1,Santiago Lugo-Enciso,Moderate,Brisa,No,43.64876134412594,0
UBC-MB-M-LRO1_09,MB-M-LRO1_09,UBC-MB-M-LRO1,Ubc,Ubc mbd,2022-06-12,22,2022,6,12,163,16,10:04:00,00:00:00,3,6,1,Early,1,1,"Aaron Alexander Skinner, Santiago Lugo-Enciso",Light,Brisa,No,39.79377145659668,0
UBC-MB-M-LRO1_09,MB-M-LRO1_09,UBC-MB-M-LRO1,Ubc,Ubc mbd,2022-06-13,22,2022,6,13,164,17,06:32:00,00:00:00,3,6,2,Early,2,1,"Aaron Alexander Skinner, Santiago Lugo-Enciso",None,Brisa,No,39.79377145659668,0
UBC-MB-M-LRO1_09,MB-M-LRO1_09,UBC-MB-M-LRO1,Ubc,Ubc mbd,2022-06-14,22,2022,6,14,165,18,07:47:00,00:00:00,3,6,3,Early,3,1,"Aaron Alexander Skinner, Santiago Lugo-Enciso",Light,Nublado,No,39.79377145659668,0
UBC-MB-M-LRO1_09,MB-M-LRO1_09,UBC-MB-M-LRO1,Ubc,Ubc mbd,2026-01-07,25-26,2026,1,7,7,37,07:57:00,00:00:00,3,6,1,Early,1,1,Santiago Lugo-Enciso,Moderate,Despejado,No,41.18612064737573,0
UBC-MB-M-LRO1_09,MB-M-LRO1_09,UBC-MB-M-LRO1,Ubc,Ubc mbd,2026-01-08,25-26,2026,1,8,8,38,06:27:00,00:00:00,3,6,2,Early,2,1,Santiago Lugo-Enciso,Moderate,Nublado,No,41.18612064737573,0
UBC-MB-M-LRO1_09,MB-M-LRO1_09,UBC-MB-M-LRO1,Ubc,Ubc mbd,2026-01-09,25-26,2026,1,9,9,39,09:43:00,00:00:00,3,6,3,Early,3,1,Santiago Lugo-Enciso,Moderate,Brisa,No,41.18612064737573,0
UBC-MB-M-LRO1_10,MB-M-LRO1_10,UBC-MB-M-LRO1,Ubc,Ubc mbd,2022-06-12,22,2022,6,12,163,16,10:24:00,00:00:00,3,7,1,Early,1,1,"Aaron Alexander Skinner, Santiago Lugo-Enciso",Moderate,Nublado,No,41.14082433758598,11.7
UBC-MB-M-LRO1_10,MB-M-LRO1_10,UBC-MB-M-LRO1,Ubc,Ubc mbd,2022-06-13,22,2022,6,13,164,17,07:23:00,00:00:00,3,7,2,Early,2,1,"Aaron Alexander Skinner, Santiago Lugo-Enciso",Light,Nublado,No,41.14082433758598,11.7
UBC-MB-M-LRO1_10,MB-M-LRO1_10,UBC-MB-M-LRO1,Ubc,Ubc mbd,2022-06-14,22,2022,6,14,165,18,08:10:00,00:00:00,3,7,3,Early,3,1,"Aaron Alexander Skinner, Santiago Lugo-Enciso",Light,Nublado,No,41.14082433758598,11.7
UBC-MB-M-LRO1_10,MB-M-LRO1_10,UBC-MB-M-LRO1,Ubc,Ubc mbd,2026-01-05,25-26,2026,1,5,5,35,13:21:00,00:00:00,3,7,1,Early,1,0,Santiago Lugo-Enciso,Moderate,Llovizna,No,42.33022571148235,11.7
UBC-MB-M-LRO1_10,MB-M-LRO1_10,UBC-MB-M-LRO1,Ubc,Ubc mbd,2026-01-07,25-26,2026,1,7,7,37,08:15:00,00:00:00,3,7,2,Early,2,1,Santiago Lugo-Enciso,Moderate,Brisa,No,42.33022571148235,11.7
UBC-MB-M-LRO1_10,MB-M-LRO1_10,UBC-MB-M-LRO1,Ubc,Ubc mbd,2026-01-08,25-26,2026,1,8,8,38,07:17:00,00:00:00,3,7,3,Early,3,1,Santiago Lugo-Enciso,Moderate,Brisa,No,42.33022571148235,11.7
UBC-MB-M-LRO1_10,MB-M-LRO1_10,UBC-MB-M-LRO1,Ubc,Ubc mbd,2026-01-09,25-26,2026,1,9,9,39,10:00:00,00:05:00,3,7,4,Early,4,1,Santiago Lugo-Enciso,Light,Brisa,No,42.33022571148235,11.7
UBC-MB-M-LRO1_11,MB-M-LRO1_11,UBC-MB-M-LRO1,Ubc,Ubc mbd,2022-06-12,22,2022,6,12,163,16,10:55:00,00:00:00,3,7,1,Early,1,1,"Aaron Alexander Skinner, Santiago Lugo-Enciso",Moderate,Nublado,No,46.985041687101095,0
UBC-MB-M-LRO1_11,MB-M-LRO1_11,UBC-MB-M-LRO1,Ubc,Ubc mbd,2022-06-13,22,2022,6,13,164,17,07:46:00,00:00:00,3,7,2,Early,2,1,"Aaron Alexander Skinner, Santiago Lugo-Enciso",Moderate,Brisa,No,46.985041687101095,0
UBC-MB-M-LRO1_11,MB-M-LRO1_11,UBC-MB-M-LRO1,Ubc,Ubc mbd,2022-06-14,22,2022,6,14,165,18,08:38:00,00:00:00,3,7,3,Early,3,1,"Aaron Alexander Skinner, Santiago Lugo-Enciso",Moderate,Nublado,No,46.985041687101095,0
UBC-MB-M-LRO1_11,MB-M-LRO1_11,UBC-MB-M-LRO1,Ubc,Ubc mbd,2026-01-05,25-26,2026,1,5,5,35,13:41:00,00:00:00,3,7,1,Early,1,0,Santiago Lugo-Enciso,Moderate,Nublado,No,48.177292790583245,0
UBC-MB-M-LRO1_11,MB-M-LRO1_11,UBC-MB-M-LRO1,Ubc,Ubc mbd,2026-01-07,25-26,2026,1,7,7,37,08:33:00,00:00:00,3,7,2,Early,2,0,Santiago Lugo-Enciso,Light,Despejado,No,48.177292790583245,0
UBC-MB-M-LRO1_11,MB-M-LRO1_11,UBC-MB-M-LRO1,Ubc,Ubc mbd,2026-01-08,25-26,2026,1,8,8,38,07:31:00,00:00:00,3,7,3,Early,3,1,Santiago Lugo-Enciso,Light,Nublado,No,48.177292790583245,0
UBC-MB-M-LRO1_11,MB-M-LRO1_11,UBC-MB-M-LRO1,Ubc,Ubc mbd,2026-01-09,25-26,2026,1,9,9,39,10:19:00,00:00:00,3,7,4,Early,4,1,Santiago Lugo-Enciso,Light,Brisa,No,48.177292790583245,0
UBC-MB-M-LRO1_12,MB-M-LRO1_12,UBC-MB-M-LRO1,Ubc,Ubc mbd,2022-06-12,22,2022,6,12,163,16,09:44:00,00:00:00,3,6,1,Early,1,1,"Aaron Alexander Skinner, Santiago Lugo-Enciso",None,Nublado,No,39.70789279567262,0
UBC-MB-M-LRO1_12,MB-M-LRO1_12,UBC-MB-M-LRO1,Ubc,Ubc mbd,2022-06-13,22,2022,6,13,164,17,06:11:00,00:00:00,3,6,2,Early,2,1,"Aaron Alexander Skinner, Santiago Lugo-Enciso",None,Nublado,No,39.70789279567262,0
UBC-MB-M-LRO1_12,MB-M-LRO1_12,UBC-MB-M-LRO1,Ubc,Ubc mbd,2022-06-14,22,2022,6,14,165,18,07:20:00,00:00:00,3,6,3,Early,3,1,"Aaron Alexander Skinner, Santiago Lugo-Enciso",Moderate,Nublado,No,39.70789279567262,0
UBC-MB-M-LRO1_12,MB-M-LRO1_12,UBC-MB-M-LRO1,Ubc,Ubc mbd,2026-01-07,25-26,2026,1,7,7,37,07:32:00,00:00:00,3,6,1,Early,1,1,Santiago Lugo-Enciso,Moderate,Despejado,No,40.98967297762464,0
UBC-MB-M-LRO1_12,MB-M-LRO1_12,UBC-MB-M-LRO1,Ubc,Ubc mbd,2026-01-08,25-26,2026,1,8,8,38,06:06:00,00:00:00,3,6,2,Early,2,1,Santiago Lugo-Enciso,Light,Brisa,Si,40.98967297762464,0
UBC-MB-M-LRO1_12,MB-M-LRO1_12,UBC-MB-M-LRO1,Ubc,Ubc mbd,2026-01-09,25-26,2026,1,9,9,39,09:25:00,00:00:00,3,6,3,Early,3,1,Santiago Lugo-Enciso,Moderate,Brisa,Si,40.98967297762464,0
UBC-MB-VC-EH_01,MB-VC-EH_01,UBC-MB-VC-EH,Ubc,Ubc mbd,2025-12-03,25-26,2025,12,3,337,2,10:34:00,00:00:00,2,3,1,Early,1,1,"Aaron Skinner, Michael Castaño Diaz",None,Despejado,No,42.1828220858909,26.4
UBC-MB-VC-EH_01,MB-VC-EH_01,UBC-MB-VC-EH,Ubc,Ubc mbd,2025-12-04,25-26,2025,12,4,338,3,06:12:00,00:00:00,2,3,2,Early,2,1,"Aaron Skinner, Michael Castaño Diaz",Light,Nublado,No,42.1828220858909,26.4
UBC-MB-VC-EH_01,MB-VC-EH_01,UBC-MB-VC-EH,Ubc,Ubc mbd,2025-12-05,25-26,2025,12,5,339,4,08:22:00,00:00:00,2,3,3,Early,3,1,"Aaron Skinner, Michael Castaño Diaz",Light,Nublado,No,42.1828220858909,26.4
UBC-MB-VC-EH_02,MB-VC-EH_02,UBC-MB-VC-EH,Ubc,Ubc mbd,2025-12-02,25-26,2025,12,2,336,1,10:44:00,00:00:00,2,3,1,Early,1,1,"Aaron Skinner, Michael Castaño Diaz",Moderate,Nublado,No,40.94365507104245,19.5
UBC-MB-VC-EH_02,MB-VC-EH_02,UBC-MB-VC-EH,Ubc,Ubc mbd,2025-12-03,25-26,2025,12,3,337,2,09:12:00,00:00:00,2,3,2,Early,2,1,"Aaron Skinner, Michael Castaño Diaz",Moderate,Nublado,No,40.94365507104245,19.5
UBC-MB-VC-EH_02,MB-VC-EH_02,UBC-MB-VC-EH,Ubc,Ubc mbd,2025-12-04,25-26,2025,12,4,338,3,10:29:00,00:00:00,2,3,3,Early,3,1,"Aaron Skinner, Michael Castaño Diaz",Light,Nublado,No,40.94365507104245,19.5
UBC-MB-VC-EH_03,MB-VC-EH_03,UBC-MB-VC-EH,Ubc,Ubc mbd,2025-12-02,25-26,2025,12,2,336,1,09:21:00,00:00:00,2,3,1,Early,1,1,"Aaron Skinner, Michael Castaño Diaz",None,Despejado,No,36.56512141280336,12
UBC-MB-VC-EH_03,MB-VC-EH_03,UBC-MB-VC-EH,Ubc,Ubc mbd,2025-12-03,25-26,2025,12,3,337,2,06:19:00,00:00:00,2,3,2,Early,2,1,"Aaron Skinner, Michael Castaño Diaz",None,Nublado,Yes,36.56512141280336,12
UBC-MB-VC-EH_03,MB-VC-EH_03,UBC-MB-VC-EH,Ubc,Ubc mbd,2025-12-05,25-26,2025,12,5,339,4,09:41:00,00:00:00,2,3,3,Early,3,1,"Aaron Skinner, Michael Castaño Diaz",Light,Brisa,Yes,36.56512141280336,12
UBC-MB-VC-EH_04,MB-VC-EH_04,UBC-MB-VC-EH,Ubc,Ubc mbd,2025-12-02,25-26,2025,12,2,336,1,08:54:00,00:00:00,2,3,1,Early,1,1,"Aaron Skinner, Michael Castaño Diaz",Light,Despejado,No,28.192298258523135,16.3
UBC-MB-VC-EH_04,MB-VC-EH_04,UBC-MB-VC-EH,Ubc,Ubc mbd,2025-12-03,25-26,2025,12,3,337,2,07:19:00,00:00:00,2,3,2,Early,2,1,"Aaron Skinner, Michael Castaño Diaz",Moderate,Nublado,No,28.192298258523135,16.3
UBC-MB-VC-EH_04,MB-VC-EH_04,UBC-MB-VC-EH,Ubc,Ubc mbd,2025-12-05,25-26,2025,12,5,339,4,10:05:00,00:00:00,2,3,3,Early,3,1,"Aaron Skinner, Michael Castaño Diaz",Moderate,Nublado,No,28.192298258523135,16.3
UBC-MB-VC-EH_05,MB-VC-EH_05,UBC-MB-VC-EH,Ubc,Ubc mbd,2025-12-02,25-26,2025,12,2,336,1,07:56:00,00:00:00,1,4,1,Early,1,1,"Aaron Skinner, Michael Castaño Diaz",None,Despejado,No,33.19386503067497,21.9
UBC-MB-VC-EH_05,MB-VC-EH_05,UBC-MB-VC-EH,Ubc,Ubc mbd,2025-12-03,25-26,2025,12,3,337,2,07:43:00,00:00:00,1,4,2,Early,2,1,"Aaron Skinner, Michael Castaño Diaz",Light,Nublado,No,33.19386503067497,21.9
UBC-MB-VC-EH_05,MB-VC-EH_05,UBC-MB-VC-EH,Ubc,Ubc mbd,2025-12-04,25-26,2025,12,4,338,3,11:52:00,00:00:00,1,4,3,Early,3,1,"Aaron Skinner, Michael Castaño Diaz",Light,Nublado,No,33.19386503067497,21.9
UBC-MB-VC-EH_05,MB-VC-EH_05,UBC-MB-VC-EH,Ubc,Ubc mbd,2025-12-05,25-26,2025,12,5,339,4,11:13:00,00:00:00,1,4,4,Early,4,1,"Aaron Skinner, Michael Castaño Diaz",None,Nublado,No,33.19386503067497,21.9
UBC-MB-VC-EH_06,MB-VC-EH_06,UBC-MB-VC-EH,Ubc,Ubc mbd,2025-12-02,25-26,2025,12,2,336,1,08:28:00,00:00:00,1,3,1,Early,1,1,"Aaron Skinner, Michael Castaño Diaz",None,Despejado,No,34.63919548687751,15.8
UBC-MB-VC-EH_06,MB-VC-EH_06,UBC-MB-VC-EH,Ubc,Ubc mbd,2025-12-03,25-26,2025,12,3,337,2,06:41:00,00:00:00,1,3,2,Early,2,1,"Aaron Skinner, Michael Castaño Diaz",Light,Nublado,No,34.63919548687751,15.8
UBC-MB-VC-EH_06,MB-VC-EH_06,UBC-MB-VC-EH,Ubc,Ubc mbd,2025-12-05,25-26,2025,12,5,339,4,10:42:00,00:00:00,1,3,3,Early,3,1,"Aaron Skinner, Michael Castaño Diaz",Light,Despejado,No,34.63919548687751,15.8
UBC-MB-VC-EH_07,MB-VC-EH_07,UBC-MB-VC-EH,Ubc,Ubc mbd,2025-12-02,25-26,2025,12,2,336,1,09:58:00,00:00:00,1,3,1,Early,1,1,"Aaron Skinner, Michael Castaño Diaz",Light,Despejado,No,47.309073026800874,11.2
UBC-MB-VC-EH_07,MB-VC-EH_07,UBC-MB-VC-EH,Ubc,Ubc mbd,2025-12-03,25-26,2025,12,3,337,2,08:22:00,00:00:00,1,3,2,Early,2,1,"Aaron Skinner, Michael Castaño Diaz",Moderate,Nublado,No,47.309073026800874,11.2
UBC-MB-VC-EH_07,MB-VC-EH_07,UBC-MB-VC-EH,Ubc,Ubc mbd,2025-12-04,25-26,2025,12,4,338,3,11:02:00,00:00:00,1,3,3,Early,3,1,"Aaron Skinner, Michael Castaño Diaz",Light,Brisa,No,47.309073026800874,11.2
UBC-MB-VC-EH_08,MB-VC-EH_08,UBC-MB-VC-EH,Ubc,Ubc mbd,2025-12-02,25-26,2025,12,2,336,1,11:29:00,00:00:00,1,3,1,Early,1,1,"Aaron Skinner, Michael Castaño Diaz",Moderate,Nublado,No,40.01864115771337,13
UBC-MB-VC-EH_08,MB-VC-EH_08,UBC-MB-VC-EH,Ubc,Ubc mbd,2025-12-03,25-26,2025,12,3,337,2,09:59:00,00:00:00,1,3,2,Early,2,1,"Aaron Skinner, Michael Castaño Diaz",light,Despejado,No,40.01864115771337,13
UBC-MB-VC-EH_08,MB-VC-EH_08,UBC-MB-VC-EH,Ubc,Ubc mbd,2025-12-04,25-26,2025,12,4,338,3,09:43:00,00:00:00,1,3,3,Early,3,1,"Aaron Skinner, Michael Castaño Diaz",Light,Despejado,No,40.01864115771337,13
UBC-MB-VC-EH_09,MB-VC-EH_09,UBC-MB-VC-EH,Ubc,Ubc mbd,2025-12-03,25-26,2025,12,3,337,2,10:58:00,00:00:00,1,3,1,Early,1,1,"Aaron Skinner, Michael Castaño Diaz",None,Despejado,No,43.0755642787048,25.9
UBC-MB-VC-EH_09,MB-VC-EH_09,UBC-MB-VC-EH,Ubc,Ubc mbd,2025-12-04,25-26,2025,12,4,338,3,06:36:00,00:00:00,1,3,2,Early,2,1,"Aaron Skinner, Michael Castaño Diaz",None,Nublado,No,43.0755642787048,25.9
UBC-MB-VC-EH_09,MB-VC-EH_09,UBC-MB-VC-EH,Ubc,Ubc mbd,2025-12-05,25-26,2025,12,5,339,4,08:05:00,00:00:00,1,3,3,Early,3,1,"Aaron Skinner, Michael Castaño Diaz",None,Nublado,No,43.0755642787048,25.9
UBC-MB-VC-EH_10,MB-VC-EH_10,UBC-MB-VC-EH,Ubc,Ubc mbd,2025-12-03,25-26,2025,12,3,337,2,11:45:00,00:00:00,1,3,1,Early,1,1,"Aaron Skinner, Michael Castaño Diaz",None,Despejado,No,44.621747668140294,25.8
UBC-MB-VC-EH_10,MB-VC-EH_10,UBC-MB-VC-EH,Ubc,Ubc mbd,2025-12-04,25-26,2025,12,4,338,3,07:44:00,00:00:00,1,3,2,Early,2,1,"Aaron Skinner, Michael Castaño Diaz",None,Nublado,No,44.621747668140294,25.8
UBC-MB-VC-EH_10,MB-VC-EH_10,UBC-MB-VC-EH,Ubc,Ubc mbd,2025-12-05,25-26,2025,12,5,339,4,07:21:00,00:00:00,1,3,3,Early,3,1,"Aaron Skinner, Michael Castaño Diaz",None,Nublado,No,44.621747668140294,25.8
UBC-MB-VC-EH_11,MB-VC-EH_11,UBC-MB-VC-EH,Ubc,Ubc mbd,2025-12-03,25-26,2025,12,3,337,2,11:21:00,00:00:00,1,3,1,Early,1,1,"Aaron Skinner, Michael Castaño Diaz",Light,Despejado,No,39.851779141105055,27.7
UBC-MB-VC-EH_11,MB-VC-EH_11,UBC-MB-VC-EH,Ubc,Ubc mbd,2025-12-04,25-26,2025,12,4,338,3,07:10:00,00:00:00,1,3,2,Early,2,1,"Aaron Skinner, Michael Castaño Diaz",Moderate,Despejado,No,39.851779141105055,27.7
UBC-MB-VC-EH_11,MB-VC-EH_11,UBC-MB-VC-EH,Ubc,Ubc mbd,2025-12-05,25-26,2025,12,5,339,4,06:49:00,00:00:00,1,3,3,Early,3,1,"Aaron Skinner, Michael Castaño Diaz",Light,Nublado,No,39.851779141105055,27.7
UBC-MB-VC-EH_12,MB-VC-EH_12,UBC-MB-VC-EH,Ubc,Ubc mbd,2025-12-04,25-26,2025,12,4,338,3,08:46:00,00:00:00,1,2,1,Early,1,1,"Aaron Skinner, Michael Castaño Diaz",None,Brisa,No,34.00245398773128,15.8
UBC-MB-VC-EH_12,MB-VC-EH_12,UBC-MB-VC-EH,Ubc,Ubc mbd,2025-12-05,25-26,2025,12,5,339,4,06:13:00,00:00:00,1,2,2,Early,2,1,"Aaron Skinner, Michael Castaño Diaz",None,Nublado,No,34.00245398773128,15.8
UBCG-MB-M-A_01-A,MB-M-A_01-A,UBCG-MB-M-A,Ubc gaica,Ubc gaica mbd,2024-08-27,24,2024,8,27,240,1,07:52:00,00:05:00,4,3,1,Early,1,1,"Yuri Rosero-Mora, Robert Rodriguez",Light,Despejado,No,33.66068355052831,18.5
UBCG-MB-M-A_01-A,MB-M-A_01-A,UBCG-MB-M-A,Ubc gaica,Ubc gaica mbd,2024-08-28,24,2024,8,28,241,2,10:02:00,00:05:00,4,3,2,Early,2,1,"Yuri Rosero-Mora, Robert Rodriguez",Light,Despejado,No,33.66068355052831,18.5
UBCG-MB-M-A_01-A,MB-M-A_01-A,UBCG-MB-M-A,Ubc gaica,Ubc gaica mbd,2024-08-29,24,2024,8,29,242,3,06:53:00,00:05:00,4,3,3,Early,3,1,"Yuri Rosero-Mora, Robert Rodriguez",Light,Nublado,No,33.66068355052831,18.5
UBCG-MB-M-A_01-B,MB-M-A_01-B,UBCG-MB-M-A,Ubc gaica,Ubc gaica mbd,2024-08-27,24,2024,8,27,240,1,05:37:00,00:05:00,4,3,1,Early,1,1,"Yuri Rosero-Mora, Robert Rodriguez",Light,Despejado,Yes,26.14982834722962,17.4
UBCG-MB-M-A_01-B,MB-M-A_01-B,UBCG-MB-M-A,Ubc gaica,Ubc gaica mbd,2024-08-28,24,2024,8,28,241,2,07:37:00,00:05:00,4,3,2,Early,2,1,"Yuri Rosero-Mora, Robert Rodriguez",Moderate,Nublado,Yes,26.14982834722962,17.4
UBCG-MB-M-A_01-B,MB-M-A_01-B,UBCG-MB-M-A,Ubc gaica,Ubc gaica mbd,2024-08-29,24,2024,8,29,242,3,09:15:00,00:05:00,4,3,3,Early,3,1,"Yuri Rosero-Mora, Robert Rodriguez",Loud,Brisa,Yes,26.14982834722962,17.4
UBCG-MB-M-A_02-A,MB-M-A_02-A,UBCG-MB-M-A,Ubc gaica,Ubc gaica mbd,2024-08-27,24,2024,8,27,240,1,08:16:00,00:05:00,4,3,1,Early,1,1,"Yuri Rosero-Mora, Robert Rodriguez",Moderate,Despejado,No,34.642629384351636,24.4
UBCG-MB-M-A_02-A,MB-M-A_02-A,UBCG-MB-M-A,Ubc gaica,Ubc gaica mbd,2024-08-28,24,2024,8,28,241,2,10:22:00,00:05:00,4,3,2,Early,2,1,"Yuri Rosero-Mora, Robert Rodriguez",Light,Nublado,No,34.642629384351636,24.4
UBCG-MB-M-A_02-A,MB-M-A_02-A,UBCG-MB-M-A,Ubc gaica,Ubc gaica mbd,2024-08-29,24,2024,8,29,242,3,07:15:00,00:05:00,4,3,3,Early,3,1,"Yuri Rosero-Mora, Robert Rodriguez",Light,Despejado,No,34.642629384351636,24.4
UBCG-MB-M-A_02-B,MB-M-A_02-B,UBCG-MB-M-A,Ubc gaica,Ubc gaica mbd,2024-08-27,24,2024,8,27,240,1,05:54:00,00:05:00,4,3,1,Early,1,1,"Yuri Rosero-Mora, Robert Rodriguez",None,Despejado,Yes,30.08655028276395,17
UBCG-MB-M-A_02-B,MB-M-A_02-B,UBCG-MB-M-A,Ubc gaica,Ubc gaica mbd,2024-08-28,24,2024,8,28,241,2,07:53:00,00:05:00,4,3,2,Early,2,1,"Yuri Rosero-Mora, Robert Rodriguez",None,Despejado,Yes,30.08655028276395,17
UBCG-MB-M-A_02-B,MB-M-A_02-B,UBCG-MB-M-A,Ubc gaica,Ubc gaica mbd,2024-08-29,24,2024,8,29,242,3,09:35:00,00:05:00,4,3,3,Early,3,1,"Yuri Rosero-Mora, Robert Rodriguez",None,Brisa,Yes,30.08655028276395,17
UBCG-MB-M-A_03-A,MB-M-A_03-A,UBCG-MB-M-A,Ubc gaica,Ubc gaica mbd,2024-08-27,24,2024,8,27,240,1,08:39:00,00:00:00,4,3,1,Early,1,1,"Yuri Rosero-Mora, Robert Rodriguez",Light,Despejado,No,37.348455125060816,24.2
UBCG-MB-M-A_03-A,MB-M-A_03-A,UBCG-MB-M-A,Ubc gaica,Ubc gaica mbd,2024-08-28,24,2024,8,28,241,2,06:01:00,00:05:00,4,3,2,Early,2,1,"Yuri Rosero-Mora, Robert Rodriguez",Light,Nublado,No,37.348455125060816,24.2
UBCG-MB-M-A_03-A,MB-M-A_03-A,UBCG-MB-M-A,Ubc gaica,Ubc gaica mbd,2024-08-29,24,2024,8,29,242,3,07:40:00,00:05:00,4,3,3,Early,3,1,"Yuri Rosero-Mora, Robert Rodriguez",Light,Despejado,No,37.348455125060816,24.2
UBCG-MB-M-A_03-B,MB-M-A_03-B,UBCG-MB-M-A,Ubc gaica,Ubc gaica mbd,2024-08-27,24,2024,8,27,240,1,06:14:00,00:05:00,4,3,1,Early,1,1,"Yuri Rosero-Mora, Robert Rodriguez",Light,Despejado,Yes,32.692420897718776,23.7
UBCG-MB-M-A_03-B,MB-M-A_03-B,UBCG-MB-M-A,Ubc gaica,Ubc gaica mbd,2024-08-28,24,2024,8,28,241,2,08:15:00,00:05:00,4,3,2,Early,2,1,"Yuri Rosero-Mora, Robert Rodriguez",Light,Despejado,No,32.692420897718776,23.7
UBCG-MB-M-A_03-B,MB-M-A_03-B,UBCG-MB-M-A,Ubc gaica,Ubc gaica mbd,2024-08-29,24,2024,8,29,242,3,10:00:00,00:05:00,4,3,3,Early,3,1,"Yuri Rosero-Mora, Robert Rodriguez",Light,Brisa,No,32.692420897718776,23.7
UBCG-MB-M-A_04-A,MB-M-A_04-A,UBCG-MB-M-A,Ubc gaica,Ubc gaica mbd,2024-08-27,24,2024,8,27,240,1,08:58:00,00:05:00,4,3,1,Early,1,1,"Yuri Rosero-Mora, Robert Rodriguez",Light,Despejado,No,35.81722276741906,23.8
UBCG-MB-M-A_04-A,MB-M-A_04-A,UBCG-MB-M-A,Ubc gaica,Ubc gaica mbd,2024-08-28,24,2024,8,28,241,2,06:19:00,00:05:00,4,3,2,Early,2,1,"Yuri Rosero-Mora, Robert Rodriguez",Light,Nublado,No,35.81722276741906,23.8
UBCG-MB-M-A_04-A,MB-M-A_04-A,UBCG-MB-M-A,Ubc gaica,Ubc gaica mbd,2024-08-29,24,2024,8,29,242,3,08:00:00,00:05:00,4,3,3,Early,3,1,"Yuri Rosero-Mora, Robert Rodriguez",Light,Despejado,No,35.81722276741906,23.8
UBCG-MB-M-A_04-B,MB-M-A_04-B,UBCG-MB-M-A,Ubc gaica,Ubc gaica mbd,2024-08-27,24,2024,8,27,240,1,06:44:00,00:05:00,4,3,1,Early,1,1,"Yuri Rosero-Mora, Robert Rodriguez",Light,Despejado,No,35.06818739269009,23.2
UBCG-MB-M-A_04-B,MB-M-A_04-B,UBCG-MB-M-A,Ubc gaica,Ubc gaica mbd,2024-08-28,24,2024,8,28,241,2,08:41:00,00:05:00,4,3,2,Early,2,1,"Yuri Rosero-Mora, Robert Rodriguez",Light,Nublado,No,35.06818739269009,23.2
UBCG-MB-M-A_04-B,MB-M-A_04-B,UBCG-MB-M-A,Ubc gaica,Ubc gaica mbd,2024-08-29,24,2024,8,29,242,3,10:24:00,00:05:00,4,3,3,Early,3,1,"Yuri Rosero-Mora, Robert Rodriguez",Light,Brisa,No,35.06818739269009,23.2
UBCG-MB-M-A_05-A,MB-M-A_05-A,UBCG-MB-M-A,Ubc gaica,Ubc gaica mbd,2024-08-27,24,2024,8,27,240,1,09:19:00,00:05:00,4,3,1,Early,1,1,"Yuri Rosero-Mora, Robert Rodriguez",None,Despejado,No,34.24307088545474,18.2
UBCG-MB-M-A_05-A,MB-M-A_05-A,UBCG-MB-M-A,Ubc gaica,Ubc gaica mbd,2024-08-28,24,2024,8,28,241,2,06:38:00,00:05:00,4,3,2,Early,2,1,"Yuri Rosero-Mora, Robert Rodriguez",Light,Nublado,No,34.24307088545474,18.2
UBCG-MB-M-A_05-A,MB-M-A_05-A,UBCG-MB-M-A,Ubc gaica,Ubc gaica mbd,2024-08-29,24,2024,8,29,242,3,08:20:00,00:05:00,4,3,3,Early,3,1,"Yuri Rosero-Mora, Robert Rodriguez",Light,Despejado,No,34.24307088545474,18.2
UBCG-MB-M-A_05-B,MB-M-A_05-B,UBCG-MB-M-A,Ubc gaica,Ubc gaica mbd,2024-08-27,24,2024,8,27,240,1,07:25:00,00:05:00,4,3,1,Early,1,1,"Yuri Rosero-Mora, Robert Rodriguez",Light,Despejado,No,37.36978911231066,23.6
UBCG-MB-M-A_05-B,MB-M-A_05-B,UBCG-MB-M-A,Ubc gaica,Ubc gaica mbd,2024-08-28,24,2024,8,28,241,2,09:32:00,00:05:00,4,3,2,Early,2,1,"Yuri Rosero-Mora, Robert Rodriguez",Light,Nublado,No,37.36978911231066,23.6
UBCG-MB-M-A_05-B,MB-M-A_05-B,UBCG-MB-M-A,Ubc gaica,Ubc gaica mbd,2024-08-29,24,2024,8,29,242,3,06:23:00,00:05:00,4,3,3,Early,3,1,"Yuri Rosero-Mora, Robert Rodriguez",None,Nublado,No,37.36978911231066,23.6
UBCG-MB-M-A_06-A,MB-M-A_06-A,UBCG-MB-M-A,Ubc gaica,Ubc gaica mbd,2024-08-27,24,2024,8,27,240,1,09:38:00,00:00:00,4,3,1,Early,1,1,"Yuri Rosero-Mora, Robert Rodriguez",Light,Despejado,No,33.011280039235245,24.4
UBCG-MB-M-A_06-A,MB-M-A_06-A,UBCG-MB-M-A,Ubc gaica,Ubc gaica mbd,2024-08-28,24,2024,8,28,241,2,06:59:00,00:05:00,4,3,2,Early,2,1,"Yuri Rosero-Mora, Robert Rodriguez",Light,Nublado,No,33.011280039235245,24.4
UBCG-MB-M-A_06-A,MB-M-A_06-A,UBCG-MB-M-A,Ubc gaica,Ubc gaica mbd,2024-08-29,24,2024,8,29,242,3,08:40:00,00:05:00,4,3,3,Early,3,1,"Yuri Rosero-Mora, Robert Rodriguez",Light,Brisa,No,33.011280039235245,24.4
UBCG-MB-M-A_06-B,MB-M-A_06-B,UBCG-MB-M-A,Ubc gaica,Ubc gaica mbd,2024-08-27,24,2024,8,27,240,1,07:06:00,00:05:00,4,3,1,Early,1,1,"Yuri Rosero-Mora, Robert Rodriguez",Light,Despejado,No,40.166707646914155,23.8
UBCG-MB-M-A_06-B,MB-M-A_06-B,UBCG-MB-M-A,Ubc gaica,Ubc gaica mbd,2024-08-28,24,2024,8,28,241,2,09:09:00,00:05:00,4,3,2,Early,2,1,"Yuri Rosero-Mora, Robert Rodriguez",Light,Nublado,No,40.166707646914155,23.8
UBCG-MB-M-A_06-B,MB-M-A_06-B,UBCG-MB-M-A,Ubc gaica,Ubc gaica mbd,2024-08-29,24,2024,8,29,242,3,06:03:00,00:05:00,4,3,3,Early,3,1,"Yuri Rosero-Mora, Robert Rodriguez",Light,Nublado,No,40.166707646914155,23.8
UBCG-MB-M-EPO1_01,MB-M-EPO1_01,UBCG-MB-M-EPO1,Ubc gaica,Ubc gaica mbd,2024-08-30,24,2024,8,30,243,4,06:13:00,00:05:00,4,3,1,Early,1,1,"Yuri Rosero-Mora, Robert Rodriguez",Light,Despejado,No,55.3779740004908,13.7
UBCG-MB-M-EPO1_01,MB-M-EPO1_01,UBCG-MB-M-EPO1,Ubc gaica,Ubc gaica mbd,2024-08-31,24,2024,8,31,244,5,08:30:00,00:05:00,4,3,2,Early,2,1,"Yuri Rosero-Mora, Robert Rodriguez",Light,Despejado,No,55.3779740004908,13.7
UBCG-MB-M-EPO1_01,MB-M-EPO1_01,UBCG-MB-M-EPO1,Ubc gaica,Ubc gaica mbd,2024-09-01,24,2024,9,1,245,6,07:50:00,00:05:00,4,3,3,Early,3,1,"Yuri Rosero-Mora, Robert Rodriguez",Light,Despejado,No,55.3779740004908,13.7
UBCG-MB-M-EPO1_02,MB-M-EPO1_02,UBCG-MB-M-EPO1,Ubc gaica,Ubc gaica mbd,2024-08-30,24,2024,8,30,243,4,06:32:00,00:05:00,4,3,1,Early,1,1,"Yuri Rosero-Mora, Robert Rodriguez",Light,Despejado,No,54.65513858229085,24
UBCG-MB-M-EPO1_02,MB-M-EPO1_02,UBCG-MB-M-EPO1,Ubc gaica,Ubc gaica mbd,2024-08-31,24,2024,8,31,244,5,08:50:00,00:05:00,4,3,2,Early,2,1,"Yuri Rosero-Mora, Robert Rodriguez",Light,Despejado,No,54.65513858229085,24
UBCG-MB-M-EPO1_02,MB-M-EPO1_02,UBCG-MB-M-EPO1,Ubc gaica,Ubc gaica mbd,2024-09-01,24,2024,9,1,245,6,08:10:00,00:05:00,4,3,3,Early,3,1,"Yuri Rosero-Mora, Robert Rodriguez",Light,Despejado,No,54.65513858229085,24
UBCG-MB-M-EPO1_03,MB-M-EPO1_03,UBCG-MB-M-EPO1,Ubc gaica,Ubc gaica mbd,2024-08-30,24,2024,8,30,243,4,08:32:00,00:05:00,3,3,1,Early,1,1,"Yuri Rosero-Mora, Robert Rodriguez",None,Despejado,No,52.25710784313731,24
UBCG-MB-M-EPO1_03,MB-M-EPO1_03,UBCG-MB-M-EPO1,Ubc gaica,Ubc gaica mbd,2024-08-31,24,2024,8,31,244,5,10:40:00,00:05:00,3,3,2,Early,2,1,"Yuri Rosero-Mora, Robert Rodriguez",Light,Brisa,No,52.25710784313731,24
UBCG-MB-M-EPO1_03,MB-M-EPO1_03,UBCG-MB-M-EPO1,Ubc gaica,Ubc gaica mbd,2024-09-01,24,2024,9,1,245,6,07:30:00,00:05:00,3,3,3,Early,3,1,"Yuri Rosero-Mora, Robert Rodriguez",Light,Despejado,No,52.25710784313731,24
UBCG-MB-M-EPO1_03_(1),MB-M-EPO1_03_(1),UBCG-MB-M-EPO1,Ubc gaica,Ubc gaica mbd,2024-08-30,24,2024,8,30,243,4,08:10:00,00:05:00,3,3,1,Early,1,1,"Yuri Rosero-Mora, Robert Rodriguez",Light,Despejado,No,48.26213830309024,13.8
UBCG-MB-M-EPO1_03_(1),MB-M-EPO1_03_(1),UBCG-MB-M-EPO1,Ubc gaica,Ubc gaica mbd,2024-08-31,24,2024,8,31,244,5,10:21:00,00:05:00,3,3,2,Early,2,1,"Yuri Rosero-Mora, Robert Rodriguez",Light,Despejado,No,48.26213830309024,13.8
UBCG-MB-M-EPO1_03_(1),MB-M-EPO1_03_(1),UBCG-MB-M-EPO1,Ubc gaica,Ubc gaica mbd,2024-09-01,24,2024,9,1,245,6,07:10:00,00:05:00,3,3,3,Early,3,1,"Yuri Rosero-Mora, Robert Rodriguez",Light,Despejado,No,48.26213830309024,13.8
UBCG-MB-M-EPO1_04,MB-M-EPO1_04,UBCG-MB-M-EPO1,Ubc gaica,Ubc gaica mbd,2024-08-30,24,2024,8,30,243,4,07:38:00,00:05:00,4,3,1,Early,1,1,"Yuri Rosero-Mora, Robert Rodriguez",Loud,Despejado,No,48.381116301942825,24.1
UBCG-MB-M-EPO1_04,MB-M-EPO1_04,UBCG-MB-M-EPO1,Ubc gaica,Ubc gaica mbd,2024-08-31,24,2024,8,31,244,5,09:50:00,00:05:00,4,3,2,Early,2,1,"Yuri Rosero-Mora, Robert Rodriguez",Loud,Despejado,No,48.381116301942825,24.1
UBCG-MB-M-EPO1_04,MB-M-EPO1_04,UBCG-MB-M-EPO1,Ubc gaica,Ubc gaica mbd,2024-09-01,24,2024,9,1,245,6,06:51:00,00:05:00,4,3,3,Early,3,1,"Yuri Rosero-Mora, Robert Rodriguez",Light,Despejado,No,48.381116301942825,24.1
UBCG-MB-M-EPO1_05,MB-M-EPO1_05,UBCG-MB-M-EPO1,Ubc gaica,Ubc gaica mbd,2024-08-30,24,2024,8,30,243,4,07:15:00,00:05:00,4,3,1,Early,1,1,"Yuri Rosero-Mora, Robert Rodriguez",Loud,Despejado,No,53.103761986722695,23.4
UBCG-MB-M-EPO1_05,MB-M-EPO1_05,UBCG-MB-M-EPO1,Ubc gaica,Ubc gaica mbd,2024-08-31,24,2024,8,31,244,5,09:35:00,00:00:00,4,3,2,Early,2,1,"Yuri Rosero-Mora, Robert Rodriguez",Loud,Despejado,No,53.103761986722695,23.4
UBCG-MB-M-EPO1_05,MB-M-EPO1_05,UBCG-MB-M-EPO1,Ubc gaica,Ubc gaica mbd,2024-09-01,24,2024,9,1,245,6,06:26:00,00:05:00,4,3,3,Early,3,1,"Yuri Rosero-Mora, Robert Rodriguez",Light,Despejado,No,53.103761986722695,23.4
UBCG-MB-M-EPO1_06,MB-M-EPO1_06,UBCG-MB-M-EPO1,Ubc gaica,Ubc gaica mbd,2024-08-30,24,2024,8,30,243,4,06:55:00,00:05:00,4,3,1,Early,1,1,"Yuri Rosero-Mora, Robert Rodriguez",None,Despejado,No,54.78322707209452,18.5
UBCG-MB-M-EPO1_06,MB-M-EPO1_06,UBCG-MB-M-EPO1,Ubc gaica,Ubc gaica mbd,2024-08-31,24,2024,8,31,244,5,09:10:00,00:05:00,4,3,2,Early,2,1,"Yuri Rosero-Mora, Robert Rodriguez",Light,Brisa,No,54.78322707209452,18.5
UBCG-MB-M-EPO1_06,MB-M-EPO1_06,UBCG-MB-M-EPO1,Ubc gaica,Ubc gaica mbd,2024-09-01,24,2024,9,1,245,6,08:35:00,00:05:00,4,3,3,Early,3,1,"Yuri Rosero-Mora, Robert Rodriguez",Light,Despejado,No,54.78322707209452,18.5
UBCG-MB-M-LCR_01,MB-M-LCR_01,UBCG-MB-M-LCR,Ubc gaica,Ubc gaica mbd,2024-08-30,24,2024,8,30,243,4,10:02:00,00:05:00,4,3,1,Early,1,1,"Yuri Rosero-Mora, Robert Rodriguez",Light,Despejado,No,52.261274509803975,12.8
UBCG-MB-M-LCR_01,MB-M-LCR_01,UBCG-MB-M-LCR,Ubc gaica,Ubc gaica mbd,2024-08-31,24,2024,8,31,244,5,05:53:00,00:05:00,4,3,2,Early,2,1,"Yuri Rosero-Mora, Robert Rodriguez",Light,Despejado,No,52.261274509803975,12.8
UBCG-MB-M-LCR_01,MB-M-LCR_01,UBCG-MB-M-LCR,Ubc gaica,Ubc gaica mbd,2024-09-01,24,2024,9,1,245,6,10:08:00,00:05:00,4,3,3,Early,3,1,"Yuri Rosero-Mora, Robert Rodriguez",Light,Despejado,No,52.261274509803975,12.8
UBCG-MB-M-LCR_03,MB-M-LCR_03,UBCG-MB-M-LCR,Ubc gaica,Ubc gaica mbd,2024-08-30,24,2024,8,30,243,4,10:33:00,00:05:00,4,3,1,Early,1,1,"Yuri Rosero-Mora, Robert Rodriguez",Light,Despejado,No,53.58372264568482,18.6
UBCG-MB-M-LCR_03,MB-M-LCR_03,UBCG-MB-M-LCR,Ubc gaica,Ubc gaica mbd,2024-08-31,24,2024,8,31,244,5,06:11:00,00:05:00,4,3,2,Early,2,1,"Yuri Rosero-Mora, Robert Rodriguez",Light,Despejado,No,53.58372264568482,18.6
UBCG-MB-M-LCR_03,MB-M-LCR_03,UBCG-MB-M-LCR,Ubc gaica,Ubc gaica mbd,2024-09-01,24,2024,9,1,245,6,10:29:00,00:05:00,4,3,3,Early,3,1,"Yuri Rosero-Mora, Robert Rodriguez",Light,Despejado,No,53.58372264568482,18.6
UBCG-MB-M-LCR_04,MB-M-LCR_04,UBCG-MB-M-LCR,Ubc gaica,Ubc gaica mbd,2024-08-30,24,2024,8,30,243,4,10:52:00,00:05:00,4,3,1,Early,1,1,"Yuri Rosero-Mora, Robert Rodriguez",Light,Brisa,No,52.58347676419971,19.9
UBCG-MB-M-LCR_04,MB-M-LCR_04,UBCG-MB-M-LCR,Ubc gaica,Ubc gaica mbd,2024-08-31,24,2024,8,31,244,5,06:37:00,00:05:00,4,3,2,Early,2,1,"Yuri Rosero-Mora, Robert Rodriguez",Light,Despejado,No,52.58347676419971,19.9
UBCG-MB-M-LCR_04,MB-M-LCR_04,UBCG-MB-M-LCR,Ubc gaica,Ubc gaica mbd,2024-09-01,24,2024,9,1,245,6,10:49:00,00:05:00,4,3,3,Early,3,1,"Yuri Rosero-Mora, Robert Rodriguez",Moderate,Brisa,No,52.58347676419971,19.9
UBCG-MB-M-LP1_01,MB-M-LP1_01,UBCG-MB-M-LP1,Ubc gaica,Ubc gaica mbd,2024-09-02,24,2024,9,2,246,7,06:58:00,00:05:00,3,3,1,Early,1,1,"Yuri Rosero-Mora, Robert Rodriguez",None,Nublado,No,28.54750797937662,23.8
UBCG-MB-M-LP1_01,MB-M-LP1_01,UBCG-MB-M-LP1,Ubc gaica,Ubc gaica mbd,2024-09-03,24,2024,9,3,247,8,08:15:00,00:05:00,3,3,2,Early,2,1,"Yuri Rosero-Mora, Robert Rodriguez",Light,Despejado,No,28.54750797937662,23.8
UBCG-MB-M-LP1_01,MB-M-LP1_01,UBCG-MB-M-LP1,Ubc gaica,Ubc gaica mbd,2024-09-04,24,2024,9,4,248,9,07:25:00,00:05:00,3,3,3,Early,3,1,"Yuri Rosero-Mora, Robert Rodriguez",Light,Despejado,No,28.54750797937662,23.8
UBCG-MB-M-LP1_02,MB-M-LP1_02,UBCG-MB-M-LP1,Ubc gaica,Ubc gaica mbd,2024-09-02,24,2024,9,2,246,7,07:26:00,00:05:00,3,3,1,Early,1,1,"Yuri Rosero-Mora, Robert Rodriguez",Light,Nublado,No,28.7631191760668,22.3
UBCG-MB-M-LP1_02,MB-M-LP1_02,UBCG-MB-M-LP1,Ubc gaica,Ubc gaica mbd,2024-09-03,24,2024,9,3,247,8,06:28:00,00:05:00,3,3,2,Early,2,1,"Yuri Rosero-Mora, Robert Rodriguez",Moderate,Despejado,No,28.7631191760668,22.3
UBCG-MB-M-LP1_02,MB-M-LP1_02,UBCG-MB-M-LP1,Ubc gaica,Ubc gaica mbd,2024-09-04,24,2024,9,4,248,9,07:44:00,00:05:00,3,3,3,Early,3,1,"Yuri Rosero-Mora, Robert Rodriguez",Light,Despejado,No,28.7631191760668,22.3
UBCG-MB-M-LP1_03,MB-M-LP1_03,UBCG-MB-M-LP1,Ubc gaica,Ubc gaica mbd,2024-09-02,24,2024,9,2,246,7,06:23:00,00:05:00,3,3,1,Early,1,1,"Yuri Rosero-Mora, Robert Rodriguez",Light,Nublado,No,27.98674521354924,18.1
UBCG-MB-M-LP1_03,MB-M-LP1_03,UBCG-MB-M-LP1,Ubc gaica,Ubc gaica mbd,2024-09-03,24,2024,9,3,247,8,07:51:00,00:05:00,3,3,2,Early,2,1,"Yuri Rosero-Mora, Robert Rodriguez",Light,Despejado,No,27.98674521354924,18.1
UBCG-MB-M-LP1_03,MB-M-LP1_03,UBCG-MB-M-LP1,Ubc gaica,Ubc gaica mbd,2024-09-04,24,2024,9,4,248,9,07:05:00,00:05:00,3,3,3,Early,3,1,"Yuri Rosero-Mora, Robert Rodriguez",Light,Despejado,No,27.98674521354924,18.1
UBCG-MB-M-LP1_04,MB-M-LP1_04,UBCG-MB-M-LP1,Ubc gaica,Ubc gaica mbd,2024-09-02,24,2024,9,2,246,7,07:52:00,00:05:00,3,3,1,Early,1,1,"Yuri Rosero-Mora, Robert Rodriguez",Light,Nublado,No,29.822735084704156,18.7
UBCG-MB-M-LP1_04,MB-M-LP1_04,UBCG-MB-M-LP1,Ubc gaica,Ubc gaica mbd,2024-09-03,24,2024,9,3,247,8,06:45:00,00:05:00,3,3,2,Early,2,1,"Yuri Rosero-Mora, Robert Rodriguez",Light,Despejado,No,29.822735084704156,18.7
UBCG-MB-M-LP1_04,MB-M-LP1_04,UBCG-MB-M-LP1,Ubc gaica,Ubc gaica mbd,2024-09-04,24,2024,9,4,248,9,08:03:00,00:05:00,3,3,3,Early,3,1,"Yuri Rosero-Mora, Robert Rodriguez",Light,Despejado,No,29.822735084704156,18.7
UBCG-MB-M-LP1_05,MB-M-LP1_05,UBCG-MB-M-LP1,Ubc gaica,Ubc gaica mbd,2024-09-02,24,2024,9,2,246,7,08:15:00,00:00:00,3,3,1,Early,1,1,"Yuri Rosero-Mora, Robert Rodriguez",Moderate,Despejado,No,29.53966699314411,20
UBCG-MB-M-LP1_05,MB-M-LP1_05,UBCG-MB-M-LP1,Ubc gaica,Ubc gaica mbd,2024-09-03,24,2024,9,3,247,8,07:02:00,00:05:00,3,3,2,Early,2,1,"Yuri Rosero-Mora, Robert Rodriguez",Moderate,Despejado,No,29.53966699314411,20
UBCG-MB-M-LP1_05,MB-M-LP1_05,UBCG-MB-M-LP1,Ubc gaica,Ubc gaica mbd,2024-09-04,24,2024,9,4,248,9,06:21:00,00:05:00,3,3,3,Early,3,1,"Yuri Rosero-Mora, Robert Rodriguez",Moderate,Despejado,No,29.53966699314411,20
UBCG-MB-M-LP1_06,MB-M-LP1_06,UBCG-MB-M-LP1,Ubc gaica,Ubc gaica mbd,2024-09-02,24,2024,9,2,246,7,08:43:00,00:00:00,3,3,1,Early,1,1,"Yuri Rosero-Mora, Robert Rodriguez",Moderate,Despejado,No,27.96645445641523,22.1
UBCG-MB-M-LP1_06,MB-M-LP1_06,UBCG-MB-M-LP1,Ubc gaica,Ubc gaica mbd,2024-09-03,24,2024,9,3,247,8,07:20:00,00:05:00,3,3,2,Early,2,1,"Yuri Rosero-Mora, Robert Rodriguez",Light,Despejado,No,27.96645445641523,22.1
UBCG-MB-M-LP1_06,MB-M-LP1_06,UBCG-MB-M-LP1,Ubc gaica,Ubc gaica mbd,2024-09-04,24,2024,9,4,248,9,06:40:00,00:05:00,3,3,3,Early,3,1,"Yuri Rosero-Mora, Robert Rodriguez",Light,Despejado,No,27.96645445641523,22.1
UBCG-MB-Q-ECOR_01,MB-Q-ECOR_01,UBCG-MB-Q-ECOR,Ubc gaica,Ubc gaica mbd,2024-06-01,24,2024,6,1,153,4,05:58:00,00:05:00,3,3,1,Early,1,1,"Yuri Rosero-Mora, Robert Rodriguez",Light,Despejado,No,67.39534313725505,19.8
UBCG-MB-Q-ECOR_01,MB-Q-ECOR_01,UBCG-MB-Q-ECOR,Ubc gaica,Ubc gaica mbd,2024-06-02,24,2024,6,2,154,5,09:22:00,00:05:00,3,3,2,Early,2,1,"Yuri Rosero-Mora, Robert Rodriguez",Light,Brisa,No,67.39534313725505,19.8
UBCG-MB-Q-ECOR_01,MB-Q-ECOR_01,UBCG-MB-Q-ECOR,Ubc gaica,Ubc gaica mbd,2024-06-03,24,2024,6,3,155,6,07:28:00,00:05:00,3,3,3,Early,3,1,"Yuri Rosero-Mora, Robert Rodriguez",Light,Nublado,No,67.39534313725505,19.8
UBCG-MB-Q-ECOR_02,MB-Q-ECOR_02,UBCG-MB-Q-ECOR,Ubc gaica,Ubc gaica mbd,2024-06-01,24,2024,6,1,153,4,06:40:00,00:05:00,3,3,1,Early,1,1,"Yuri Rosero-Mora, Robert Rodriguez",None,Despejado,No,67.73566878980876,26.4
UBCG-MB-Q-ECOR_02,MB-Q-ECOR_02,UBCG-MB-Q-ECOR,Ubc gaica,Ubc gaica mbd,2024-06-02,24,2024,6,2,154,5,08:42:00,00:05:00,3,3,2,Early,2,1,"Yuri Rosero-Mora, Robert Rodriguez",Light,Despejado,No,67.73566878980876,26.4
UBCG-MB-Q-ECOR_02,MB-Q-ECOR_02,UBCG-MB-Q-ECOR,Ubc gaica,Ubc gaica mbd,2024-06-03,24,2024,6,3,155,6,07:56:00,00:05:00,3,3,3,Early,3,1,"Yuri Rosero-Mora, Robert Rodriguez",None,Nublado,No,67.73566878980876,26.4
UBCG-MB-Q-ECOR_03,MB-Q-ECOR_03,UBCG-MB-Q-ECOR,Ubc gaica,Ubc gaica mbd,2024-06-01,24,2024,6,1,153,4,10:30:00,00:05:00,3,3,1,Early,1,1,"Yuri Rosero-Mora, Robert Rodriguez",Moderate,Brisa,No,70.80396961529043,23.7
UBCG-MB-Q-ECOR_03,MB-Q-ECOR_03,UBCG-MB-Q-ECOR,Ubc gaica,Ubc gaica mbd,2024-06-02,24,2024,6,2,154,5,07:36:00,00:08:00,3,3,2,Early,2,1,"Yuri Rosero-Mora, Robert Rodriguez",Light,Despejado,No,70.80396961529043,23.7
UBCG-MB-Q-ECOR_03,MB-Q-ECOR_03,UBCG-MB-Q-ECOR,Ubc gaica,Ubc gaica mbd,2024-06-03,24,2024,6,3,155,6,06:19:00,00:05:00,3,3,3,Early,3,1,"Yuri Rosero-Mora, Robert Rodriguez",Light,Nublado,No,70.80396961529043,23.7
UBCG-MB-Q-ECOR_04,MB-Q-ECOR_04,UBCG-MB-Q-ECOR,Ubc gaica,Ubc gaica mbd,2024-06-01,24,2024,6,1,153,4,09:55:00,00:05:00,3,3,1,Early,1,1,"Yuri Rosero-Mora, Robert Rodriguez",Loud,Brisa,No,73.61498897869217,26.4
UBCG-MB-Q-ECOR_04,MB-Q-ECOR_04,UBCG-MB-Q-ECOR,Ubc gaica,Ubc gaica mbd,2024-06-02,24,2024,6,2,154,5,08:02:00,00:05:00,3,3,2,Early,2,1,"Yuri Rosero-Mora, Robert Rodriguez",Moderate,Despejado,No,73.61498897869217,26.4
UBCG-MB-Q-ECOR_04,MB-Q-ECOR_04,UBCG-MB-Q-ECOR,Ubc gaica,Ubc gaica mbd,2024-06-03,24,2024,6,3,155,6,06:49:00,00:05:00,3,3,3,Early,3,1,"Yuri Rosero-Mora, Robert Rodriguez",Moderate,Nublado,No,73.61498897869217,26.4
UBCG-MB-Q-ECOR_05,MB-Q-ECOR_05,UBCG-MB-Q-ECOR,Ubc gaica,Ubc gaica mbd,2024-06-01,24,2024,6,1,153,4,08:13:00,00:05:00,3,3,1,Early,1,1,"Yuri Rosero-Mora, Robert Rodriguez",None,Despejado,No,68.4292013718763,21.2
UBCG-MB-Q-ECOR_05,MB-Q-ECOR_05,UBCG-MB-Q-ECOR,Ubc gaica,Ubc gaica mbd,2024-06-02,24,2024,6,2,154,5,06:52:00,00:05:00,3,3,2,Early,2,1,"Yuri Rosero-Mora, Robert Rodriguez",None,Despejado,No,68.4292013718763,21.2
UBCG-MB-Q-ECOR_05,MB-Q-ECOR_05,UBCG-MB-Q-ECOR,Ubc gaica,Ubc gaica mbd,2024-06-03,24,2024,6,3,155,6,09:08:00,00:05:00,3,3,3,Early,3,1,"Yuri Rosero-Mora, Robert Rodriguez",None,Despejado,No,68.4292013718763,21.2
UBCG-MB-Q-ECOR_06,MB-Q-ECOR_06,UBCG-MB-Q-ECOR,Ubc gaica,Ubc gaica mbd,2024-06-01,24,2024,6,1,153,4,07:23:00,00:05:00,3,3,1,Early,1,1,"Yuri Rosero-Mora, Robert Rodriguez",Light,Despejado,No,68.14849301641743,20
UBCG-MB-Q-ECOR_06,MB-Q-ECOR_06,UBCG-MB-Q-ECOR,Ubc gaica,Ubc gaica mbd,2024-06-02,24,2024,6,2,154,5,06:07:00,00:05:00,3,3,2,Early,2,1,"Yuri Rosero-Mora, Robert Rodriguez",Light,Despejado,No,68.14849301641743,20
UBCG-MB-Q-ECOR_06,MB-Q-ECOR_06,UBCG-MB-Q-ECOR,Ubc gaica,Ubc gaica mbd,2024-06-03,24,2024,6,3,155,6,08:26:00,00:05:00,3,3,3,Early,3,1,"Yuri Rosero-Mora, Robert Rodriguez",Light,Despejado,No,68.14849301641743,20
UBCG-MB-Q-LCA_01,MB-Q-LCA_01,UBCG-MB-Q-LCA,Ubc gaica,Ubc gaica mbd,2024-05-30,24,2024,5,30,151,2,10:35:00,00:05:00,3,3,1,Early,1,1,"Yuri Rosero-Mora, Robert Rodriguez",Moderate,Brisa,Yes,65.0511878520693,19.7
UBCG-MB-Q-LCA_01,MB-Q-LCA_01,UBCG-MB-Q-LCA,Ubc gaica,Ubc gaica mbd,2024-05-31,24,2024,5,31,152,3,08:55:00,00:05:00,3,3,2,Early,2,1,"Yuri Rosero-Mora, Robert Rodriguez",Loud,Despejado,Yes,65.0511878520693,19.7
UBCG-MB-Q-LCA_01,MB-Q-LCA_01,UBCG-MB-Q-LCA,Ubc gaica,Ubc gaica mbd,2024-06-07,24,2024,6,7,159,10,06:38:00,00:05:00,3,3,3,Early,3,1,"Yuri Rosero-Mora, Robert Rodriguez",Moderate,Despejado,No,65.0511878520693,19.7
UBCG-MB-Q-LCA_02,MB-Q-LCA_02,UBCG-MB-Q-LCA,Ubc gaica,Ubc gaica mbd,2024-05-30,24,2024,5,30,151,2,10:03:00,00:05:00,3,3,1,Early,1,1,"Yuri Rosero-Mora, Robert Rodriguez",Light,Brisa,No,65.16029411764711,27.5
UBCG-MB-Q-LCA_02,MB-Q-LCA_02,UBCG-MB-Q-LCA,Ubc gaica,Ubc gaica mbd,2024-05-31,24,2024,5,31,152,3,08:29:00,00:07:00,3,3,2,Early,2,1,"Yuri Rosero-Mora, Robert Rodriguez",Light,Brisa,No,65.16029411764711,27.5
UBCG-MB-Q-LCA_02,MB-Q-LCA_02,UBCG-MB-Q-LCA,Ubc gaica,Ubc gaica mbd,2024-06-07,24,2024,6,7,159,10,07:07:00,00:05:00,3,3,3,Early,3,1,"Yuri Rosero-Mora, Robert Rodriguez",Light,Despejado,No,65.16029411764711,27.5
UBCG-MB-Q-PORT_01,MB-Q-PORT_01,UBCG-MB-Q-PORT,Ubc gaica,Ubc gaica mbd,2024-05-29,24,2024,5,29,150,1,07:32:00,00:05:00,3,3,1,Early,1,1,"Yuri Rosero-Mora, Robert Rodriguez",NA,Despejado,NA,66.36664217487159,20.9
UBCG-MB-Q-PORT_01,MB-Q-PORT_01,UBCG-MB-Q-PORT,Ubc gaica,Ubc gaica mbd,2024-05-30,24,2024,5,30,151,2,05:44:00,00:05:00,3,3,2,Early,2,1,"Yuri Rosero-Mora, Robert Rodriguez",Moderate,Nublado,Yes,66.36664217487159,20.9
UBCG-MB-Q-PORT_01,MB-Q-PORT_01,UBCG-MB-Q-PORT,Ubc gaica,Ubc gaica mbd,2024-05-31,24,2024,5,31,152,3,09:50:00,00:05:00,3,3,3,Early,3,1,"Yuri Rosero-Mora, Robert Rodriguez",Light,Llovizna,Yes,66.36664217487159,20.9
UBCG-MB-Q-PORT_02,MB-Q-PORT_02,UBCG-MB-Q-PORT,Ubc gaica,Ubc gaica mbd,2024-05-29,24,2024,5,29,150,1,08:02:00,00:00:00,3,3,1,Early,1,1,"Yuri Rosero-Mora, Robert Rodriguez",NA,NA,NA,67.02431237721105,26.6
UBCG-MB-Q-PORT_02,MB-Q-PORT_02,UBCG-MB-Q-PORT,Ubc gaica,Ubc gaica mbd,2024-05-30,24,2024,5,30,151,2,06:10:00,00:05:00,3,3,2,Early,2,1,"Yuri Rosero-Mora, Robert Rodriguez",Light,Nublado,No,67.02431237721105,26.6
UBCG-MB-Q-PORT_02,MB-Q-PORT_02,UBCG-MB-Q-PORT,Ubc gaica,Ubc gaica mbd,2024-05-31,24,2024,5,31,152,3,10:10:00,00:05:00,3,3,3,Early,3,1,"Yuri Rosero-Mora, Robert Rodriguez",Light,Brisa,No,67.02431237721105,26.6
UBCG-MB-Q-PORT_03,MB-Q-PORT_03,UBCG-MB-Q-PORT,Ubc gaica,Ubc gaica mbd,2024-05-29,24,2024,5,29,150,1,08:23:00,00:05:00,3,3,1,Early,1,1,"Yuri Rosero-Mora, Robert Rodriguez",NA,Despejado,NA,66.45040411462205,26.7
UBCG-MB-Q-PORT_03,MB-Q-PORT_03,UBCG-MB-Q-PORT,Ubc gaica,Ubc gaica mbd,2024-05-30,24,2024,5,30,151,2,06:46:00,00:05:00,3,3,2,Early,2,1,"Yuri Rosero-Mora, Robert Rodriguez",Light,Nublado,No,66.45040411462205,26.7
UBCG-MB-Q-PORT_03,MB-Q-PORT_03,UBCG-MB-Q-PORT,Ubc gaica,Ubc gaica mbd,2024-05-31,24,2024,5,31,152,3,10:30:00,00:00:00,3,3,3,Early,3,1,"Yuri Rosero-Mora, Robert Rodriguez",Moderate,Brisa,No,66.45040411462205,26.7
UBCG-MB-Q-PORT_04,MB-Q-PORT_04,UBCG-MB-Q-PORT,Ubc gaica,Ubc gaica mbd,2024-05-29,24,2024,5,29,150,1,08:52:00,00:05:00,3,3,1,Early,1,1,"Yuri Rosero-Mora, Robert Rodriguez",NA,Despejado,NA,67.99705738106908,26.6
UBCG-MB-Q-PORT_04,MB-Q-PORT_04,UBCG-MB-Q-PORT,Ubc gaica,Ubc gaica mbd,2024-05-30,24,2024,5,30,151,2,07:16:00,00:05:00,3,3,2,Early,2,1,"Yuri Rosero-Mora, Robert Rodriguez",Light,Nublado,No,67.99705738106908,26.6
UBCG-MB-Q-PORT_04,MB-Q-PORT_04,UBCG-MB-Q-PORT,Ubc gaica,Ubc gaica mbd,2024-05-31,24,2024,5,31,152,3,07:19:00,00:05:00,3,3,3,Early,3,1,"Yuri Rosero-Mora, Robert Rodriguez",Light,Nublado,No,67.99705738106908,26.6
UBCG-MB-Q-PORT_05,MB-Q-PORT_05,UBCG-MB-Q-PORT,Ubc gaica,Ubc gaica mbd,2024-05-29,24,2024,5,29,150,1,09:18:00,00:05:00,3,3,1,Early,1,1,"Yuri Rosero-Mora, Robert Rodriguez",NA,Despejado,NA,71.27724712221516,27.1
UBCG-MB-Q-PORT_05,MB-Q-PORT_05,UBCG-MB-Q-PORT,Ubc gaica,Ubc gaica mbd,2024-05-30,24,2024,5,30,151,2,07:42:00,00:05:00,3,3,2,Early,2,1,"Yuri Rosero-Mora, Robert Rodriguez",Light,Nublado,No,71.27724712221516,27.1
UBCG-MB-Q-PORT_05,MB-Q-PORT_05,UBCG-MB-Q-PORT,Ubc gaica,Ubc gaica mbd,2024-05-31,24,2024,5,31,152,3,06:58:00,00:05:00,3,3,3,Early,3,1,"Yuri Rosero-Mora, Robert Rodriguez",Light,Brisa,No,71.27724712221516,27.1
UBCG-MB-Q-PORT_06,MB-Q-PORT_06,UBCG-MB-Q-PORT,Ubc gaica,Ubc gaica mbd,2024-05-29,24,2024,5,29,150,1,10:11:00,00:05:00,3,3,1,Early,1,1,"Yuri Rosero-Mora, Robert Rodriguez",NA,Despejado,NA,72.67851016907582,27.5
UBCG-MB-Q-PORT_06,MB-Q-PORT_06,UBCG-MB-Q-PORT,Ubc gaica,Ubc gaica mbd,2024-05-30,24,2024,5,30,151,2,08:18:00,00:13:00,3,3,2,Early,2,1,"Yuri Rosero-Mora, Robert Rodriguez",Light,Nublado,No,72.67851016907582,27.5
UBCG-MB-Q-PORT_06,MB-Q-PORT_06,UBCG-MB-Q-PORT,Ubc gaica,Ubc gaica mbd,2024-05-31,24,2024,5,31,152,3,06:15:00,00:05:00,3,3,3,Early,3,1,"Yuri Rosero-Mora, Robert Rodriguez",Light,Nublado,No,72.67851016907582,27.5
UBCG-MB-R-OQ_01,MB-R-OQ_01,UBCG-MB-R-OQ,Ubc gaica,Ubc gaica mbd,2024-06-04,24,2024,6,4,156,7,06:32:00,00:05:00,1,3,1,Early,1,1,"Yuri Rosero-Mora, Robert Rodriguez",Light,Nublado,No,95.65873988722724,26.2
UBCG-MB-R-OQ_01,MB-R-OQ_01,UBCG-MB-R-OQ,Ubc gaica,Ubc gaica mbd,2024-06-05,24,2024,6,5,157,8,09:43:00,00:05:00,1,3,2,Early,2,1,"Yuri Rosero-Mora, Robert Rodriguez",Light,Nublado,No,95.65873988722724,26.2
UBCG-MB-R-OQ_01,MB-R-OQ_01,UBCG-MB-R-OQ,Ubc gaica,Ubc gaica mbd,2024-06-06,24,2024,6,6,158,9,09:09:00,00:05:00,1,3,3,Early,3,1,"Yuri Rosero-Mora, Robert Rodriguez",Light,Nublado,No,95.65873988722724,26.2
UBCG-MB-R-OQ_02,MB-R-OQ_02,UBCG-MB-R-OQ,Ubc gaica,Ubc gaica mbd,2024-06-04,24,2024,6,4,156,7,07:03:00,00:05:00,1,3,1,Early,1,1,"Yuri Rosero-Mora, Robert Rodriguez",Moderate,Llovizna,No,95.61391474767272,22.8
UBCG-MB-R-OQ_02,MB-R-OQ_02,UBCG-MB-R-OQ,Ubc gaica,Ubc gaica mbd,2024-06-05,24,2024,6,5,157,8,10:04:00,00:05:00,1,3,2,Early,2,1,"Yuri Rosero-Mora, Robert Rodriguez",Light,Llovizna,No,95.61391474767272,22.8
UBCG-MB-R-OQ_02,MB-R-OQ_02,UBCG-MB-R-OQ,Ubc gaica,Ubc gaica mbd,2024-06-06,24,2024,6,6,158,9,08:49:00,00:05:00,1,3,3,Early,3,1,"Yuri Rosero-Mora, Robert Rodriguez",None,Nublado,No,95.61391474767272,22.8
UBCG-MB-R-OQ_03,MB-R-OQ_03,UBCG-MB-R-OQ,Ubc gaica,Ubc gaica mbd,2024-06-04,24,2024,6,4,156,7,07:38:00,00:05:00,1,3,1,Early,1,1,"Yuri Rosero-Mora, Robert Rodriguez",Light,Nublado,No,95.4985315712188,24.5
UBCG-MB-R-OQ_03,MB-R-OQ_03,UBCG-MB-R-OQ,Ubc gaica,Ubc gaica mbd,2024-06-05,24,2024,6,5,157,8,10:53:00,00:05:00,1,3,2,Early,2,1,"Yuri Rosero-Mora, Robert Rodriguez",Moderate,Nublado,No,95.4985315712188,24.5
UBCG-MB-R-OQ_03,MB-R-OQ_03,UBCG-MB-R-OQ,Ubc gaica,Ubc gaica mbd,2024-06-06,24,2024,6,6,158,9,09:33:00,00:05:00,1,3,3,Early,3,1,"Yuri Rosero-Mora, Robert Rodriguez",Light,Nublado,No,95.4985315712188,24.5
UBCG-MB-R-OQ_04,MB-R-OQ_04,UBCG-MB-R-OQ,Ubc gaica,Ubc gaica mbd,2024-06-04,24,2024,6,4,156,7,08:13:00,00:05:00,1,3,1,Early,1,1,"Yuri Rosero-Mora, Robert Rodriguez",Moderate,Nublado,No,94.91542044618772,25
UBCG-MB-R-OQ_04,MB-R-OQ_04,UBCG-MB-R-OQ,Ubc gaica,Ubc gaica mbd,2024-06-05,24,2024,6,5,157,8,05:52:00,00:05:00,1,3,2,Early,2,1,"Yuri Rosero-Mora, Robert Rodriguez",Light,Nublado,No,94.91542044618772,25
UBCG-MB-R-OQ_04,MB-R-OQ_04,UBCG-MB-R-OQ,Ubc gaica,Ubc gaica mbd,2024-06-06,24,2024,6,6,158,9,11:07:00,00:05:00,1,3,3,Early,3,1,"Yuri Rosero-Mora, Robert Rodriguez",Moderate,Llovizna,No,94.91542044618772,25
UBCG-MB-R-OQ_05,MB-R-OQ_05,UBCG-MB-R-OQ,Ubc gaica,Ubc gaica mbd,2024-06-04,24,2024,6,4,156,7,08:40:00,00:05:00,1,3,1,Early,1,1,"Yuri Rosero-Mora, Robert Rodriguez",Light,Despejado,No,95.30950048971602,22.3
UBCG-MB-R-OQ_05,MB-R-OQ_05,UBCG-MB-R-OQ,Ubc gaica,Ubc gaica mbd,2024-06-05,24,2024,6,5,157,8,06:20:00,00:05:00,1,3,2,Early,2,1,"Yuri Rosero-Mora, Robert Rodriguez",Light,Nublado,No,95.30950048971602,22.3
UBCG-MB-R-OQ_05,MB-R-OQ_05,UBCG-MB-R-OQ,Ubc gaica,Ubc gaica mbd,2024-06-06,24,2024,6,6,158,9,10:20:00,00:05:00,1,3,3,Early,3,1,"Yuri Rosero-Mora, Robert Rodriguez",Light,Nublado,No,95.30950048971602,22.3
UBCG-MB-R-OQ_06,MB-R-OQ_06,UBCG-MB-R-OQ,Ubc gaica,Ubc gaica mbd,2024-06-04,24,2024,6,4,156,7,09:46:00,00:05:00,1,3,1,Early,1,1,"Yuri Rosero-Mora, Robert Rodriguez",Moderate,Nublado,No,95.7938220151998,26.6
UBCG-MB-R-OQ_06,MB-R-OQ_06,UBCG-MB-R-OQ,Ubc gaica,Ubc gaica mbd,2024-06-05,24,2024,6,5,157,8,07:01:00,00:05:00,1,3,2,Early,2,1,"Yuri Rosero-Mora, Robert Rodriguez",Light,Nublado,No,95.7938220151998,26.6
UBCG-MB-R-OQ_06,MB-R-OQ_06,UBCG-MB-R-OQ,Ubc gaica,Ubc gaica mbd,2024-06-06,24,2024,6,6,158,9,05:44:00,00:05:00,1,3,3,Early,3,1,"Yuri Rosero-Mora, Robert Rodriguez",Light,Nublado,No,95.7938220151998,26.6
UBCG-MB-R-OQ_07,MB-R-OQ_07,UBCG-MB-R-OQ,Ubc gaica,Ubc gaica mbd,2024-06-04,24,2024,6,4,156,7,10:10:00,00:05:00,1,3,1,Early,1,1,"Yuri Rosero-Mora, Robert Rodriguez",Light,Brisa,No,95.55304518664047,23.2
UBCG-MB-R-OQ_07,MB-R-OQ_07,UBCG-MB-R-OQ,Ubc gaica,Ubc gaica mbd,2024-06-05,24,2024,6,5,157,8,07:22:00,00:05:00,1,3,2,Early,2,1,"Yuri Rosero-Mora, Robert Rodriguez",Light,Nublado,No,95.55304518664047,23.2
UBCG-MB-R-OQ_07,MB-R-OQ_07,UBCG-MB-R-OQ,Ubc gaica,Ubc gaica mbd,2024-06-06,24,2024,6,6,158,9,06:11:00,00:05:00,1,3,3,Early,3,1,"Yuri Rosero-Mora, Robert Rodriguez",Light,Nublado,No,95.55304518664047,23.2
UBCG-MB-R-OQ_08,MB-R-OQ_08,UBCG-MB-R-OQ,Ubc gaica,Ubc gaica mbd,2024-06-04,24,2024,6,4,156,7,10:33:00,00:05:00,1,3,1,Early,1,1,"Yuri Rosero-Mora, Robert Rodriguez",Moderate,Nublado,No,95.48958588581232,24.8
UBCG-MB-R-OQ_08,MB-R-OQ_08,UBCG-MB-R-OQ,Ubc gaica,Ubc gaica mbd,2024-06-05,24,2024,6,5,157,8,07:52:00,00:05:00,1,3,2,Early,2,1,"Yuri Rosero-Mora, Robert Rodriguez",Light,Nublado,No,95.48958588581232,24.8
UBCG-MB-R-OQ_08,MB-R-OQ_08,UBCG-MB-R-OQ,Ubc gaica,Ubc gaica mbd,2024-06-06,24,2024,6,6,158,9,06:45:00,00:05:00,1,3,3,Early,3,1,"Yuri Rosero-Mora, Robert Rodriguez",Light,Nublado,No,95.48958588581232,24.8
UBCG-MB-R-OQ_09,MB-R-OQ_09,UBCG-MB-R-OQ,Ubc gaica,Ubc gaica mbd,2024-06-04,24,2024,6,4,156,7,10:55:00,00:05:00,1,3,1,Early,1,1,"Yuri Rosero-Mora, Robert Rodriguez",Moderate,Nublado,No,95.27847171197648,24.1
UBCG-MB-R-OQ_09,MB-R-OQ_09,UBCG-MB-R-OQ,Ubc gaica,Ubc gaica mbd,2024-06-05,24,2024,6,5,157,8,08:15:00,00:05:00,1,3,2,Early,2,1,"Yuri Rosero-Mora, Robert Rodriguez",Light,Nublado,No,95.27847171197648,24.1
UBCG-MB-R-OQ_09,MB-R-OQ_09,UBCG-MB-R-OQ,Ubc gaica,Ubc gaica mbd,2024-06-06,24,2024,6,6,158,9,07:14:00,00:05:00,1,3,3,Early,3,1,"Yuri Rosero-Mora, Robert Rodriguez",Light,Nublado,No,95.27847171197648,24.1
